id,original_filename,original_path,new_filename,output_path,extension,file_size_bytes,width,height,sha256,duplicate_exact,duplicate_visual,duplicate_group_id,title,description,primary_sector,secondary_categories,sub_sector,activity,project,partner,province,territory,locality,beneficiaries,people_type,tags,visible_text,date_taken,date_source,gps_available,confidence,classification_reason,website_category,website_slug,alt_text,caption,review_required,processing_status,error_message,original_candidate,parent_folder,file_modified,orientation,exif_available,gps_raw,perceptual_hash
67647b5a-0e56-4bd1-a4f3-b864de7f694d,DSC_0626.jpg,D:\Maquette_AFD\Banque des images AFD\Banque Images 1\All children\DSC_0626.jpg,afd_enfance_activites_enfants_site_communautaire_001.jpg,D:\Maquette_AFD\Banque des images AFD - Classees\12_enfance\afd_enfance_activites_enfants_site_communautaire_001.jpg,.jpg,1908632,4821,2774,c14a7132f9cafc559140526d2369b4214a4b3f986391bcea0bcacf0927fcc0c0,false,false,,Enfants en contexte communautaire,"Groupes d'enfants et quelques adultes visibles dans un environnement communautaire avec abris, maisons, espaces exterieurs et presence AFD sur certaines images.",enfance,protection; missions_terrain; sensibilisation,enfants_en_contexte_communautaire,activites_enfants,,,,,,enfants; communautes,enfants; femmes; personnel_afd,enfants; activite_communautaire; site_communautaire; abris; personnel_afd; mission_terrain,AFD visible sur certains vetements ou supports; banderoles visibles sur certaines images.,2026-06-25 21:10:42,exif,false,moyen,"Planche-contact verifiee: enfants en groupe, abris et contexte communautaire visibles; le dossier confirme une serie centree sur les enfants.",enfance,afd_enfance_activites_enfants_site_communautaire_001,Enfants reunis dans un contexte communautaire accompagne par l'AFD.,Enfants et membres de la communaute photographies dans un environnement communautaire avec presence de l'AFD.,false,already_exists,,true,D:\Maquette_AFD\Banque des images AFD\Banque Images 1\All children,2026-06-25T12:10:42,,true,,066759f1b5a56c53
57ac0a2a-5e33-4593-91dc-6456ea6af8c6,DSC_0627.jpg,D:\Maquette_AFD\Banque des images AFD\Banque Images 1\All children\DSC_0627.jpg,afd_enfance_activites_enfants_site_communautaire_002.jpg,D:\Maquette_AFD\Banque des images AFD - Classees\12_enfance\afd_enfance_activites_enfants_site_communautaire_002.jpg,.jpg,3114707,6016,4016,8b83e3899cafc34a8ba13c3752776836801d25f52ba71a751e9a560f32c47262,false,false,,Enfants en contexte communautaire,"Groupes d'enfants et quelques adultes visibles dans un environnement communautaire avec abris, maisons, espaces exterieurs et presence AFD sur certaines images.",enfance,protection; missions_terrain; sensibilisation,enfants_en_contexte_communautaire,activites_enfants,,,,,,enfants; communautes,enfants; femmes; personnel_afd,enfants; activite_communautaire; site_communautaire; abris; personnel_afd; mission_terrain,AFD visible sur certains vetements ou supports; banderoles visibles sur certaines images.,2026-06-25 21:10:48,exif,false,moyen,"Planche-contact verifiee: enfants en groupe, abris et contexte communautaire visibles; le dossier confirme une serie centree sur les enfants.",enfance,afd_enfance_activites_enfants_site_communautaire_002,Enfants reunis dans un contexte communautaire accompagne par l'AFD.,Enfants et membres de la communaute photographies dans un environnement communautaire avec presence de l'AFD.,false,already_exists,,true,D:\Maquette_AFD\Banque des images AFD\Banque Images 1\All children,2026-06-25T12:10:48,,true,,0c0d4e4ee6920f0f
6f261b06-b1ad-4cd7-b511-a6c356c6970f,DSC_0628.jpg,D:\Maquette_AFD\Banque des images AFD\Banque Images 1\All children\DSC_0628.jpg,afd_enfance_activites_enfants_site_communautaire_003.jpg,D:\Maquette_AFD\Banque des images AFD - Classees\12_enfance\afd_enfance_activites_enfants_site_communautaire_003.jpg,.jpg,3067366,6016,4016,9f0dc1cf36cb272960882a4ddcd7e994f834e5cc81536302123662a55bf299ec,false,false,,Enfants en contexte communautaire,"Groupes d'enfants et quelques adultes visibles dans un environnement communautaire avec abris, maisons, espaces exterieurs et presence AFD sur certaines images.",enfance,protection; missions_terrain; sensibilisation,enfants_en_contexte_communautaire,activites_enfants,,,,,,enfants; communautes,enfants; femmes; personnel_afd,enfants; activite_communautaire; site_communautaire; abris; personnel_afd; mission_terrain,AFD visible sur certains vetements ou supports; banderoles visibles sur certaines images.,2026-06-25 21:10:50,exif,false,moyen,"Planche-contact verifiee: enfants en groupe, abris et contexte communautaire visibles; le dossier confirme une serie centree sur les enfants.",enfance,afd_enfance_activites_enfants_site_communautaire_003,Enfants reunis dans un contexte communautaire accompagne par l'AFD.,Enfants et membres de la communaute photographies dans un environnement communautaire avec presence de l'AFD.,false,already_exists,,true,D:\Maquette_AFD\Banque des images AFD\Banque Images 1\All children,2026-06-25T12:10:50,,true,,0c0d6766d292270f
2d5bdae0-2f88-4d55-9424-760049d99db1,DSC_0957.jpg,D:\Maquette_AFD\Banque des images AFD\Banque Images 1\All children\DSC_0957.jpg,afd_enfance_activites_enfants_site_communautaire_004.jpg,D:\Maquette_AFD\Banque des images AFD - Classees\12_enfance\afd_enfance_activites_enfants_site_communautaire_004.jpg,.jpg,2572310,6016,4016,90c5a8055a77caa1e2d0c426746144a5239da118ebb31fe1ce5827c318d518e2,false,false,,Enfants en contexte communautaire,"Groupes d'enfants et quelques adultes visibles dans un environnement communautaire avec abris, maisons, espaces exterieurs et presence AFD sur certaines images.",enfance,protection; missions_terrain; sensibilisation,enfants_en_contexte_communautaire,activites_enfants,,,,,,enfants; communautes,enfants; femmes; personnel_afd,enfants; activite_communautaire; site_communautaire; abris; personnel_afd; mission_terrain,AFD visible sur certains vetements ou supports; banderoles visibles sur certaines images.,2026-06-29 23:31:10,exif,false,moyen,"Planche-contact verifiee: enfants en groupe, abris et contexte communautaire visibles; le dossier confirme une serie centree sur les enfants.",enfance,afd_enfance_activites_enfants_site_communautaire_004,Enfants reunis dans un contexte communautaire accompagne par l'AFD.,Enfants et membres de la communaute photographies dans un environnement communautaire avec presence de l'AFD.,false,already_exists,,true,D:\Maquette_AFD\Banque des images AFD\Banque Images 1\All children,2026-06-29T14:31:10,,true,,2939b09098d0f062
56997f98-801e-4774-be41-fee87307c9b2,DSC_0962.jpg,D:\Maquette_AFD\Banque des images AFD\Banque Images 1\All children\DSC_0962.jpg,afd_enfance_activites_enfants_site_communautaire_005.jpg,D:\Maquette_AFD\Banque des images AFD - Classees\12_enfance\afd_enfance_activites_enfants_site_communautaire_005.jpg,.jpg,2624488,6016,4016,86f766ce02dcc72fa80682997ab4dfeac0dc8fa14304a6a30efbbb4f02004493,false,false,,Enfants en contexte communautaire,"Groupes d'enfants et quelques adultes visibles dans un environnement communautaire avec abris, maisons, espaces exterieurs et presence AFD sur certaines images.",enfance,protection; missions_terrain; sensibilisation,enfants_en_contexte_communautaire,activites_enfants,,,,,,enfants; communautes,enfants; femmes; personnel_afd,enfants; activite_communautaire; site_communautaire; abris; personnel_afd; mission_terrain,AFD visible sur certains vetements ou supports; banderoles visibles sur certaines images.,2026-06-29 23:31:24,exif,false,moyen,"Planche-contact verifiee: enfants en groupe, abris et contexte communautaire visibles; le dossier confirme une serie centree sur les enfants.",enfance,afd_enfance_activites_enfants_site_communautaire_005,Enfants reunis dans un contexte communautaire accompagne par l'AFD.,Enfants et membres de la communaute photographies dans un environnement communautaire avec presence de l'AFD.,false,already_exists,,true,D:\Maquette_AFD\Banque des images AFD\Banque Images 1\All children,2026-06-29T14:31:24,,true,,c31320e8e0c8dcc4
7c1a6d6c-f526-45d4-9a8c-dd5d640e1a17,DSC_0964.jpg,D:\Maquette_AFD\Banque des images AFD\Banque Images 1\All children\DSC_0964.jpg,afd_enfance_activites_enfants_site_communautaire_006.jpg,D:\Maquette_AFD\Banque des images AFD - Classees\12_enfance\afd_enfance_activites_enfants_site_communautaire_006.jpg,.jpg,2944628,6016,4016,902039c582849870e2a55377de3e49de4fc58e598ddf07c64d8d1bac8574684e,false,false,,Enfants en contexte communautaire,"Groupes d'enfants et quelques adultes visibles dans un environnement communautaire avec abris, maisons, espaces exterieurs et presence AFD sur certaines images.",enfance,protection; missions_terrain; sensibilisation,enfants_en_contexte_communautaire,activites_enfants,,,,,,enfants; communautes,enfants; femmes; personnel_afd,enfants; activite_communautaire; site_communautaire; abris; personnel_afd; mission_terrain,AFD visible sur certains vetements ou supports; banderoles visibles sur certaines images.,2026-06-29 23:31:24,exif,false,moyen,"Planche-contact verifiee: enfants en groupe, abris et contexte communautaire visibles; le dossier confirme une serie centree sur les enfants.",enfance,afd_enfance_activites_enfants_site_communautaire_006,Enfants reunis dans un contexte communautaire accompagne par l'AFD.,Enfants et membres de la communaute photographies dans un environnement communautaire avec presence de l'AFD.,false,already_exists,,true,D:\Maquette_AFD\Banque des images AFD\Banque Images 1\All children,2026-06-29T14:31:24,,true,,9312f260e0c8c0f0
9f9c04c0-c5fa-4a4b-ab7f-d28ff228dc71,DSC_0970.jpg,D:\Maquette_AFD\Banque des images AFD\Banque Images 1\All children\DSC_0970.jpg,afd_enfance_activites_enfants_site_communautaire_007.jpg,D:\Maquette_AFD\Banque des images AFD - Classees\12_enfance\afd_enfance_activites_enfants_site_communautaire_007.jpg,.jpg,2326297,5331,4016,4496604f2c4638687b84b698d8127715e43d60cffbd4ead717cbf758ce8ed982,false,false,,Enfants en contexte communautaire,"Groupes d'enfants et quelques adultes visibles dans un environnement communautaire avec abris, maisons, espaces exterieurs et presence AFD sur certaines images.",enfance,protection; missions_terrain; sensibilisation,enfants_en_contexte_communautaire,activites_enfants,,,,,,enfants; communautes,enfants; femmes; personnel_afd,enfants; activite_communautaire; site_communautaire; abris; personnel_afd; mission_terrain,AFD visible sur certains vetements ou supports; banderoles visibles sur certaines images.,2026-06-29 23:31:39,exif,false,moyen,"Planche-contact verifiee: enfants en groupe, abris et contexte communautaire visibles; le dossier confirme une serie centree sur les enfants.",enfance,afd_enfance_activites_enfants_site_communautaire_007,Enfants reunis dans un contexte communautaire accompagne par l'AFD.,Enfants et membres de la communaute photographies dans un environnement communautaire avec presence de l'AFD.,false,already_exists,,true,D:\Maquette_AFD\Banque des images AFD\Banque Images 1\All children,2026-06-29T14:31:40,,true,,2661e0c0d0c8d4a0
54fc1917-3932-4af0-a64e-664cee08a367,DSC_1255.jpg,D:\Maquette_AFD\Banque des images AFD\Banque Images 1\All children\DSC_1255.jpg,afd_enfance_activites_enfants_site_communautaire_008.jpg,D:\Maquette_AFD\Banque des images AFD - Classees\12_enfance\afd_enfance_activites_enfants_site_communautaire_008.jpg,.jpg,1940937,6016,4016,f15a9f86b71935307d3a4f0f58e40f05f158ae619a658f43a3152e96e6653355,false,false,,Enfants en contexte communautaire,"Groupes d'enfants et quelques adultes visibles dans un environnement communautaire avec abris, maisons, espaces exterieurs et presence AFD sur certaines images.",enfance,protection; missions_terrain; sensibilisation,enfants_en_contexte_communautaire,activites_enfants,,,,,,enfants; communautes,enfants; femmes; personnel_afd,enfants; activite_communautaire; site_communautaire; abris; personnel_afd; mission_terrain,AFD visible sur certains vetements ou supports; banderoles visibles sur certaines images.,2026-07-04 16:50:14,exif,false,moyen,"Planche-contact verifiee: enfants en groupe, abris et contexte communautaire visibles; le dossier confirme une serie centree sur les enfants.",enfance,afd_enfance_activites_enfants_site_communautaire_008,Enfants reunis dans un contexte communautaire accompagne par l'AFD.,Enfants et membres de la communaute photographies dans un environnement communautaire avec presence de l'AFD.,false,already_exists,,true,D:\Maquette_AFD\Banque des images AFD\Banque Images 1\All children,2026-07-04T07:50:14,,true,,3624267269e9d21e
0cfb4b70-5dfd-42d8-9cb6-130bfed069d5,DSC_1257.jpg,D:\Maquette_AFD\Banque des images AFD\Banque Images 1\All children\DSC_1257.jpg,afd_enfance_activites_enfants_site_communautaire_009.jpg,D:\Maquette_AFD\Banque des images AFD - Classees\12_enfance\afd_enfance_activites_enfants_site_communautaire_009.jpg,.jpg,1927388,6016,4016,f6d28c1e2994cf177b2e45f686a45ccba7e0592d56fdae63daaf18bd4049c37b,false,false,,Enfants en contexte communautaire,"Groupes d'enfants et quelques adultes visibles dans un environnement communautaire avec abris, maisons, espaces exterieurs et presence AFD sur certaines images.",enfance,protection; missions_terrain; sensibilisation,enfants_en_contexte_communautaire,activites_enfants,,,,,,enfants; communautes,enfants; femmes; personnel_afd,enfants; activite_communautaire; site_communautaire; abris; personnel_afd; mission_terrain,AFD visible sur certains vetements ou supports; banderoles visibles sur certaines images.,2026-07-04 16:50:24,exif,false,moyen,"Planche-contact verifiee: enfants en groupe, abris et contexte communautaire visibles; le dossier confirme une serie centree sur les enfants.",enfance,afd_enfance_activites_enfants_site_communautaire_009,Enfants reunis dans un contexte communautaire accompagne par l'AFD.,Enfants et membres de la communaute photographies dans un environnement communautaire avec presence de l'AFD.,false,already_exists,,true,D:\Maquette_AFD\Banque des images AFD\Banque Images 1\All children,2026-07-04T07:50:24,,true,,4d65edede6c2d8d1
4a7978dd-e84d-45ee-8d7a-dbd75ec425c7,DSC_1258.jpg,D:\Maquette_AFD\Banque des images AFD\Banque Images 1\All children\DSC_1258.jpg,afd_enfance_activites_enfants_site_communautaire_010.jpg,D:\Maquette_AFD\Banque des images AFD - Classees\12_enfance\afd_enfance_activites_enfants_site_communautaire_010.jpg,.jpg,1489406,6016,4016,6eed15f4ff32e3bb2ad36ba08a5e0df92c577a4331ebd344fb6c237d97d0aa69,false,false,,Enfants en contexte communautaire,"Groupes d'enfants et quelques adultes visibles dans un environnement communautaire avec abris, maisons, espaces exterieurs et presence AFD sur certaines images.",enfance,protection; missions_terrain; sensibilisation,enfants_en_contexte_communautaire,activites_enfants,,,,,,enfants; communautes,enfants; femmes; personnel_afd,enfants; activite_communautaire; site_communautaire; abris; personnel_afd; mission_terrain,AFD visible sur certains vetements ou supports; banderoles visibles sur certaines images.,2026-07-04 16:50:25,exif,false,moyen,"Planche-contact verifiee: enfants en groupe, abris et contexte communautaire visibles; le dossier confirme une serie centree sur les enfants.",enfance,afd_enfance_activites_enfants_site_communautaire_010,Enfants reunis dans un contexte communautaire accompagne par l'AFD.,Enfants et membres de la communaute photographies dans un environnement communautaire avec presence de l'AFD.,false,already_exists,,true,D:\Maquette_AFD\Banque des images AFD\Banque Images 1\All children,2026-07-04T07:50:26,,true,,6de5cdede562f8d9
9bff96dc-04d9-4363-8dcd-6a1a4516cf76,DSC_1259.jpg,D:\Maquette_AFD\Banque des images AFD\Banque Images 1\All children\DSC_1259.jpg,afd_enfance_activites_enfants_site_communautaire_011.jpg,D:\Maquette_AFD\Banque des images AFD - Classees\12_enfance\afd_enfance_activites_enfants_site_communautaire_011.jpg,.jpg,1960268,6016,4016,7a425c139383b513b20f75ddd8078cb76fe30f357d3fed6e1a4c55b27687b6c7,false,false,,Enfants en contexte communautaire,"Groupes d'enfants et quelques adultes visibles dans un environnement communautaire avec abris, maisons, espaces exterieurs et presence AFD sur certaines images.",enfance,protection; missions_terrain; sensibilisation,enfants_en_contexte_communautaire,activites_enfants,,,,,,enfants; communautes,enfants; femmes; personnel_afd,enfants; activite_communautaire; site_communautaire; abris; personnel_afd; mission_terrain,AFD visible sur certains vetements ou supports; banderoles visibles sur certaines images.,2026-07-04 16:50:34,exif,false,moyen,"Planche-contact verifiee: enfants en groupe, abris et contexte communautaire visibles; le dossier confirme une serie centree sur les enfants.",enfance,afd_enfance_activites_enfants_site_communautaire_011,Enfants reunis dans un contexte communautaire accompagne par l'AFD.,Enfants et membres de la communaute photographies dans un environnement communautaire avec presence de l'AFD.,false,already_exists,,true,D:\Maquette_AFD\Banque des images AFD\Banque Images 1\All children,2026-07-04T07:50:36,,true,,6dd1d2f6f2eadad8
a05421d4-22bc-49ea-b8e9-8c2582733e86,DSC_1260.jpg,D:\Maquette_AFD\Banque des images AFD\Banque Images 1\All children\DSC_1260.jpg,afd_enfance_activites_enfants_site_communautaire_012.jpg,D:\Maquette_AFD\Banque des images AFD - Classees\12_enfance\afd_enfance_activites_enfants_site_communautaire_012.jpg,.jpg,1961081,6016,4016,e293454d6949d634a960b6107343fae0efb0ccae1e253c15228855dfaa6db04d,false,false,,Enfants en contexte communautaire,"Groupes d'enfants et quelques adultes visibles dans un environnement communautaire avec abris, maisons, espaces exterieurs et presence AFD sur certaines images.",enfance,protection; missions_terrain; sensibilisation,enfants_en_contexte_communautaire,activites_enfants,,,,,,enfants; communautes,enfants; femmes; personnel_afd,enfants; activite_communautaire; site_communautaire; abris; personnel_afd; mission_terrain,AFD visible sur certains vetements ou supports; banderoles visibles sur certaines images.,2026-07-04 16:50:36,exif,false,moyen,"Planche-contact verifiee: enfants en groupe, abris et contexte communautaire visibles; le dossier confirme une serie centree sur les enfants.",enfance,afd_enfance_activites_enfants_site_communautaire_012,Enfants reunis dans un contexte communautaire accompagne par l'AFD.,Enfants et membres de la communaute photographies dans un environnement communautaire avec presence de l'AFD.,false,already_exists,,true,D:\Maquette_AFD\Banque des images AFD\Banque Images 1\All children,2026-07-04T07:50:36,,true,,9db5a1a1a3e3e0b0
afabd1ef-786f-4313-b1f9-d8cb3e8ecd0f,DSC_1319.jpg,D:\Maquette_AFD\Banque des images AFD\Banque Images 1\All children\DSC_1319.jpg,afd_enfance_activites_enfants_site_communautaire_013.jpg,D:\Maquette_AFD\Banque des images AFD - Classees\12_enfance\afd_enfance_activites_enfants_site_communautaire_013.jpg,.jpg,1877846,6016,4016,fd37735804c264809b1bf2da9e1d7a5fd8c1d936308e98c5011e59d704da0e59,false,false,,Enfants en contexte communautaire,"Groupes d'enfants et quelques adultes visibles dans un environnement communautaire avec abris, maisons, espaces exterieurs et presence AFD sur certaines images.",enfance,protection; missions_terrain; sensibilisation,enfants_en_contexte_communautaire,activites_enfants,,,,,,enfants; communautes,enfants; femmes; personnel_afd,enfants; activite_communautaire; site_communautaire; abris; personnel_afd; mission_terrain,AFD visible sur certains vetements ou supports; banderoles visibles sur certaines images.,2026-07-07 10:54:34,exif,false,moyen,"Planche-contact verifiee: enfants en groupe, abris et contexte communautaire visibles; le dossier confirme une serie centree sur les enfants.",enfance,afd_enfance_activites_enfants_site_communautaire_013,Enfants reunis dans un contexte communautaire accompagne par l'AFD.,Enfants et membres de la communaute photographies dans un environnement communautaire avec presence de l'AFD.,false,already_exists,,true,D:\Maquette_AFD\Banque des images AFD\Banque Images 1\All children,2026-07-07T01:54:38,,true,,11c689e9243819f8
46ff5d55-03d0-42ef-93bd-a9d095cae07f,DSC_1324.jpg,D:\Maquette_AFD\Banque des images AFD\Banque Images 1\All children\DSC_1324.jpg,afd_enfance_activites_enfants_site_communautaire_014.jpg,D:\Maquette_AFD\Banque des images AFD - Classees\12_enfance\afd_enfance_activites_enfants_site_communautaire_014.jpg,.jpg,1190512,4833,4016,77ec4203b140c5df777ac6147e380d6ee73ac35fc599966040bad1dcbcdfccf8,false,false,,Enfants en contexte communautaire,"Groupes d'enfants et quelques adultes visibles dans un environnement communautaire avec abris, maisons, espaces exterieurs et presence AFD sur certaines images.",enfance,protection; missions_terrain; sensibilisation,enfants_en_contexte_communautaire,activites_enfants,,,,,,enfants; communautes,enfants; femmes; personnel_afd,enfants; activite_communautaire; site_communautaire; abris; personnel_afd; mission_terrain,AFD visible sur certains vetements ou supports; banderoles visibles sur certaines images.,2026-07-07 10:55:13,exif,false,moyen,"Planche-contact verifiee: enfants en groupe, abris et contexte communautaire visibles; le dossier confirme une serie centree sur les enfants.",enfance,afd_enfance_activites_enfants_site_communautaire_014,Enfants reunis dans un contexte communautaire accompagne par l'AFD.,Enfants et membres de la communaute photographies dans un environnement communautaire avec presence de l'AFD.,false,already_exists,,true,D:\Maquette_AFD\Banque des images AFD\Banque Images 1\All children,2026-07-07T01:55:14,,true,,a2a29ad9d9d9258b
90259056-df0f-48b2-b79f-b7c4de0f1f5a,DSC_1325.jpg,D:\Maquette_AFD\Banque des images AFD\Banque Images 1\All children\DSC_1325.jpg,afd_enfance_activites_enfants_site_communautaire_015.jpg,D:\Maquette_AFD\Banque des images AFD - Classees\12_enfance\afd_enfance_activites_enfants_site_communautaire_015.jpg,.jpg,1615805,6016,4016,a6fae898c0bf2fa622bcb99400d013b8b0326ff98f468048330e31e3974b254a,false,false,,Enfants en contexte communautaire,"Groupes d'enfants et quelques adultes visibles dans un environnement communautaire avec abris, maisons, espaces exterieurs et presence AFD sur certaines images.",enfance,protection; missions_terrain; sensibilisation,enfants_en_contexte_communautaire,activites_enfants,,,,,,enfants; communautes,enfants; femmes; personnel_afd,enfants; activite_communautaire; site_communautaire; abris; personnel_afd; mission_terrain,AFD visible sur certains vetements ou supports; banderoles visibles sur certaines images.,2026-07-07 10:55:15,exif,false,moyen,"Planche-contact verifiee: enfants en groupe, abris et contexte communautaire visibles; le dossier confirme une serie centree sur les enfants.",enfance,afd_enfance_activites_enfants_site_communautaire_015,Enfants reunis dans un contexte communautaire accompagne par l'AFD.,Enfants et membres de la communaute photographies dans un environnement communautaire avec presence de l'AFD.,false,already_exists,,true,D:\Maquette_AFD\Banque des images AFD\Banque Images 1\All children,2026-07-07T01:55:14,,true,,05cd4c85d5d0d093
8aa3b2c1-90a3-491e-8b32-4b8fa4e2285b,DSC_1326.jpg,D:\Maquette_AFD\Banque des images AFD\Banque Images 1\All children\DSC_1326.jpg,afd_enfance_activites_enfants_site_communautaire_016.jpg,D:\Maquette_AFD\Banque des images AFD - Classees\12_enfance\afd_enfance_activites_enfants_site_communautaire_016.jpg,.jpg,812383,5111,3563,31e20235830161be4f7881525d1f338a6dbb1cac41b4899c957216695e95be6c,false,false,,Enfants en contexte communautaire,"Groupes d'enfants et quelques adultes visibles dans un environnement communautaire avec abris, maisons, espaces exterieurs et presence AFD sur certaines images.",enfance,protection; missions_terrain; sensibilisation,enfants_en_contexte_communautaire,activites_enfants,,,,,,enfants; communautes,enfants; femmes; personnel_afd,enfants; activite_communautaire; site_communautaire; abris; personnel_afd; mission_terrain,AFD visible sur certains vetements ou supports; banderoles visibles sur certaines images.,2026-07-07 10:55:26,exif,false,moyen,"Planche-contact verifiee: enfants en groupe, abris et contexte communautaire visibles; le dossier confirme une serie centree sur les enfants.",enfance,afd_enfance_activites_enfants_site_communautaire_016,Enfants reunis dans un contexte communautaire accompagne par l'AFD.,Enfants et membres de la communaute photographies dans un environnement communautaire avec presence de l'AFD.,false,already_exists,,true,D:\Maquette_AFD\Banque des images AFD\Banque Images 1\All children,2026-07-07T01:55:34,,true,,220da4a4b59f8e95
35a63574-099d-4a66-980d-1c50c117bc5b,DSC_1327.jpg,D:\Maquette_AFD\Banque des images AFD\Banque Images 1\All children\DSC_1327.jpg,afd_enfance_activites_enfants_site_communautaire_017.jpg,D:\Maquette_AFD\Banque des images AFD - Classees\12_enfance\afd_enfance_activites_enfants_site_communautaire_017.jpg,.jpg,837534,6016,4016,578d8eef215a66336ca7dbc1816780895c8b5098b99476a630983fae41eeedc1,false,false,,Enfants en contexte communautaire,"Groupes d'enfants et quelques adultes visibles dans un environnement communautaire avec abris, maisons, espaces exterieurs et presence AFD sur certaines images.",enfance,protection; missions_terrain; sensibilisation,enfants_en_contexte_communautaire,activites_enfants,,,,,,enfants; communautes,enfants; femmes; personnel_afd,enfants; activite_communautaire; site_communautaire; abris; personnel_afd; mission_terrain,AFD visible sur certains vetements ou supports; banderoles visibles sur certaines images.,2026-07-07 10:55:35,exif,false,moyen,"Planche-contact verifiee: enfants en groupe, abris et contexte communautaire visibles; le dossier confirme une serie centree sur les enfants.",enfance,afd_enfance_activites_enfants_site_communautaire_017,Enfants reunis dans un contexte communautaire accompagne par l'AFD.,Enfants et membres de la communaute photographies dans un environnement communautaire avec presence de l'AFD.,false,already_exists,,true,D:\Maquette_AFD\Banque des images AFD\Banque Images 1\All children,2026-07-07T01:55:36,,true,,6d923122a2616373
fe3b6ef8-a142-4cdf-a388-bd7eaf2da58d,DSC_1328.jpg,D:\Maquette_AFD\Banque des images AFD\Banque Images 1\All children\DSC_1328.jpg,afd_enfance_activites_enfants_site_communautaire_018.jpg,D:\Maquette_AFD\Banque des images AFD - Classees\12_enfance\afd_enfance_activites_enfants_site_communautaire_018.jpg,.jpg,670729,5134,4016,b733dcfc1f370a9db9803d842748f2e1f48fbcebd61c97cdbcc25ae215812595,false,false,,Enfants en contexte communautaire,"Groupes d'enfants et quelques adultes visibles dans un environnement communautaire avec abris, maisons, espaces exterieurs et presence AFD sur certaines images.",enfance,protection; missions_terrain; sensibilisation,enfants_en_contexte_communautaire,activites_enfants,,,,,,enfants; communautes,enfants; femmes; personnel_afd,enfants; activite_communautaire; site_communautaire; abris; personnel_afd; mission_terrain,AFD visible sur certains vetements ou supports; banderoles visibles sur certaines images.,2026-07-07 10:55:58,exif,false,moyen,"Planche-contact verifiee: enfants en groupe, abris et contexte communautaire visibles; le dossier confirme une serie centree sur les enfants.",enfance,afd_enfance_activites_enfants_site_communautaire_018,Enfants reunis dans un contexte communautaire accompagne par l'AFD.,Enfants et membres de la communaute photographies dans un environnement communautaire avec presence de l'AFD.,false,already_exists,,true,D:\Maquette_AFD\Banque des images AFD\Banque Images 1\All children,2026-07-07T01:55:58,,true,,9fe1e2d3d35c2426
2a4cc941-143d-4f20-a0d2-7dcc76c45f51,DSC_1329.jpg,D:\Maquette_AFD\Banque des images AFD\Banque Images 1\All children\DSC_1329.jpg,afd_enfance_activites_enfants_site_communautaire_019.jpg,D:\Maquette_AFD\Banque des images AFD - Classees\12_enfance\afd_enfance_activites_enfants_site_communautaire_019.jpg,.jpg,1466501,6016,4016,91bb26dc760c38550fb5cf56e5f1337e4f13e1ac62546b8d7ddb1aa79fc4b133,false,false,,Enfants en contexte communautaire,"Groupes d'enfants et quelques adultes visibles dans un environnement communautaire avec abris, maisons, espaces exterieurs et presence AFD sur certaines images.",enfance,protection; missions_terrain; sensibilisation,enfants_en_contexte_communautaire,activites_enfants,,,,,,enfants; communautes,enfants; femmes; personnel_afd,enfants; activite_communautaire; site_communautaire; abris; personnel_afd; mission_terrain,AFD visible sur certains vetements ou supports; banderoles visibles sur certaines images.,2026-07-07 10:55:59,exif,false,moyen,"Planche-contact verifiee: enfants en groupe, abris et contexte communautaire visibles; le dossier confirme une serie centree sur les enfants.",enfance,afd_enfance_activites_enfants_site_communautaire_019,Enfants reunis dans un contexte communautaire accompagne par l'AFD.,Enfants et membres de la communaute photographies dans un environnement communautaire avec presence de l'AFD.,false,already_exists,,true,D:\Maquette_AFD\Banque des images AFD\Banque Images 1\All children,2026-07-07T01:55:58,,true,,272763e2e071700c
c3256b8e-9da5-4ef8-8a9c-2f20b845318e,DSC_1423.jpg,D:\Maquette_AFD\Banque des images AFD\Banque Images 1\All children\DSC_1423.jpg,afd_enfance_activites_enfants_site_communautaire_020.jpg,D:\Maquette_AFD\Banque des images AFD - Classees\12_enfance\afd_enfance_activites_enfants_site_communautaire_020.jpg,.jpg,1886678,6016,4016,8d1d1f4d209f789897221d484ea225bbb64ed7d8bd1d79cd65c2ac65b9bad522,false,false,,Enfants en contexte communautaire,"Groupes d'enfants et quelques adultes visibles dans un environnement communautaire avec abris, maisons, espaces exterieurs et presence AFD sur certaines images.",enfance,protection; missions_terrain; sensibilisation,enfants_en_contexte_communautaire,activites_enfants,,,,,,enfants; communautes,enfants; femmes; personnel_afd,enfants; activite_communautaire; site_communautaire; abris; personnel_afd; mission_terrain,AFD visible sur certains vetements ou supports; banderoles visibles sur certaines images.,2026-07-08 12:49:32,exif,false,moyen,"Planche-contact verifiee: enfants en groupe, abris et contexte communautaire visibles; le dossier confirme une serie centree sur les enfants.",enfance,afd_enfance_activites_enfants_site_communautaire_020,Enfants reunis dans un contexte communautaire accompagne par l'AFD.,Enfants et membres de la communaute photographies dans un environnement communautaire avec presence de l'AFD.,false,already_exists,,true,D:\Maquette_AFD\Banque des images AFD\Banque Images 1\All children,2026-07-08T03:49:32,,true,,2d373323321c6448
93212a15-f928-4142-97ae-75bbde41493c,DSC_1424.jpg,D:\Maquette_AFD\Banque des images AFD\Banque Images 1\All children\DSC_1424.jpg,afd_enfance_activites_enfants_site_communautaire_021.jpg,D:\Maquette_AFD\Banque des images AFD - Classees\12_enfance\afd_enfance_activites_enfants_site_communautaire_021.jpg,.jpg,729674,3475,2867,1d1be265045cdd57f6c09a5c00ce5e5ccbb8e6ffd489fde5803addf46eb43457,false,false,,Enfants en contexte communautaire,"Groupes d'enfants et quelques adultes visibles dans un environnement communautaire avec abris, maisons, espaces exterieurs et presence AFD sur certaines images.",enfance,protection; missions_terrain; sensibilisation,enfants_en_contexte_communautaire,activites_enfants,,,,,,enfants; communautes,enfants; femmes; personnel_afd,enfants; activite_communautaire; site_communautaire; abris; personnel_afd; mission_terrain,AFD visible sur certains vetements ou supports; banderoles visibles sur certaines images.,2026-07-08 12:49:38,exif,false,moyen,"Planche-contact verifiee: enfants en groupe, abris et contexte communautaire visibles; le dossier confirme une serie centree sur les enfants.",enfance,afd_enfance_activites_enfants_site_communautaire_021,Enfants reunis dans un contexte communautaire accompagne par l'AFD.,Enfants et membres de la communaute photographies dans un environnement communautaire avec presence de l'AFD.,false,already_exists,,true,D:\Maquette_AFD\Banque des images AFD\Banque Images 1\All children,2026-07-08T03:49:38,,true,,9117272167c76464
3626a2e1-fda2-4908-b5b9-1dd0f26f68b3,DSC_1425.jpg,D:\Maquette_AFD\Banque des images AFD\Banque Images 1\All children\DSC_1425.jpg,afd_enfance_activites_enfants_site_communautaire_022.jpg,D:\Maquette_AFD\Banque des images AFD - Classees\12_enfance\afd_enfance_activites_enfants_site_communautaire_022.jpg,.jpg,1668803,6016,4016,11bf3c106f38629b0a7a8bc7cfa10fbf5ccebfdf9db90c96f901c96dd9b96b7c,false,false,,Enfants en contexte communautaire,"Groupes d'enfants et quelques adultes visibles dans un environnement communautaire avec abris, maisons, espaces exterieurs et presence AFD sur certaines images.",enfance,protection; missions_terrain; sensibilisation,enfants_en_contexte_communautaire,activites_enfants,,,,,,enfants; communautes,enfants; femmes; personnel_afd,enfants; activite_communautaire; site_communautaire; abris; personnel_afd; mission_terrain,AFD visible sur certains vetements ou supports; banderoles visibles sur certaines images.,2026-07-08 12:49:42,exif,false,moyen,"Planche-contact verifiee: enfants en groupe, abris et contexte communautaire visibles; le dossier confirme une serie centree sur les enfants.",enfance,afd_enfance_activites_enfants_site_communautaire_022,Enfants reunis dans un contexte communautaire accompagne par l'AFD.,Enfants et membres de la communaute photographies dans un environnement communautaire avec presence de l'AFD.,false,already_exists,,true,D:\Maquette_AFD\Banque des images AFD\Banque Images 1\All children,2026-07-08T03:49:44,,true,,30262de9c18aaaa0
1101d288-5a95-431b-91e7-fe5d475ea7a9,DSC_1426.jpg,D:\Maquette_AFD\Banque des images AFD\Banque Images 1\All children\DSC_1426.jpg,afd_enfance_activites_enfants_site_communautaire_023.jpg,D:\Maquette_AFD\Banque des images AFD - Classees\12_enfance\afd_enfance_activites_enfants_site_communautaire_023.jpg,.jpg,1683688,6016,4016,f8079333b18aeee51b55775dc65e5e18a934b44f4f9f6034cf216408bd7caa40,false,false,,Enfants en contexte communautaire,"Groupes d'enfants et quelques adultes visibles dans un environnement communautaire avec abris, maisons, espaces exterieurs et presence AFD sur certaines images.",enfance,protection; missions_terrain; sensibilisation,enfants_en_contexte_communautaire,activites_enfants,,,,,,enfants; communautes,enfants; femmes; personnel_afd,enfants; activite_communautaire; site_communautaire; abris; personnel_afd; mission_terrain,AFD visible sur certains vetements ou supports; banderoles visibles sur certaines images.,2026-07-08 12:49:48,exif,false,moyen,"Planche-contact verifiee: enfants en groupe, abris et contexte communautaire visibles; le dossier confirme une serie centree sur les enfants.",enfance,afd_enfance_activites_enfants_site_communautaire_023,Enfants reunis dans un contexte communautaire accompagne par l'AFD.,Enfants et membres de la communaute photographies dans un environnement communautaire avec presence de l'AFD.,false,already_exists,,true,D:\Maquette_AFD\Banque des images AFD\Banque Images 1\All children,2026-07-08T03:49:48,,true,,b026a46cc08aa2a4
2e4e41c4-770a-435e-aedf-5431bb375382,DSC_1427.jpg,D:\Maquette_AFD\Banque des images AFD\Banque Images 1\All children\DSC_1427.jpg,afd_enfance_activites_enfants_site_communautaire_024.jpg,D:\Maquette_AFD\Banque des images AFD - Classees\12_enfance\afd_enfance_activites_enfants_site_communautaire_024.jpg,.jpg,1917906,6016,4016,875cc6d865b7d7912bd14da7102105dc258ef6605e3b3579bc25f2286fc4d5b0,false,false,,Enfants en contexte communautaire,"Groupes d'enfants et quelques adultes visibles dans un environnement communautaire avec abris, maisons, espaces exterieurs et presence AFD sur certaines images.",enfance,protection; missions_terrain; sensibilisation,enfants_en_contexte_communautaire,activites_enfants,,,,,,enfants; communautes,enfants; femmes; personnel_afd,enfants; activite_communautaire; site_communautaire; abris; personnel_afd; mission_terrain,AFD visible sur certains vetements ou supports; banderoles visibles sur certaines images.,2026-07-08 12:49:54,exif,false,moyen,"Planche-contact verifiee: enfants en groupe, abris et contexte communautaire visibles; le dossier confirme une serie centree sur les enfants.",enfance,afd_enfance_activites_enfants_site_communautaire_024,Enfants reunis dans un contexte communautaire accompagne par l'AFD.,Enfants et membres de la communaute photographies dans un environnement communautaire avec presence de l'AFD.,false,already_exists,,true,D:\Maquette_AFD\Banque des images AFD\Banque Images 1\All children,2026-07-08T03:49:54,,true,,f8d3b162ce496969
6e9f889f-ea39-445f-9b1c-30c2fe28d1b4,DSC_1428.jpg,D:\Maquette_AFD\Banque des images AFD\Banque Images 1\All children\DSC_1428.jpg,afd_enfance_activites_enfants_site_communautaire_025.jpg,D:\Maquette_AFD\Banque des images AFD - Classees\12_enfance\afd_enfance_activites_enfants_site_communautaire_025.jpg,.jpg,1529862,6016,4016,79061132710691ac2e1215ce4ced10efe7c787efb6bed8d1a2ad3984207a08f8,false,false,,Enfants en contexte communautaire,"Groupes d'enfants et quelques adultes visibles dans un environnement communautaire avec abris, maisons, espaces exterieurs et presence AFD sur certaines images.",enfance,protection; missions_terrain; sensibilisation,enfants_en_contexte_communautaire,activites_enfants,,,,,,enfants; communautes,enfants; femmes; personnel_afd,enfants; activite_communautaire; site_communautaire; abris; personnel_afd; mission_terrain,AFD visible sur certains vetements ou supports; banderoles visibles sur certaines images.,2026-07-08 12:49:59,exif,false,moyen,"Planche-contact verifiee: enfants en groupe, abris et contexte communautaire visibles; le dossier confirme une serie centree sur les enfants.",enfance,afd_enfance_activites_enfants_site_communautaire_025,Enfants reunis dans un contexte communautaire accompagne par l'AFD.,Enfants et membres de la communaute photographies dans un environnement communautaire avec presence de l'AFD.,false,already_exists,,true,D:\Maquette_AFD\Banque des images AFD\Banque Images 1\All children,2026-07-08T03:50:00,,true,,33173133376ceeb3
a0ef973f-a31a-4cf2-a1c2-6cafed598102,DSC_1429.jpg,D:\Maquette_AFD\Banque des images AFD\Banque Images 1\All children\DSC_1429.jpg,afd_enfance_activites_enfants_site_communautaire_026.jpg,D:\Maquette_AFD\Banque des images AFD - Classees\12_enfance\afd_enfance_activites_enfants_site_communautaire_026.jpg,.jpg,1255354,6016,4016,6cd4a68fbd67e8771d29a5c0e6b26bd5f4031852d23a65cf323dd73f18b0a85e,false,false,,Enfants en contexte communautaire,"Groupes d'enfants et quelques adultes visibles dans un environnement communautaire avec abris, maisons, espaces exterieurs et presence AFD sur certaines images.",enfance,protection; missions_terrain; sensibilisation,enfants_en_contexte_communautaire,activites_enfants,,,,,,enfants; communautes,enfants; femmes; personnel_afd,enfants; activite_communautaire; site_communautaire; abris; personnel_afd; mission_terrain,AFD visible sur certains vetements ou supports; banderoles visibles sur certaines images.,2026-07-08 12:50:04,exif,false,moyen,"Planche-contact verifiee: enfants en groupe, abris et contexte communautaire visibles; le dossier confirme une serie centree sur les enfants.",enfance,afd_enfance_activites_enfants_site_communautaire_026,Enfants reunis dans un contexte communautaire accompagne par l'AFD.,Enfants et membres de la communaute photographies dans un environnement communautaire avec presence de l'AFD.,false,already_exists,,true,D:\Maquette_AFD\Banque des images AFD\Banque Images 1\All children,2026-07-08T03:50:04,,true,,891332337745cfcb
241ada40-5cd8-45d2-8a75-bbce5d45c0d3,DSC_1431.jpg,D:\Maquette_AFD\Banque des images AFD\Banque Images 1\All children\DSC_1431.jpg,afd_enfance_activites_enfants_site_communautaire_027.jpg,D:\Maquette_AFD\Banque des images AFD - Classees\12_enfance\afd_enfance_activites_enfants_site_communautaire_027.jpg,.jpg,1351575,6016,4016,43d564d72a74af9e4192630fd9ca2a7047c2b31441ba50f314852d22e4249c47,false,false,,Enfants en contexte communautaire,"Groupes d'enfants et quelques adultes visibles dans un environnement communautaire avec abris, maisons, espaces exterieurs et presence AFD sur certaines images.",enfance,protection; missions_terrain; sensibilisation,enfants_en_contexte_communautaire,activites_enfants,,,,,,enfants; communautes,enfants; femmes; personnel_afd,enfants; activite_communautaire; site_communautaire; abris; personnel_afd; mission_terrain,AFD visible sur certains vetements ou supports; banderoles visibles sur certaines images.,2026-07-08 12:50:10,exif,false,moyen,"Planche-contact verifiee: enfants en groupe, abris et contexte communautaire visibles; le dossier confirme une serie centree sur les enfants.",enfance,afd_enfance_activites_enfants_site_communautaire_027,Enfants reunis dans un contexte communautaire accompagne par l'AFD.,Enfants et membres de la communaute photographies dans un environnement communautaire avec presence de l'AFD.,false,already_exists,,true,D:\Maquette_AFD\Banque des images AFD\Banque Images 1\All children,2026-07-08T03:50:12,,true,,594d2f1a24850919
7754e4aa-6c02-47ff-a0ed-54f886bf434e,DSC_1432.jpg,D:\Maquette_AFD\Banque des images AFD\Banque Images 1\All children\DSC_1432.jpg,afd_enfance_activites_enfants_site_communautaire_028.jpg,D:\Maquette_AFD\Banque des images AFD - Classees\12_enfance\afd_enfance_activites_enfants_site_communautaire_028.jpg,.jpg,1852911,6016,4016,25bc9a4b9a0de7c497b6700d39066c335686aef5986ee1502a69d52cd76cd08f,false,false,,Enfants en contexte communautaire,"Groupes d'enfants et quelques adultes visibles dans un environnement communautaire avec abris, maisons, espaces exterieurs et presence AFD sur certaines images.",enfance,protection; missions_terrain; sensibilisation,enfants_en_contexte_communautaire,activites_enfants,,,,,,enfants; communautes,enfants; femmes; personnel_afd,enfants; activite_communautaire; site_communautaire; abris; personnel_afd; mission_terrain,AFD visible sur certains vetements ou supports; banderoles visibles sur certaines images.,2026-07-08 12:50:15,exif,false,moyen,"Planche-contact verifiee: enfants en groupe, abris et contexte communautaire visibles; le dossier confirme une serie centree sur les enfants.",enfance,afd_enfance_activites_enfants_site_communautaire_028,Enfants reunis dans un contexte communautaire accompagne par l'AFD.,Enfants et membres de la communaute photographies dans un environnement communautaire avec presence de l'AFD.,false,already_exists,,true,D:\Maquette_AFD\Banque des images AFD\Banque Images 1\All children,2026-07-08T03:50:16,,true,,59b8d8f4a5642431
0ae828ee-c2c6-4d63-898a-26a5bf2dd67d,DSC_1433.jpg,D:\Maquette_AFD\Banque des images AFD\Banque Images 1\All children\DSC_1433.jpg,afd_enfance_activites_enfants_site_communautaire_029.jpg,D:\Maquette_AFD\Banque des images AFD - Classees\12_enfance\afd_enfance_activites_enfants_site_communautaire_029.jpg,.jpg,2431810,6016,4016,5cdd3a8898ce68177588a74b2fa743877acc8e5c1ac8d012340734aba5c2314b,false,false,,Enfants en contexte communautaire,"Groupes d'enfants et quelques adultes visibles dans un environnement communautaire avec abris, maisons, espaces exterieurs et presence AFD sur certaines images.",enfance,protection; missions_terrain; sensibilisation,enfants_en_contexte_communautaire,activites_enfants,,,,,,enfants; communautes,enfants; femmes; personnel_afd,enfants; activite_communautaire; site_communautaire; abris; personnel_afd; mission_terrain,AFD visible sur certains vetements ou supports; banderoles visibles sur certaines images.,2026-07-08 12:50:21,exif,false,moyen,"Planche-contact verifiee: enfants en groupe, abris et contexte communautaire visibles; le dossier confirme une serie centree sur les enfants.",enfance,afd_enfance_activites_enfants_site_communautaire_029,Enfants reunis dans un contexte communautaire accompagne par l'AFD.,Enfants et membres de la communaute photographies dans un environnement communautaire avec presence de l'AFD.,false,already_exists,,true,D:\Maquette_AFD\Banque des images AFD\Banque Images 1\All children,2026-07-08T03:50:22,,true,,3f34480813344b6b
9a256245-ffbe-40d9-8cc0-3a00f3e42ebc,DSC_1434.jpg,D:\Maquette_AFD\Banque des images AFD\Banque Images 1\All children\DSC_1434.jpg,afd_enfance_activites_enfants_site_communautaire_030.jpg,D:\Maquette_AFD\Banque des images AFD - Classees\12_enfance\afd_enfance_activites_enfants_site_communautaire_030.jpg,.jpg,1665720,6016,4016,4b75f7e02bb6aef1d767ff35307806054526681d314efde821f3dd8c8d1ee9d4,false,false,,Enfants en contexte communautaire,"Groupes d'enfants et quelques adultes visibles dans un environnement communautaire avec abris, maisons, espaces exterieurs et presence AFD sur certaines images.",enfance,protection; missions_terrain; sensibilisation,enfants_en_contexte_communautaire,activites_enfants,,,,,,enfants; communautes,enfants; femmes; personnel_afd,enfants; activite_communautaire; site_communautaire; abris; personnel_afd; mission_terrain,AFD visible sur certains vetements ou supports; banderoles visibles sur certaines images.,2026-07-08 12:50:26,exif,false,moyen,"Planche-contact verifiee: enfants en groupe, abris et contexte communautaire visibles; le dossier confirme une serie centree sur les enfants.",enfance,afd_enfance_activites_enfants_site_communautaire_030,Enfants reunis dans un contexte communautaire accompagne par l'AFD.,Enfants et membres de la communaute photographies dans un environnement communautaire avec presence de l'AFD.,false,already_exists,,true,D:\Maquette_AFD\Banque des images AFD\Banque Images 1\All children,2026-07-08T03:50:26,,true,,1f5b67e9c5d5c5cd
23ec2894-87ba-4a02-bc0d-aaefb5683415,DSC_1435.jpg,D:\Maquette_AFD\Banque des images AFD\Banque Images 1\All children\DSC_1435.jpg,afd_enfance_activites_enfants_site_communautaire_031.jpg,D:\Maquette_AFD\Banque des images AFD - Classees\12_enfance\afd_enfance_activites_enfants_site_communautaire_031.jpg,.jpg,1902537,6016,4016,e6c07df73b8ff4d23a2228efac41c29283a7c26e5cfa4fd3ed5f80e3713ecb17,false,false,,Enfants en contexte communautaire,"Groupes d'enfants et quelques adultes visibles dans un environnement communautaire avec abris, maisons, espaces exterieurs et presence AFD sur certaines images.",enfance,protection; missions_terrain; sensibilisation,enfants_en_contexte_communautaire,activites_enfants,,,,,,enfants; communautes,enfants; femmes; personnel_afd,enfants; activite_communautaire; site_communautaire; abris; personnel_afd; mission_terrain,AFD visible sur certains vetements ou supports; banderoles visibles sur certaines images.,2026-07-08 12:50:32,exif,false,moyen,"Planche-contact verifiee: enfants en groupe, abris et contexte communautaire visibles; le dossier confirme une serie centree sur les enfants.",enfance,afd_enfance_activites_enfants_site_communautaire_031,Enfants reunis dans un contexte communautaire accompagne par l'AFD.,Enfants et membres de la communaute photographies dans un environnement communautaire avec presence de l'AFD.,false,already_exists,,true,D:\Maquette_AFD\Banque des images AFD\Banque Images 1\All children,2026-07-08T03:50:34,,true,,0d337216964c4420
66a425b5-4533-412c-abdb-90aee260462b,DSC_1436.jpg,D:\Maquette_AFD\Banque des images AFD\Banque Images 1\All children\DSC_1436.jpg,afd_enfance_activites_enfants_site_communautaire_032.jpg,D:\Maquette_AFD\Banque des images AFD - Classees\12_enfance\afd_enfance_activites_enfants_site_communautaire_032.jpg,.jpg,2340174,6016,4016,0cea4899438f99e83525462db1946ec2825125532e000dd92fb4f7eca3ef1f4c,false,false,,Enfants en contexte communautaire,"Groupes d'enfants et quelques adultes visibles dans un environnement communautaire avec abris, maisons, espaces exterieurs et presence AFD sur certaines images.",enfance,protection; missions_terrain; sensibilisation,enfants_en_contexte_communautaire,activites_enfants,,,,,,enfants; communautes,enfants; femmes; personnel_afd,enfants; activite_communautaire; site_communautaire; abris; personnel_afd; mission_terrain,AFD visible sur certains vetements ou supports; banderoles visibles sur certaines images.,2026-07-08 12:50:37,exif,false,moyen,"Planche-contact verifiee: enfants en groupe, abris et contexte communautaire visibles; le dossier confirme une serie centree sur les enfants.",enfance,afd_enfance_activites_enfants_site_communautaire_032,Enfants reunis dans un contexte communautaire accompagne par l'AFD.,Enfants et membres de la communaute photographies dans un environnement communautaire avec presence de l'AFD.,false,already_exists,,true,D:\Maquette_AFD\Banque des images AFD\Banque Images 1\All children,2026-07-08T03:50:38,,true,,9a838484a4246878
4bef47ca-cb7a-4e27-b3b7-87c0729239ed,DSC_1832.jpg,D:\Maquette_AFD\Banque des images AFD\Banque Images 1\All children\DSC_1832.jpg,afd_enfance_activites_enfants_site_communautaire_033.jpg,D:\Maquette_AFD\Banque des images AFD - Classees\12_enfance\afd_enfance_activites_enfants_site_communautaire_033.jpg,.jpg,1619978,6016,4016,130ee2a990b82e846df0dcf853d47bd23a1a17393da8362beb43d90706d60f8b,true,true,exact_0001,Enfants en contexte communautaire,"Groupes d'enfants et quelques adultes visibles dans un environnement communautaire avec abris, maisons, espaces exterieurs et presence AFD sur certaines images.",enfance,protection; missions_terrain; sensibilisation,enfants_en_contexte_communautaire,activites_enfants,,,,,,enfants; communautes,enfants; femmes; personnel_afd,enfants; activite_communautaire; site_communautaire; abris; personnel_afd; mission_terrain,AFD visible sur certains vetements ou supports; banderoles visibles sur certaines images.,2026-07-17 02:03:20,exif,false,moyen,"Planche-contact verifiee: enfants en groupe, abris et contexte communautaire visibles; le dossier confirme une serie centree sur les enfants.",enfance,afd_enfance_activites_enfants_site_communautaire_033,Enfants reunis dans un contexte communautaire accompagne par l'AFD.,Enfants et membres de la communaute photographies dans un environnement communautaire avec presence de l'AFD.,false,already_exists,,true,D:\Maquette_AFD\Banque des images AFD\Banque Images 1\All children,2026-07-17T01:03:20,,true,,48686c24a834341c
9455dee4-67ff-4193-bf93-e0a59d741b0f,DSC_1834.jpg,D:\Maquette_AFD\Banque des images AFD\Banque Images 1\All children\DSC_1834.jpg,afd_enfance_activites_enfants_site_communautaire_034.jpg,D:\Maquette_AFD\Banque des images AFD - Classees\12_enfance\afd_enfance_activites_enfants_site_communautaire_034.jpg,.jpg,1748124,6016,4016,2633d78cc60cec9ff32bed44fa204600dd030d783ac08da24cddf5e34dc616d0,false,false,,Enfants en contexte communautaire,"Groupes d'enfants et quelques adultes visibles dans un environnement communautaire avec abris, maisons, espaces exterieurs et presence AFD sur certaines images.",enfance,protection; missions_terrain; sensibilisation,enfants_en_contexte_communautaire,activites_enfants,,,,,,enfants; communautes,enfants; femmes; personnel_afd,enfants; activite_communautaire; site_communautaire; abris; personnel_afd; mission_terrain,AFD visible sur certains vetements ou supports; banderoles visibles sur certaines images.,2026-07-17 02:03:31,exif,false,moyen,"Planche-contact verifiee: enfants en groupe, abris et contexte communautaire visibles; le dossier confirme une serie centree sur les enfants.",enfance,afd_enfance_activites_enfants_site_communautaire_034,Enfants reunis dans un contexte communautaire accompagne par l'AFD.,Enfants et membres de la communaute photographies dans un environnement communautaire avec presence de l'AFD.,false,already_exists,,true,D:\Maquette_AFD\Banque des images AFD\Banque Images 1\All children,2026-07-17T01:03:32,,true,,c969a428ac848c48
e3d12633-2938-40d6-9eb6-a9513476638a,DSC_1835.jpg,D:\Maquette_AFD\Banque des images AFD\Banque Images 1\All children\DSC_1835.jpg,afd_enfance_activites_enfants_site_communautaire_035.jpg,D:\Maquette_AFD\Banque des images AFD - Classees\12_enfance\afd_enfance_activites_enfants_site_communautaire_035.jpg,.jpg,1669704,5401,4016,8426fe9324d5d5431104f598b529b3d04c50a1466623966e81b612965563de40,false,false,,Enfants en contexte communautaire,"Groupes d'enfants et quelques adultes visibles dans un environnement communautaire avec abris, maisons, espaces exterieurs et presence AFD sur certaines images.",enfance,protection; missions_terrain; sensibilisation,enfants_en_contexte_communautaire,activites_enfants,,,,,,enfants; communautes,enfants; femmes; personnel_afd,enfants; activite_communautaire; site_communautaire; abris; personnel_afd; mission_terrain,AFD visible sur certains vetements ou supports; banderoles visibles sur certaines images.,2026-07-17 02:03:34,exif,false,moyen,"Planche-contact verifiee: enfants en groupe, abris et contexte communautaire visibles; le dossier confirme une serie centree sur les enfants.",enfance,afd_enfance_activites_enfants_site_communautaire_035,Enfants reunis dans un contexte communautaire accompagne par l'AFD.,Enfants et membres de la communaute photographies dans un environnement communautaire avec presence de l'AFD.,false,already_exists,,true,D:\Maquette_AFD\Banque des images AFD\Banque Images 1\All children,2026-07-17T01:03:34,,true,,cd24a6259696846c
d96e5002-86f4-4b11-beb1-e3cb41f8283a,DSC_1837.jpg,D:\Maquette_AFD\Banque des images AFD\Banque Images 1\All children\DSC_1837.jpg,afd_enfance_activites_enfants_site_communautaire_036.jpg,D:\Maquette_AFD\Banque des images AFD - Classees\12_enfance\afd_enfance_activites_enfants_site_communautaire_036.jpg,.jpg,1983116,6016,4016,db7bede6be0f036ac6f9fadc1218165811e1f52da249fe387190a7cad8e3ad5b,false,false,,Enfants en contexte communautaire,"Groupes d'enfants et quelques adultes visibles dans un environnement communautaire avec abris, maisons, espaces exterieurs et presence AFD sur certaines images.",enfance,protection; missions_terrain; sensibilisation,enfants_en_contexte_communautaire,activites_enfants,,,,,,enfants; communautes,enfants; femmes; personnel_afd,enfants; activite_communautaire; site_communautaire; abris; personnel_afd; mission_terrain,AFD visible sur certains vetements ou supports; banderoles visibles sur certaines images.,2026-07-17 02:03:43,exif,false,moyen,"Planche-contact verifiee: enfants en groupe, abris et contexte communautaire visibles; le dossier confirme une serie centree sur les enfants.",enfance,afd_enfance_activites_enfants_site_communautaire_036,Enfants reunis dans un contexte communautaire accompagne par l'AFD.,Enfants et membres de la communaute photographies dans un environnement communautaire avec presence de l'AFD.,false,already_exists,,true,D:\Maquette_AFD\Banque des images AFD\Banque Images 1\All children,2026-07-17T01:03:44,,true,,cad232dc94b4b047
b3d31505-1f09-4f32-bfb2-f902c1244fb6,DSC_1839.jpg,D:\Maquette_AFD\Banque des images AFD\Banque Images 1\All children\DSC_1839.jpg,afd_enfance_activites_enfants_site_communautaire_037.jpg,D:\Maquette_AFD\Banque des images AFD - Classees\12_enfance\afd_enfance_activites_enfants_site_communautaire_037.jpg,.jpg,948748,5389,4016,4c4114da843fcb8ef77ef6a5673acb9d58b7100796fdcdfca68b3e9e1d9f688f,false,false,,Enfants en contexte communautaire,"Groupes d'enfants et quelques adultes visibles dans un environnement communautaire avec abris, maisons, espaces exterieurs et presence AFD sur certaines images.",enfance,protection; missions_terrain; sensibilisation,enfants_en_contexte_communautaire,activites_enfants,,,,,,enfants; communautes,enfants; femmes; personnel_afd,enfants; activite_communautaire; site_communautaire; abris; personnel_afd; mission_terrain,AFD visible sur certains vetements ou supports; banderoles visibles sur certaines images.,2026-07-17 02:03:45,exif,false,moyen,"Planche-contact verifiee: enfants en groupe, abris et contexte communautaire visibles; le dossier confirme une serie centree sur les enfants.",enfance,afd_enfance_activites_enfants_site_communautaire_037,Enfants reunis dans un contexte communautaire accompagne par l'AFD.,Enfants et membres de la communaute photographies dans un environnement communautaire avec presence de l'AFD.,false,already_exists,,true,D:\Maquette_AFD\Banque des images AFD\Banque Images 1\All children,2026-07-17T01:03:46,,true,,1fad4d4b658de869
64711950-f687-4b68-b024-a9b520b20344,DSC_1840.jpg,D:\Maquette_AFD\Banque des images AFD\Banque Images 1\All children\DSC_1840.jpg,afd_enfance_activites_enfants_site_communautaire_038.jpg,D:\Maquette_AFD\Banque des images AFD - Classees\12_enfance\afd_enfance_activites_enfants_site_communautaire_038.jpg,.jpg,2230735,6016,4016,ab32ec41401975c7772f50d79a9363f4c1d4cce4923cabb79d669cf24a922c41,false,false,,Enfants en contexte communautaire,"Groupes d'enfants et quelques adultes visibles dans un environnement communautaire avec abris, maisons, espaces exterieurs et presence AFD sur certaines images.",enfance,protection; missions_terrain; sensibilisation,enfants_en_contexte_communautaire,activites_enfants,,,,,,enfants; communautes,enfants; femmes; personnel_afd,enfants; activite_communautaire; site_communautaire; abris; personnel_afd; mission_terrain,AFD visible sur certains vetements ou supports; banderoles visibles sur certaines images.,2026-07-17 02:03:56,exif,false,moyen,"Planche-contact verifiee: enfants en groupe, abris et contexte communautaire visibles; le dossier confirme une serie centree sur les enfants.",enfance,afd_enfance_activites_enfants_site_communautaire_038,Enfants reunis dans un contexte communautaire accompagne par l'AFD.,Enfants et membres de la communaute photographies dans un environnement communautaire avec presence de l'AFD.,false,already_exists,,true,D:\Maquette_AFD\Banque des images AFD\Banque Images 1\All children,2026-07-17T01:03:56,,true,,9a4a25206a2a1c91
14a4ae4a-0823-413f-99b9-dc9cf824caad,DSC_1842.jpg,D:\Maquette_AFD\Banque des images AFD\Banque Images 1\All children\DSC_1842.jpg,afd_enfance_activites_enfants_site_communautaire_039.jpg,D:\Maquette_AFD\Banque des images AFD - Classees\12_enfance\afd_enfance_activites_enfants_site_communautaire_039.jpg,.jpg,1181700,6016,4016,f57496d7d3046b630932d28033024428677c2fb7a34dd62eb4a60188c6f513bd,false,false,,Enfants en contexte communautaire,"Groupes d'enfants et quelques adultes visibles dans un environnement communautaire avec abris, maisons, espaces exterieurs et presence AFD sur certaines images.",enfance,protection; missions_terrain; sensibilisation,enfants_en_contexte_communautaire,activites_enfants,,,,,,enfants; communautes,enfants; femmes; personnel_afd,enfants; activite_communautaire; site_communautaire; abris; personnel_afd; mission_terrain,AFD visible sur certains vetements ou supports; banderoles visibles sur certaines images.,2026-07-17 02:03:57,exif,false,moyen,"Planche-contact verifiee: enfants en groupe, abris et contexte communautaire visibles; le dossier confirme une serie centree sur les enfants.",enfance,afd_enfance_activites_enfants_site_communautaire_039,Enfants reunis dans un contexte communautaire accompagne par l'AFD.,Enfants et membres de la communaute photographies dans un environnement communautaire avec presence de l'AFD.,false,already_exists,,true,D:\Maquette_AFD\Banque des images AFD\Banque Images 1\All children,2026-07-17T01:03:58,,true,,333271f1b1b3abec
bdba0180-d042-44fc-a769-d4dfbdc47432,DSC_1843.jpg,D:\Maquette_AFD\Banque des images AFD\Banque Images 1\All children\DSC_1843.jpg,afd_enfance_activites_enfants_site_communautaire_040.jpg,D:\Maquette_AFD\Banque des images AFD - Classees\12_enfance\afd_enfance_activites_enfants_site_communautaire_040.jpg,.jpg,1185779,6016,4016,0c8ccebb1241be6b6f82d35f1cc896b5447db9d33a8f554e119ef12d0b75b3cb,false,false,,Enfants en contexte communautaire,"Groupes d'enfants et quelques adultes visibles dans un environnement communautaire avec abris, maisons, espaces exterieurs et presence AFD sur certaines images.",enfance,protection; missions_terrain; sensibilisation,enfants_en_contexte_communautaire,activites_enfants,,,,,,enfants; communautes,enfants; femmes; personnel_afd,enfants; activite_communautaire; site_communautaire; abris; personnel_afd; mission_terrain,AFD visible sur certains vetements ou supports; banderoles visibles sur certaines images.,2026-07-17 02:04:06,exif,false,moyen,"Planche-contact verifiee: enfants en groupe, abris et contexte communautaire visibles; le dossier confirme une serie centree sur les enfants.",enfance,afd_enfance_activites_enfants_site_communautaire_040,Enfants reunis dans un contexte communautaire accompagne par l'AFD.,Enfants et membres de la communaute photographies dans un environnement communautaire avec presence de l'AFD.,false,already_exists,,true,D:\Maquette_AFD\Banque des images AFD\Banque Images 1\All children,2026-07-17T01:04:08,,true,,2765c3e3e4e56d4b
edcb2f5c-e090-483e-a2c2-0e30ab5d5101,DSC_1846.jpg,D:\Maquette_AFD\Banque des images AFD\Banque Images 1\All children\DSC_1846.jpg,afd_enfance_activites_enfants_site_communautaire_041.jpg,D:\Maquette_AFD\Banque des images AFD - Classees\12_enfance\afd_enfance_activites_enfants_site_communautaire_041.jpg,.jpg,1982630,6016,4016,3ff09a2808c63177826a9b6e0581640ed38980c1bf75dc83ccefa8703db96cfb,false,false,,Enfants en contexte communautaire,"Groupes d'enfants et quelques adultes visibles dans un environnement communautaire avec abris, maisons, espaces exterieurs et presence AFD sur certaines images.",enfance,protection; missions_terrain; sensibilisation,enfants_en_contexte_communautaire,activites_enfants,,,,,,enfants; communautes,enfants; femmes; personnel_afd,enfants; activite_communautaire; site_communautaire; abris; personnel_afd; mission_terrain,AFD visible sur certains vetements ou supports; banderoles visibles sur certaines images.,2026-07-17 02:04:09,exif,false,moyen,"Planche-contact verifiee: enfants en groupe, abris et contexte communautaire visibles; le dossier confirme une serie centree sur les enfants.",enfance,afd_enfance_activites_enfants_site_communautaire_041,Enfants reunis dans un contexte communautaire accompagne par l'AFD.,Enfants et membres de la communaute photographies dans un environnement communautaire avec presence de l'AFD.,false,already_exists,,true,D:\Maquette_AFD\Banque des images AFD\Banque Images 1\All children,2026-07-17T01:04:10,,true,,9bd130129392f155
2522321e-2c78-4f32-925e-0377c5b13dc3,DSC_1496.jpg,D:\Maquette_AFD\Banque des images AFD\Banque Images 1\Atelier de formation des prestataires de soins SALAMA\DSC_1496.jpg,afd_sante_formation_prestataires_soins_salama_001.jpg,D:\Maquette_AFD\Banque des images AFD - Classees\01_sante\afd_sante_formation_prestataires_soins_salama_001.jpg,.jpg,1218810,6016,4016,e4006c38e71c91d3612a16d06bbd8eb76e5c586167b2b8d8565561505423c231,false,false,,Formation des prestataires de soins SALAMA,"Atelier de formation en salle pour des prestataires de soins, avec participants, formateurs, documents, ordinateur, projecteur, banderole et exercices pratiques.",sante,formation; renforcement_capacites,formation_prestataires_soins,formation_prestataires_soins,SALAMA,,,,,prestataires_de_soins; communautes,personnel_sante; formateurs; participants; personnel_afd,sante; formation; renforcement_capacites; prestataires_de_soins; salle_formation; documents; presentation; banderole; equipements_protection,Banderole de formation des prestataires; references SALAMA visibles sur plusieurs images.,2026-07-10 10:16:02,exif,false,eleve,"Planche-contact verifiee: salle de formation, supports pedagogiques, participants, prestataires et exercices avec equipements de protection.",sante,afd_sante_formation_prestataires_soins_salama_001,Participants a un atelier de formation des prestataires de soins du projet SALAMA.,"Atelier de formation des prestataires de soins dans le cadre du projet SALAMA, avec sessions en salle et exercices pratiques.",false,already_exists,,true,D:\Maquette_AFD\Banque des images AFD\Banque Images 1\Atelier de formation des prestataires de soins SALAMA,2026-07-10T09:16:02,,true,,5fe66e4e62cacaeb
89f7f69e-462e-4bfe-9e5d-8fc2f615025e,DSC_1498.jpg,D:\Maquette_AFD\Banque des images AFD\Banque Images 1\Atelier de formation des prestataires de soins SALAMA\DSC_1498.jpg,afd_sante_formation_prestataires_soins_salama_002.jpg,D:\Maquette_AFD\Banque des images AFD - Classees\01_sante\afd_sante_formation_prestataires_soins_salama_002.jpg,.jpg,1153488,6016,4016,fd2a2027cabe70398e2f329df146e67f468581545579a50ac68a185e40498da4,false,false,,Formation des prestataires de soins SALAMA,"Atelier de formation en salle pour des prestataires de soins, avec participants, formateurs, documents, ordinateur, projecteur, banderole et exercices pratiques.",sante,formation; renforcement_capacites,formation_prestataires_soins,formation_prestataires_soins,SALAMA,,,,,prestataires_de_soins; communautes,personnel_sante; formateurs; participants; personnel_afd,sante; formation; renforcement_capacites; prestataires_de_soins; salle_formation; documents; presentation; banderole; equipements_protection,Banderole de formation des prestataires; references SALAMA visibles sur plusieurs images.,2026-07-10 10:16:02,exif,false,eleve,"Planche-contact verifiee: salle de formation, supports pedagogiques, participants, prestataires et exercices avec equipements de protection.",sante,afd_sante_formation_prestataires_soins_salama_002,Participants a un atelier de formation des prestataires de soins du projet SALAMA.,"Atelier de formation des prestataires de soins dans le cadre du projet SALAMA, avec sessions en salle et exercices pratiques.",false,already_exists,,true,D:\Maquette_AFD\Banque des images AFD\Banque Images 1\Atelier de formation des prestataires de soins SALAMA,2026-07-10T09:16:02,,true,,3f372f272b696951
2cea5ba1-f982-47cf-8278-363cdb79804a,DSC_1499.jpg,D:\Maquette_AFD\Banque des images AFD\Banque Images 1\Atelier de formation des prestataires de soins SALAMA\DSC_1499.jpg,afd_sante_formation_prestataires_soins_salama_003.jpg,D:\Maquette_AFD\Banque des images AFD - Classees\01_sante\afd_sante_formation_prestataires_soins_salama_003.jpg,.jpg,1138204,6016,4016,d50bd35623beecf84b90321e2fc3f48de00fd326b71f96aa1d7ad54851ac92e2,false,false,,Formation des prestataires de soins SALAMA,"Atelier de formation en salle pour des prestataires de soins, avec participants, formateurs, documents, ordinateur, projecteur, banderole et exercices pratiques.",sante,formation; renforcement_capacites,formation_prestataires_soins,formation_prestataires_soins,SALAMA,,,,,prestataires_de_soins; communautes,personnel_sante; formateurs; participants; personnel_afd,sante; formation; renforcement_capacites; prestataires_de_soins; salle_formation; documents; presentation; banderole; equipements_protection,Banderole de formation des prestataires; references SALAMA visibles sur plusieurs images.,2026-07-10 10:16:08,exif,false,eleve,"Planche-contact verifiee: salle de formation, supports pedagogiques, participants, prestataires et exercices avec equipements de protection.",sante,afd_sante_formation_prestataires_soins_salama_003,Participants a un atelier de formation des prestataires de soins du projet SALAMA.,"Atelier de formation des prestataires de soins dans le cadre du projet SALAMA, avec sessions en salle et exercices pratiques.",false,already_exists,,true,D:\Maquette_AFD\Banque des images AFD\Banque Images 1\Atelier de formation des prestataires de soins SALAMA,2026-07-10T09:16:08,,true,,5e7e6a6a763e5e42
4d2c3f8b-3cc4-4e9d-9455-d2ceb31239e7,DSC_1501.jpg,D:\Maquette_AFD\Banque des images AFD\Banque Images 1\Atelier de formation des prestataires de soins SALAMA\DSC_1501.jpg,afd_sante_formation_prestataires_soins_salama_004.jpg,D:\Maquette_AFD\Banque des images AFD - Classees\01_sante\afd_sante_formation_prestataires_soins_salama_004.jpg,.jpg,1952201,6016,4016,5bdec5448b9b3ac4bfa164ceb1556871dbcadb0a62fee7ce91c76573678a854a,false,false,,Formation des prestataires de soins SALAMA,"Atelier de formation en salle pour des prestataires de soins, avec participants, formateurs, documents, ordinateur, projecteur, banderole et exercices pratiques.",sante,formation; renforcement_capacites,formation_prestataires_soins,formation_prestataires_soins,SALAMA,,,,,prestataires_de_soins; communautes,personnel_sante; formateurs; participants; personnel_afd,sante; formation; renforcement_capacites; prestataires_de_soins; salle_formation; documents; presentation; banderole; equipements_protection,Banderole de formation des prestataires; references SALAMA visibles sur plusieurs images.,2026-07-10 10:16:08,exif,false,eleve,"Planche-contact verifiee: salle de formation, supports pedagogiques, participants, prestataires et exercices avec equipements de protection.",sante,afd_sante_formation_prestataires_soins_salama_004,Participants a un atelier de formation des prestataires de soins du projet SALAMA.,"Atelier de formation des prestataires de soins dans le cadre du projet SALAMA, avec sessions en salle et exercices pratiques.",false,already_exists,,true,D:\Maquette_AFD\Banque des images AFD\Banque Images 1\Atelier de formation des prestataires de soins SALAMA,2026-07-10T09:16:08,,true,,42422b636263cb9c
d9de0187-b9ce-4a36-bcc9-66c27f9be51f,DSC_1502.jpg,D:\Maquette_AFD\Banque des images AFD\Banque Images 1\Atelier de formation des prestataires de soins SALAMA\DSC_1502.jpg,afd_sante_formation_prestataires_soins_salama_005.jpg,D:\Maquette_AFD\Banque des images AFD - Classees\01_sante\afd_sante_formation_prestataires_soins_salama_005.jpg,.jpg,2012478,6016,4016,58386fe51f178693749ebbb94979a4727c0a16ba9a09207bb0901d89a0ee6d7a,false,false,,Formation des prestataires de soins SALAMA,"Atelier de formation en salle pour des prestataires de soins, avec participants, formateurs, documents, ordinateur, projecteur, banderole et exercices pratiques.",sante,formation; renforcement_capacites,formation_prestataires_soins,formation_prestataires_soins,SALAMA,,,,,prestataires_de_soins; communautes,personnel_sante; formateurs; participants; personnel_afd,sante; formation; renforcement_capacites; prestataires_de_soins; salle_formation; documents; presentation; banderole; equipements_protection,Banderole de formation des prestataires; references SALAMA visibles sur plusieurs images.,2026-07-10 10:16:15,exif,false,eleve,"Planche-contact verifiee: salle de formation, supports pedagogiques, participants, prestataires et exercices avec equipements de protection.",sante,afd_sante_formation_prestataires_soins_salama_005,Participants a un atelier de formation des prestataires de soins du projet SALAMA.,"Atelier de formation des prestataires de soins dans le cadre du projet SALAMA, avec sessions en salle et exercices pratiques.",false,already_exists,,true,D:\Maquette_AFD\Banque des images AFD\Banque Images 1\Atelier de formation des prestataires de soins SALAMA,2026-07-10T09:16:16,,true,,4446064667479739
3b296761-dbce-4eb8-a6ec-8757f5642c08,DSC_1503.jpg,D:\Maquette_AFD\Banque des images AFD\Banque Images 1\Atelier de formation des prestataires de soins SALAMA\DSC_1503.jpg,afd_sante_formation_prestataires_soins_salama_006.jpg,D:\Maquette_AFD\Banque des images AFD - Classees\01_sante\afd_sante_formation_prestataires_soins_salama_006.jpg,.jpg,1741782,6016,4016,221cc1f5a4023fa2df55be618a8d5ca795d2bd7cc65bcc230a0c9075cc19994c,false,false,,Formation des prestataires de soins SALAMA,"Atelier de formation en salle pour des prestataires de soins, avec participants, formateurs, documents, ordinateur, projecteur, banderole et exercices pratiques.",sante,formation; renforcement_capacites,formation_prestataires_soins,formation_prestataires_soins,SALAMA,,,,,prestataires_de_soins; communautes,personnel_sante; formateurs; participants; personnel_afd,sante; formation; renforcement_capacites; prestataires_de_soins; salle_formation; documents; presentation; banderole; equipements_protection,Banderole de formation des prestataires; references SALAMA visibles sur plusieurs images.,2026-07-10 10:16:15,exif,false,eleve,"Planche-contact verifiee: salle de formation, supports pedagogiques, participants, prestataires et exercices avec equipements de protection.",sante,afd_sante_formation_prestataires_soins_salama_006,Participants a un atelier de formation des prestataires de soins du projet SALAMA.,"Atelier de formation des prestataires de soins dans le cadre du projet SALAMA, avec sessions en salle et exercices pratiques.",false,already_exists,,true,D:\Maquette_AFD\Banque des images AFD\Banque Images 1\Atelier de formation des prestataires de soins SALAMA,2026-07-10T09:16:16,,true,,a28ace8682f50559
fa5fa029-1327-47e8-8658-97b96ac269a0,DSC_1504.jpg,D:\Maquette_AFD\Banque des images AFD\Banque Images 1\Atelier de formation des prestataires de soins SALAMA\DSC_1504.jpg,afd_sante_formation_prestataires_soins_salama_007.jpg,D:\Maquette_AFD\Banque des images AFD - Classees\01_sante\afd_sante_formation_prestataires_soins_salama_007.jpg,.jpg,1829983,6016,4016,ec6d3cf0e3baf09d43a0e548c5133754b663d79aa36770cda47f7676a92f9bcc,false,false,,Formation des prestataires de soins SALAMA,"Atelier de formation en salle pour des prestataires de soins, avec participants, formateurs, documents, ordinateur, projecteur, banderole et exercices pratiques.",sante,formation; renforcement_capacites,formation_prestataires_soins,formation_prestataires_soins,SALAMA,,,,,prestataires_de_soins; communautes,personnel_sante; formateurs; participants; personnel_afd,sante; formation; renforcement_capacites; prestataires_de_soins; salle_formation; documents; presentation; banderole; equipements_protection,Banderole de formation des prestataires; references SALAMA visibles sur plusieurs images.,2026-07-10 10:16:22,exif,false,eleve,"Planche-contact verifiee: salle de formation, supports pedagogiques, participants, prestataires et exercices avec equipements de protection.",sante,afd_sante_formation_prestataires_soins_salama_007,Participants a un atelier de formation des prestataires de soins du projet SALAMA.,"Atelier de formation des prestataires de soins dans le cadre du projet SALAMA, avec sessions en salle et exercices pratiques.",false,already_exists,,true,D:\Maquette_AFD\Banque des images AFD\Banque Images 1\Atelier de formation des prestataires de soins SALAMA,2026-07-10T09:16:22,,true,,c7e5e4e4e20d3133
cc0e8ab0-da7a-40b9-8803-30febb3d3ad2,DSC_1505.jpg,D:\Maquette_AFD\Banque des images AFD\Banque Images 1\Atelier de formation des prestataires de soins SALAMA\DSC_1505.jpg,afd_sante_formation_prestataires_soins_salama_008.jpg,D:\Maquette_AFD\Banque des images AFD - Classees\01_sante\afd_sante_formation_prestataires_soins_salama_008.jpg,.jpg,2115053,6016,4016,b6c2865220576f65b5ba799ec3cd2ca663ef22b1ddf893b2f61964e10f85c682,false,false,,Formation des prestataires de soins SALAMA,"Atelier de formation en salle pour des prestataires de soins, avec participants, formateurs, documents, ordinateur, projecteur, banderole et exercices pratiques.",sante,formation; renforcement_capacites,formation_prestataires_soins,formation_prestataires_soins,SALAMA,,,,,prestataires_de_soins; communautes,personnel_sante; formateurs; participants; personnel_afd,sante; formation; renforcement_capacites; prestataires_de_soins; salle_formation; documents; presentation; banderole; equipements_protection,Banderole de formation des prestataires; references SALAMA visibles sur plusieurs images.,2026-07-10 10:16:22,exif,false,eleve,"Planche-contact verifiee: salle de formation, supports pedagogiques, participants, prestataires et exercices avec equipements de protection.",sante,afd_sante_formation_prestataires_soins_salama_008,Participants a un atelier de formation des prestataires de soins du projet SALAMA.,"Atelier de formation des prestataires de soins dans le cadre du projet SALAMA, avec sessions en salle et exercices pratiques.",false,already_exists,,true,D:\Maquette_AFD\Banque des images AFD\Banque Images 1\Atelier de formation des prestataires de soins SALAMA,2026-07-10T09:16:22,,true,,6eeffeb0a347421a
90e2181c-8b85-4e25-a461-37a3540881a7,DSC_1506.jpg,D:\Maquette_AFD\Banque des images AFD\Banque Images 1\Atelier de formation des prestataires de soins SALAMA\DSC_1506.jpg,afd_sante_formation_prestataires_soins_salama_009.jpg,D:\Maquette_AFD\Banque des images AFD - Classees\01_sante\afd_sante_formation_prestataires_soins_salama_009.jpg,.jpg,1805551,6016,4016,e592b3e18d67ded429db2f2f326b357ed8b1369354c8e54b1da802172c95cace,false,false,,Formation des prestataires de soins SALAMA,"Atelier de formation en salle pour des prestataires de soins, avec participants, formateurs, documents, ordinateur, projecteur, banderole et exercices pratiques.",sante,formation; renforcement_capacites,formation_prestataires_soins,formation_prestataires_soins,SALAMA,,,,,prestataires_de_soins; communautes,personnel_sante; formateurs; participants; personnel_afd,sante; formation; renforcement_capacites; prestataires_de_soins; salle_formation; documents; presentation; banderole; equipements_protection,Banderole de formation des prestataires; references SALAMA visibles sur plusieurs images.,2026-07-10 10:16:28,exif,false,eleve,"Planche-contact verifiee: salle de formation, supports pedagogiques, participants, prestataires et exercices avec equipements de protection.",sante,afd_sante_formation_prestataires_soins_salama_009,Participants a un atelier de formation des prestataires de soins du projet SALAMA.,"Atelier de formation des prestataires de soins dans le cadre du projet SALAMA, avec sessions en salle et exercices pratiques.",false,already_exists,,true,D:\Maquette_AFD\Banque des images AFD\Banque Images 1\Atelier de formation des prestataires de soins SALAMA,2026-07-10T09:16:28,,true,,f9b8bcf87206567a
63d55a3f-6899-4ac7-b96c-d0ddc5cdf3b3,DSC_1507.jpg,D:\Maquette_AFD\Banque des images AFD\Banque Images 1\Atelier de formation des prestataires de soins SALAMA\DSC_1507.jpg,afd_sante_formation_prestataires_soins_salama_010.jpg,D:\Maquette_AFD\Banque des images AFD - Classees\01_sante\afd_sante_formation_prestataires_soins_salama_010.jpg,.jpg,1264501,6016,4016,48d7a88f1b19c2b744a1e1a1d0023060aa2b0b73754ca17f68969eeb93975b53,false,false,,Formation des prestataires de soins SALAMA,"Atelier de formation en salle pour des prestataires de soins, avec participants, formateurs, documents, ordinateur, projecteur, banderole et exercices pratiques.",sante,formation; renforcement_capacites,formation_prestataires_soins,formation_prestataires_soins,SALAMA,,,,,prestataires_de_soins; communautes,personnel_sante; formateurs; participants; personnel_afd,sante; formation; renforcement_capacites; prestataires_de_soins; salle_formation; documents; presentation; banderole; equipements_protection,Banderole de formation des prestataires; references SALAMA visibles sur plusieurs images.,2026-07-10 10:16:28,exif,false,eleve,"Planche-contact verifiee: salle de formation, supports pedagogiques, participants, prestataires et exercices avec equipements de protection.",sante,afd_sante_formation_prestataires_soins_salama_010,Participants a un atelier de formation des prestataires de soins du projet SALAMA.,"Atelier de formation des prestataires de soins dans le cadre du projet SALAMA, avec sessions en salle et exercices pratiques.",false,already_exists,,true,D:\Maquette_AFD\Banque des images AFD\Banque Images 1\Atelier de formation des prestataires de soins SALAMA,2026-07-10T09:16:28,,true,,0f3c3c3c3606ce0e
82887033-a69d-4887-bac3-addccf8be1ea,DSC_1508.jpg,D:\Maquette_AFD\Banque des images AFD\Banque Images 1\Atelier de formation des prestataires de soins SALAMA\DSC_1508.jpg,afd_sante_formation_prestataires_soins_salama_011.jpg,D:\Maquette_AFD\Banque des images AFD - Classees\01_sante\afd_sante_formation_prestataires_soins_salama_011.jpg,.jpg,1578407,6016,4016,279df0168e650df152a42df84a84aed58ac5f59f4d7d50065a78f7d326ef7565,false,false,,Formation des prestataires de soins SALAMA,"Atelier de formation en salle pour des prestataires de soins, avec participants, formateurs, documents, ordinateur, projecteur, banderole et exercices pratiques.",sante,formation; renforcement_capacites,formation_prestataires_soins,formation_prestataires_soins,SALAMA,,,,,prestataires_de_soins; communautes,personnel_sante; formateurs; participants; personnel_afd,sante; formation; renforcement_capacites; prestataires_de_soins; salle_formation; documents; presentation; banderole; equipements_protection,Banderole de formation des prestataires; references SALAMA visibles sur plusieurs images.,2026-07-10 10:16:33,exif,false,eleve,"Planche-contact verifiee: salle de formation, supports pedagogiques, participants, prestataires et exercices avec equipements de protection.",sante,afd_sante_formation_prestataires_soins_salama_011,Participants a un atelier de formation des prestataires de soins du projet SALAMA.,"Atelier de formation des prestataires de soins dans le cadre du projet SALAMA, avec sessions en salle et exercices pratiques.",false,already_exists,,true,D:\Maquette_AFD\Banque des images AFD\Banque Images 1\Atelier de formation des prestataires de soins SALAMA,2026-07-10T09:16:34,,true,,adb1b37161f1b134
ad06a4dd-0dea-4c9b-afe6-a7b689b607a2,DSC_1509-2.jpg,D:\Maquette_AFD\Banque des images AFD\Banque Images 1\Atelier de formation des prestataires de soins SALAMA\DSC_1509-2.jpg,afd_sante_formation_prestataires_soins_salama_012.jpg,D:\Maquette_AFD\Banque des images AFD - Classees\01_sante\afd_sante_formation_prestataires_soins_salama_012.jpg,.jpg,1165912,6016,4016,b121e0135db52b8d2ef0a4ce7c5a140e0130d1141bb4a9638a519a0e2baa1e66,false,false,,Formation des prestataires de soins SALAMA,"Atelier de formation en salle pour des prestataires de soins, avec participants, formateurs, documents, ordinateur, projecteur, banderole et exercices pratiques.",sante,formation; renforcement_capacites,formation_prestataires_soins,formation_prestataires_soins,SALAMA,,,,,prestataires_de_soins; communautes,personnel_sante; formateurs; participants; personnel_afd,sante; formation; renforcement_capacites; prestataires_de_soins; salle_formation; documents; presentation; banderole; equipements_protection,Banderole de formation des prestataires; references SALAMA visibles sur plusieurs images.,2026-07-10 10:16:31,exif,false,eleve,"Planche-contact verifiee: salle de formation, supports pedagogiques, participants, prestataires et exercices avec equipements de protection.",sante,afd_sante_formation_prestataires_soins_salama_012,Participants a un atelier de formation des prestataires de soins du projet SALAMA.,"Atelier de formation des prestataires de soins dans le cadre du projet SALAMA, avec sessions en salle et exercices pratiques.",false,already_exists,,true,D:\Maquette_AFD\Banque des images AFD\Banque Images 1\Atelier de formation des prestataires de soins SALAMA,2026-07-10T09:16:32,,true,,2cc0e2d19296caee
65406264-22a7-4bc2-a586-c232561b4736,DSC_1510.jpg,D:\Maquette_AFD\Banque des images AFD\Banque Images 1\Atelier de formation des prestataires de soins SALAMA\DSC_1510.jpg,afd_sante_formation_prestataires_soins_salama_013.jpg,D:\Maquette_AFD\Banque des images AFD - Classees\01_sante\afd_sante_formation_prestataires_soins_salama_013.jpg,.jpg,1595594,6016,4016,91348b5a49a04a81240a35ad6de615d2ed546ed4c17dc7241688e0f974e6c75e,false,false,,Formation des prestataires de soins SALAMA,"Atelier de formation en salle pour des prestataires de soins, avec participants, formateurs, documents, ordinateur, projecteur, banderole et exercices pratiques.",sante,formation; renforcement_capacites,formation_prestataires_soins,formation_prestataires_soins,SALAMA,,,,,prestataires_de_soins; communautes,personnel_sante; formateurs; participants; personnel_afd,sante; formation; renforcement_capacites; prestataires_de_soins; salle_formation; documents; presentation; banderole; equipements_protection,Banderole de formation des prestataires; references SALAMA visibles sur plusieurs images.,2026-07-10 10:16:37,exif,false,eleve,"Planche-contact verifiee: salle de formation, supports pedagogiques, participants, prestataires et exercices avec equipements de protection.",sante,afd_sante_formation_prestataires_soins_salama_013,Participants a un atelier de formation des prestataires de soins du projet SALAMA.,"Atelier de formation des prestataires de soins dans le cadre du projet SALAMA, avec sessions en salle et exercices pratiques.",false,already_exists,,true,D:\Maquette_AFD\Banque des images AFD\Banque Images 1\Atelier de formation des prestataires de soins SALAMA,2026-07-10T09:16:38,,true,,85870d2a321d1d91
76b3bfd2-ecdc-4d3e-8e48-8d570a8c314e,DSC_1511.jpg,D:\Maquette_AFD\Banque des images AFD\Banque Images 1\Atelier de formation des prestataires de soins SALAMA\DSC_1511.jpg,afd_sante_formation_prestataires_soins_salama_014.jpg,D:\Maquette_AFD\Banque des images AFD - Classees\01_sante\afd_sante_formation_prestataires_soins_salama_014.jpg,.jpg,1868971,6016,4016,9d62acf402887f597ecfa3cda84e963753d3d45ebd042b34d07a8c6ebeb915cf,false,false,,Formation des prestataires de soins SALAMA,"Atelier de formation en salle pour des prestataires de soins, avec participants, formateurs, documents, ordinateur, projecteur, banderole et exercices pratiques.",sante,formation; renforcement_capacites,formation_prestataires_soins,formation_prestataires_soins,SALAMA,,,,,prestataires_de_soins; communautes,personnel_sante; formateurs; participants; personnel_afd,sante; formation; renforcement_capacites; prestataires_de_soins; salle_formation; documents; presentation; banderole; equipements_protection,Banderole de formation des prestataires; references SALAMA visibles sur plusieurs images.,2026-07-10 10:16:39,exif,false,eleve,"Planche-contact verifiee: salle de formation, supports pedagogiques, participants, prestataires et exercices avec equipements de protection.",sante,afd_sante_formation_prestataires_soins_salama_014,Participants a un atelier de formation des prestataires de soins du projet SALAMA.,"Atelier de formation des prestataires de soins dans le cadre du projet SALAMA, avec sessions en salle et exercices pratiques.",false,already_exists,,true,D:\Maquette_AFD\Banque des images AFD\Banque Images 1\Atelier de formation des prestataires de soins SALAMA,2026-07-10T09:16:40,,true,,e0f6d3e1494e4ecc
410f509b-d019-412b-926f-e7757905932b,DSC_1512.jpg,D:\Maquette_AFD\Banque des images AFD\Banque Images 1\Atelier de formation des prestataires de soins SALAMA\DSC_1512.jpg,afd_sante_formation_prestataires_soins_salama_015.jpg,D:\Maquette_AFD\Banque des images AFD - Classees\01_sante\afd_sante_formation_prestataires_soins_salama_015.jpg,.jpg,1802048,6016,4016,f5ed5838e11a00bdc4a4b1c4fd323180569d23e68bf9fe98dab0b5d1351b40a0,false,false,,Formation des prestataires de soins SALAMA,"Atelier de formation en salle pour des prestataires de soins, avec participants, formateurs, documents, ordinateur, projecteur, banderole et exercices pratiques.",sante,formation; renforcement_capacites,formation_prestataires_soins,formation_prestataires_soins,SALAMA,,,,,prestataires_de_soins; communautes,personnel_sante; formateurs; participants; personnel_afd,sante; formation; renforcement_capacites; prestataires_de_soins; salle_formation; documents; presentation; banderole; equipements_protection,Banderole de formation des prestataires; references SALAMA visibles sur plusieurs images.,2026-07-10 10:16:43,exif,false,eleve,"Planche-contact verifiee: salle de formation, supports pedagogiques, participants, prestataires et exercices avec equipements de protection.",sante,afd_sante_formation_prestataires_soins_salama_015,Participants a un atelier de formation des prestataires de soins du projet SALAMA.,"Atelier de formation des prestataires de soins dans le cadre du projet SALAMA, avec sessions en salle et exercices pratiques.",false,already_exists,,true,D:\Maquette_AFD\Banque des images AFD\Banque Images 1\Atelier de formation des prestataires de soins SALAMA,2026-07-10T09:16:44,,true,,f8b9b979d2ce1c18
e3988fff-526e-4a18-9e9f-929bcc5ddffc,DSC_1513.jpg,D:\Maquette_AFD\Banque des images AFD\Banque Images 1\Atelier de formation des prestataires de soins SALAMA\DSC_1513.jpg,afd_sante_formation_prestataires_soins_salama_016.jpg,D:\Maquette_AFD\Banque des images AFD - Classees\01_sante\afd_sante_formation_prestataires_soins_salama_016.jpg,.jpg,1329337,6016,4016,e36bb755e8653d6438a59c7098f381a85a24cd7efc963bf5132cb312c545fe31,false,false,,Formation des prestataires de soins SALAMA,"Atelier de formation en salle pour des prestataires de soins, avec participants, formateurs, documents, ordinateur, projecteur, banderole et exercices pratiques.",sante,formation; renforcement_capacites,formation_prestataires_soins,formation_prestataires_soins,SALAMA,,,,,prestataires_de_soins; communautes,personnel_sante; formateurs; participants; personnel_afd,sante; formation; renforcement_capacites; prestataires_de_soins; salle_formation; documents; presentation; banderole; equipements_protection,Banderole de formation des prestataires; references SALAMA visibles sur plusieurs images.,2026-07-10 10:16:45,exif,false,eleve,"Planche-contact verifiee: salle de formation, supports pedagogiques, participants, prestataires et exercices avec equipements de protection.",sante,afd_sante_formation_prestataires_soins_salama_016,Participants a un atelier de formation des prestataires de soins du projet SALAMA.,"Atelier de formation des prestataires de soins dans le cadre du projet SALAMA, avec sessions en salle et exercices pratiques.",false,already_exists,,true,D:\Maquette_AFD\Banque des images AFD\Banque Images 1\Atelier de formation des prestataires de soins SALAMA,2026-07-10T09:16:46,,true,,ced2c4c4cccc8c04
1aedd663-87d6-4c8c-b73b-ce76562dea43,DSC_1514.jpg,D:\Maquette_AFD\Banque des images AFD\Banque Images 1\Atelier de formation des prestataires de soins SALAMA\DSC_1514.jpg,afd_sante_formation_prestataires_soins_salama_017.jpg,D:\Maquette_AFD\Banque des images AFD - Classees\01_sante\afd_sante_formation_prestataires_soins_salama_017.jpg,.jpg,1100491,6016,4016,e26de6cc47d1ba8546238c20d1b995397ac4d60d2a5962943b400bfefdff618e,false,false,,Formation des prestataires de soins SALAMA,"Atelier de formation en salle pour des prestataires de soins, avec participants, formateurs, documents, ordinateur, projecteur, banderole et exercices pratiques.",sante,formation; renforcement_capacites,formation_prestataires_soins,formation_prestataires_soins,SALAMA,,,,,prestataires_de_soins; communautes,personnel_sante; formateurs; participants; personnel_afd,sante; formation; renforcement_capacites; prestataires_de_soins; salle_formation; documents; presentation; banderole; equipements_protection,Banderole de formation des prestataires; references SALAMA visibles sur plusieurs images.,2026-07-10 10:16:50,exif,false,eleve,"Planche-contact verifiee: salle de formation, supports pedagogiques, participants, prestataires et exercices avec equipements de protection.",sante,afd_sante_formation_prestataires_soins_salama_017,Participants a un atelier de formation des prestataires de soins du projet SALAMA.,"Atelier de formation des prestataires de soins dans le cadre du projet SALAMA, avec sessions en salle et exercices pratiques.",false,already_exists,,true,D:\Maquette_AFD\Banque des images AFD\Banque Images 1\Atelier de formation des prestataires de soins SALAMA,2026-07-10T09:16:50,,true,,0030303072786160
c3c9544d-0a45-4343-9042-578cc3390ab5,DSC_1515.jpg,D:\Maquette_AFD\Banque des images AFD\Banque Images 1\Atelier de formation des prestataires de soins SALAMA\DSC_1515.jpg,afd_sante_formation_prestataires_soins_salama_018.jpg,D:\Maquette_AFD\Banque des images AFD - Classees\01_sante\afd_sante_formation_prestataires_soins_salama_018.jpg,.jpg,1082760,6016,4016,dcb074dc3aba76be159cc5d329b4ee1b9b99a3c3c38ce3c02e05a05774d8e5a5,false,false,,Formation des prestataires de soins SALAMA,"Atelier de formation en salle pour des prestataires de soins, avec participants, formateurs, documents, ordinateur, projecteur, banderole et exercices pratiques.",sante,formation; renforcement_capacites,formation_prestataires_soins,formation_prestataires_soins,SALAMA,,,,,prestataires_de_soins; communautes,personnel_sante; formateurs; participants; personnel_afd,sante; formation; renforcement_capacites; prestataires_de_soins; salle_formation; documents; presentation; banderole; equipements_protection,Banderole de formation des prestataires; references SALAMA visibles sur plusieurs images.,2026-07-10 10:16:52,exif,false,eleve,"Planche-contact verifiee: salle de formation, supports pedagogiques, participants, prestataires et exercices avec equipements de protection.",sante,afd_sante_formation_prestataires_soins_salama_018,Participants a un atelier de formation des prestataires de soins du projet SALAMA.,"Atelier de formation des prestataires de soins dans le cadre du projet SALAMA, avec sessions en salle et exercices pratiques.",false,already_exists,,true,D:\Maquette_AFD\Banque des images AFD\Banque Images 1\Atelier de formation des prestataires de soins SALAMA,2026-07-10T09:16:52,,true,,0834303070407060
f180a03d-9458-433e-a5ef-7abd3a7213fb,DSC_1516.jpg,D:\Maquette_AFD\Banque des images AFD\Banque Images 1\Atelier de formation des prestataires de soins SALAMA\DSC_1516.jpg,afd_sante_formation_prestataires_soins_salama_019.jpg,D:\Maquette_AFD\Banque des images AFD - Classees\01_sante\afd_sante_formation_prestataires_soins_salama_019.jpg,.jpg,1465895,6016,4016,3b06677d0a2c3bad66010fc71b38af267e1752d8f421db315ee0d44feabed8dc,false,false,,Formation des prestataires de soins SALAMA,"Atelier de formation en salle pour des prestataires de soins, avec participants, formateurs, documents, ordinateur, projecteur, banderole et exercices pratiques.",sante,formation; renforcement_capacites,formation_prestataires_soins,formation_prestataires_soins,SALAMA,,,,,prestataires_de_soins; communautes,personnel_sante; formateurs; participants; personnel_afd,sante; formation; renforcement_capacites; prestataires_de_soins; salle_formation; documents; presentation; banderole; equipements_protection,Banderole de formation des prestataires; references SALAMA visibles sur plusieurs images.,2026-07-10 10:16:56,exif,false,eleve,"Planche-contact verifiee: salle de formation, supports pedagogiques, participants, prestataires et exercices avec equipements de protection.",sante,afd_sante_formation_prestataires_soins_salama_019,Participants a un atelier de formation des prestataires de soins du projet SALAMA.,"Atelier de formation des prestataires de soins dans le cadre du projet SALAMA, avec sessions en salle et exercices pratiques.",false,already_exists,,true,D:\Maquette_AFD\Banque des images AFD\Banque Images 1\Atelier de formation des prestataires de soins SALAMA,2026-07-10T09:16:56,,true,,9ad2d2d2cece3771
3c494914-bc0e-4f36-ba83-54d1a71c4560,DSC_1518.jpg,D:\Maquette_AFD\Banque des images AFD\Banque Images 1\Atelier de formation des prestataires de soins SALAMA\DSC_1518.jpg,afd_sante_formation_prestataires_soins_salama_020.jpg,D:\Maquette_AFD\Banque des images AFD - Classees\01_sante\afd_sante_formation_prestataires_soins_salama_020.jpg,.jpg,1634416,4016,6016,dc7fc43619f96e4968c7b094523ab01ea6ae7a47fb45f4268279b97867950baf,false,false,,Formation des prestataires de soins SALAMA,"Atelier de formation en salle pour des prestataires de soins, avec participants, formateurs, documents, ordinateur, projecteur, banderole et exercices pratiques.",sante,formation; renforcement_capacites,formation_prestataires_soins,formation_prestataires_soins,SALAMA,,,,,prestataires_de_soins; communautes,personnel_sante; formateurs; participants; personnel_afd,sante; formation; renforcement_capacites; prestataires_de_soins; salle_formation; documents; presentation; banderole; equipements_protection,Banderole de formation des prestataires; references SALAMA visibles sur plusieurs images.,2026-07-10 10:16:58,exif,false,eleve,"Planche-contact verifiee: salle de formation, supports pedagogiques, participants, prestataires et exercices avec equipements de protection.",sante,afd_sante_formation_prestataires_soins_salama_020,Participants a un atelier de formation des prestataires de soins du projet SALAMA.,"Atelier de formation des prestataires de soins dans le cadre du projet SALAMA, avec sessions en salle et exercices pratiques.",false,already_exists,,true,D:\Maquette_AFD\Banque des images AFD\Banque Images 1\Atelier de formation des prestataires de soins SALAMA,2026-07-10T09:16:58,,true,,3367e3b5bd83c6b2
82974674-0d81-4253-8392-2358919de9b3,DSC_1519-2.jpg,D:\Maquette_AFD\Banque des images AFD\Banque Images 1\Atelier de formation des prestataires de soins SALAMA\DSC_1519-2.jpg,afd_sante_formation_prestataires_soins_salama_021.jpg,D:\Maquette_AFD\Banque des images AFD - Classees\01_sante\afd_sante_formation_prestataires_soins_salama_021.jpg,.jpg,979810,6016,4016,012537a3ce0830c5a02666fe9cd86fe5f62f2e55e76882b5d08609c5d439622b,false,false,,Formation des prestataires de soins SALAMA,"Atelier de formation en salle pour des prestataires de soins, avec participants, formateurs, documents, ordinateur, projecteur, banderole et exercices pratiques.",sante,formation; renforcement_capacites,formation_prestataires_soins,formation_prestataires_soins,SALAMA,,,,,prestataires_de_soins; communautes,personnel_sante; formateurs; participants; personnel_afd,sante; formation; renforcement_capacites; prestataires_de_soins; salle_formation; documents; presentation; banderole; equipements_protection,Banderole de formation des prestataires; references SALAMA visibles sur plusieurs images.,2026-07-10 10:16:59,exif,false,eleve,"Planche-contact verifiee: salle de formation, supports pedagogiques, participants, prestataires et exercices avec equipements de protection.",sante,afd_sante_formation_prestataires_soins_salama_021,Participants a un atelier de formation des prestataires de soins du projet SALAMA.,"Atelier de formation des prestataires de soins dans le cadre du projet SALAMA, avec sessions en salle et exercices pratiques.",false,already_exists,,true,D:\Maquette_AFD\Banque des images AFD\Banque Images 1\Atelier de formation des prestataires de soins SALAMA,2026-07-10T09:17:00,,true,,a1a1a9b19998e1c3
ec0f05c1-dae0-4698-9d1c-cc6056ca8288,DSC_1522.jpg,D:\Maquette_AFD\Banque des images AFD\Banque Images 1\Atelier de formation des prestataires de soins SALAMA\DSC_1522.jpg,afd_sante_formation_prestataires_soins_salama_022.jpg,D:\Maquette_AFD\Banque des images AFD - Classees\01_sante\afd_sante_formation_prestataires_soins_salama_022.jpg,.jpg,1875253,6016,4016,ed58128898c06e28bd11f524b9a223b43301fe07af394a5205de559dbbe9a8bb,false,false,,Formation des prestataires de soins SALAMA,"Atelier de formation en salle pour des prestataires de soins, avec participants, formateurs, documents, ordinateur, projecteur, banderole et exercices pratiques.",sante,formation; renforcement_capacites,formation_prestataires_soins,formation_prestataires_soins,SALAMA,,,,,prestataires_de_soins; communautes,personnel_sante; formateurs; participants; personnel_afd,sante; formation; renforcement_capacites; prestataires_de_soins; salle_formation; documents; presentation; banderole; equipements_protection,Banderole de formation des prestataires; references SALAMA visibles sur plusieurs images.,2026-07-10 10:17:04,exif,false,eleve,"Planche-contact verifiee: salle de formation, supports pedagogiques, participants, prestataires et exercices avec equipements de protection.",sante,afd_sante_formation_prestataires_soins_salama_022,Participants a un atelier de formation des prestataires de soins du projet SALAMA.,"Atelier de formation des prestataires de soins dans le cadre du projet SALAMA, avec sessions en salle et exercices pratiques.",false,already_exists,,true,D:\Maquette_AFD\Banque des images AFD\Banque Images 1\Atelier de formation des prestataires de soins SALAMA,2026-07-10T09:17:06,,true,,c9d2dacaf663d9eb
81c04a32-2741-4184-98b3-dc1e26dcb7c1,DSC_1524.jpg,D:\Maquette_AFD\Banque des images AFD\Banque Images 1\Atelier de formation des prestataires de soins SALAMA\DSC_1524.jpg,afd_sante_formation_prestataires_soins_salama_023.jpg,D:\Maquette_AFD\Banque des images AFD - Classees\01_sante\afd_sante_formation_prestataires_soins_salama_023.jpg,.jpg,1910261,6016,4016,fa2284a177bd0d1396cce4605b35ade2b9e6d369ddb97300565b7186f24b0810,false,false,,Formation des prestataires de soins SALAMA,"Atelier de formation en salle pour des prestataires de soins, avec participants, formateurs, documents, ordinateur, projecteur, banderole et exercices pratiques.",sante,formation; renforcement_capacites,formation_prestataires_soins,formation_prestataires_soins,SALAMA,,,,,prestataires_de_soins; communautes,personnel_sante; formateurs; participants; personnel_afd,sante; formation; renforcement_capacites; prestataires_de_soins; salle_formation; documents; presentation; banderole; equipements_protection,Banderole de formation des prestataires; references SALAMA visibles sur plusieurs images.,2026-07-10 10:17:06,exif,false,eleve,"Planche-contact verifiee: salle de formation, supports pedagogiques, participants, prestataires et exercices avec equipements de protection.",sante,afd_sante_formation_prestataires_soins_salama_023,Participants a un atelier de formation des prestataires de soins du projet SALAMA.,"Atelier de formation des prestataires de soins dans le cadre du projet SALAMA, avec sessions en salle et exercices pratiques.",false,already_exists,,true,D:\Maquette_AFD\Banque des images AFD\Banque Images 1\Atelier de formation des prestataires de soins SALAMA,2026-07-10T09:17:08,,true,,92662627629993e6
2fcaa781-8720-4f51-a076-d310f31a83ee,DSC_1525.jpg,D:\Maquette_AFD\Banque des images AFD\Banque Images 1\Atelier de formation des prestataires de soins SALAMA\DSC_1525.jpg,afd_sante_formation_prestataires_soins_salama_024.jpg,D:\Maquette_AFD\Banque des images AFD - Classees\01_sante\afd_sante_formation_prestataires_soins_salama_024.jpg,.jpg,1877891,6016,4016,7e9f04aa116ae867f7fbe9fcfc9385b039df13f55cc586e97cc355e9de957072,false,false,,Formation des prestataires de soins SALAMA,"Atelier de formation en salle pour des prestataires de soins, avec participants, formateurs, documents, ordinateur, projecteur, banderole et exercices pratiques.",sante,formation; renforcement_capacites,formation_prestataires_soins,formation_prestataires_soins,SALAMA,,,,,prestataires_de_soins; communautes,personnel_sante; formateurs; participants; personnel_afd,sante; formation; renforcement_capacites; prestataires_de_soins; salle_formation; documents; presentation; banderole; equipements_protection,Banderole de formation des prestataires; references SALAMA visibles sur plusieurs images.,2026-07-10 10:17:11,exif,false,eleve,"Planche-contact verifiee: salle de formation, supports pedagogiques, participants, prestataires et exercices avec equipements de protection.",sante,afd_sante_formation_prestataires_soins_salama_024,Participants a un atelier de formation des prestataires de soins du projet SALAMA.,"Atelier de formation des prestataires de soins dans le cadre du projet SALAMA, avec sessions en salle et exercices pratiques.",false,already_exists,,true,D:\Maquette_AFD\Banque des images AFD\Banque Images 1\Atelier de formation des prestataires de soins SALAMA,2026-07-10T09:17:14,,true,,6591d951514d64f1
de6c63c7-8561-4df0-bd50-6aeaa98a3bd2,DSC_1526.jpg,D:\Maquette_AFD\Banque des images AFD\Banque Images 1\Atelier de formation des prestataires de soins SALAMA\DSC_1526.jpg,afd_sante_formation_prestataires_soins_salama_025.jpg,D:\Maquette_AFD\Banque des images AFD - Classees\01_sante\afd_sante_formation_prestataires_soins_salama_025.jpg,.jpg,1852960,6016,4016,213b4902335a780751433810e7f5b3136ebd43483e02edbf9a4fbb01e5151e6a,false,false,,Formation des prestataires de soins SALAMA,"Atelier de formation en salle pour des prestataires de soins, avec participants, formateurs, documents, ordinateur, projecteur, banderole et exercices pratiques.",sante,formation; renforcement_capacites,formation_prestataires_soins,formation_prestataires_soins,SALAMA,,,,,prestataires_de_soins; communautes,personnel_sante; formateurs; participants; personnel_afd,sante; formation; renforcement_capacites; prestataires_de_soins; salle_formation; documents; presentation; banderole; equipements_protection,Banderole de formation des prestataires; references SALAMA visibles sur plusieurs images.,2026-07-10 10:17:14,exif,false,eleve,"Planche-contact verifiee: salle de formation, supports pedagogiques, participants, prestataires et exercices avec equipements de protection.",sante,afd_sante_formation_prestataires_soins_salama_025,Participants a un atelier de formation des prestataires de soins du projet SALAMA.,"Atelier de formation des prestataires de soins dans le cadre du projet SALAMA, avec sessions en salle et exercices pratiques.",false,already_exists,,true,D:\Maquette_AFD\Banque des images AFD\Banque Images 1\Atelier de formation des prestataires de soins SALAMA,2026-07-10T09:17:14,,true,,d2dbdaf6e49eb6e6
3a251e4c-b766-459d-a5f3-3208abfc8e90,DSC_1528.jpg,D:\Maquette_AFD\Banque des images AFD\Banque Images 1\Atelier de formation des prestataires de soins SALAMA\DSC_1528.jpg,afd_sante_formation_prestataires_soins_salama_026.jpg,D:\Maquette_AFD\Banque des images AFD - Classees\01_sante\afd_sante_formation_prestataires_soins_salama_026.jpg,.jpg,1968410,6016,4016,31294078ff61e90f48317f1228b16ed191eda8d5af73962e665253a8794a9636,false,false,,Formation des prestataires de soins SALAMA,"Atelier de formation en salle pour des prestataires de soins, avec participants, formateurs, documents, ordinateur, projecteur, banderole et exercices pratiques.",sante,formation; renforcement_capacites,formation_prestataires_soins,formation_prestataires_soins,SALAMA,,,,,prestataires_de_soins; communautes,personnel_sante; formateurs; participants; personnel_afd,sante; formation; renforcement_capacites; prestataires_de_soins; salle_formation; documents; presentation; banderole; equipements_protection,Banderole de formation des prestataires; references SALAMA visibles sur plusieurs images.,2026-07-10 10:17:19,exif,false,eleve,"Planche-contact verifiee: salle de formation, supports pedagogiques, participants, prestataires et exercices avec equipements de protection.",sante,afd_sante_formation_prestataires_soins_salama_026,Participants a un atelier de formation des prestataires de soins du projet SALAMA.,"Atelier de formation des prestataires de soins dans le cadre du projet SALAMA, avec sessions en salle et exercices pratiques.",false,already_exists,,true,D:\Maquette_AFD\Banque des images AFD\Banque Images 1\Atelier de formation des prestataires de soins SALAMA,2026-07-10T09:17:20,,true,,964646476406333b
4e06b6fe-ca4c-4fe8-9667-a1dd48b2e102,DSC_1529.jpg,D:\Maquette_AFD\Banque des images AFD\Banque Images 1\Atelier de formation des prestataires de soins SALAMA\DSC_1529.jpg,afd_sante_formation_prestataires_soins_salama_027.jpg,D:\Maquette_AFD\Banque des images AFD - Classees\01_sante\afd_sante_formation_prestataires_soins_salama_027.jpg,.jpg,1804894,6016,4016,1b965dcc37f579c4a84be3cc58c38578dd27076afb113143e606298d54232408,false,false,,Formation des prestataires de soins SALAMA,"Atelier de formation en salle pour des prestataires de soins, avec participants, formateurs, documents, ordinateur, projecteur, banderole et exercices pratiques.",sante,formation; renforcement_capacites,formation_prestataires_soins,formation_prestataires_soins,SALAMA,,,,,prestataires_de_soins; communautes,personnel_sante; formateurs; participants; personnel_afd,sante; formation; renforcement_capacites; prestataires_de_soins; salle_formation; documents; presentation; banderole; equipements_protection,Banderole de formation des prestataires; references SALAMA visibles sur plusieurs images.,2026-07-10 10:17:21,exif,false,eleve,"Planche-contact verifiee: salle de formation, supports pedagogiques, participants, prestataires et exercices avec equipements de protection.",sante,afd_sante_formation_prestataires_soins_salama_027,Participants a un atelier de formation des prestataires de soins du projet SALAMA.,"Atelier de formation des prestataires de soins dans le cadre du projet SALAMA, avec sessions en salle et exercices pratiques.",false,already_exists,,true,D:\Maquette_AFD\Banque des images AFD\Banque Images 1\Atelier de formation des prestataires de soins SALAMA,2026-07-10T09:17:22,,true,,21a195a190430d4e
1dc2c951-0cec-4f34-b6d0-8a924cb19965,DSC_1568.jpg,D:\Maquette_AFD\Banque des images AFD\Banque Images 1\Atelier de formation des prestataires de soins SALAMA\DSC_1568.jpg,afd_sante_formation_prestataires_soins_salama_028.jpg,D:\Maquette_AFD\Banque des images AFD - Classees\01_sante\afd_sante_formation_prestataires_soins_salama_028.jpg,.jpg,1796002,6016,4016,cc396e37112d9939d338a4acc2df79ed146b105b24820d4e85572d8a0aee7f3c,false,false,,Formation des prestataires de soins SALAMA,"Atelier de formation en salle pour des prestataires de soins, avec participants, formateurs, documents, ordinateur, projecteur, banderole et exercices pratiques.",sante,formation; renforcement_capacites,formation_prestataires_soins,formation_prestataires_soins,SALAMA,,,,,prestataires_de_soins; communautes,personnel_sante; formateurs; participants; personnel_afd,sante; formation; renforcement_capacites; prestataires_de_soins; salle_formation; documents; presentation; banderole; equipements_protection,Banderole de formation des prestataires; references SALAMA visibles sur plusieurs images.,2026-07-10 10:20:09,exif,false,eleve,"Planche-contact verifiee: salle de formation, supports pedagogiques, participants, prestataires et exercices avec equipements de protection.",sante,afd_sante_formation_prestataires_soins_salama_028,Participants a un atelier de formation des prestataires de soins du projet SALAMA.,"Atelier de formation des prestataires de soins dans le cadre du projet SALAMA, avec sessions en salle et exercices pratiques.",false,already_exists,,true,D:\Maquette_AFD\Banque des images AFD\Banque Images 1\Atelier de formation des prestataires de soins SALAMA,2026-07-10T09:20:10,,true,,34d8c9c8d894226a
f88dce0a-6ac0-4b41-81ad-f78d5bcc656b,DSC_1570.jpg,D:\Maquette_AFD\Banque des images AFD\Banque Images 1\Atelier de formation des prestataires de soins SALAMA\DSC_1570.jpg,afd_sante_formation_prestataires_soins_salama_029.jpg,D:\Maquette_AFD\Banque des images AFD - Classees\01_sante\afd_sante_formation_prestataires_soins_salama_029.jpg,.jpg,2124828,6016,4016,a70b6ae04744d30aa27fcde99aad96b1b11fd80780f3dfa24b2557bf142bcc33,false,false,,Formation des prestataires de soins SALAMA,"Atelier de formation en salle pour des prestataires de soins, avec participants, formateurs, documents, ordinateur, projecteur, banderole et exercices pratiques.",sante,formation; renforcement_capacites,formation_prestataires_soins,formation_prestataires_soins,SALAMA,,,,,prestataires_de_soins; communautes,personnel_sante; formateurs; participants; personnel_afd,sante; formation; renforcement_capacites; prestataires_de_soins; salle_formation; documents; presentation; banderole; equipements_protection,Banderole de formation des prestataires; references SALAMA visibles sur plusieurs images.,2026-07-10 10:23:06,exif,false,eleve,"Planche-contact verifiee: salle de formation, supports pedagogiques, participants, prestataires et exercices avec equipements de protection.",sante,afd_sante_formation_prestataires_soins_salama_029,Participants a un atelier de formation des prestataires de soins du projet SALAMA.,"Atelier de formation des prestataires de soins dans le cadre du projet SALAMA, avec sessions en salle et exercices pratiques.",false,already_exists,,true,D:\Maquette_AFD\Banque des images AFD\Banque Images 1\Atelier de formation des prestataires de soins SALAMA,2026-07-10T09:23:06,,true,,84c44f475393ceda
6c0f2ad7-21ba-452f-bd1d-5b2e4e0e9971,DSC_1571.jpg,D:\Maquette_AFD\Banque des images AFD\Banque Images 1\Atelier de formation des prestataires de soins SALAMA\DSC_1571.jpg,afd_sante_formation_prestataires_soins_salama_030.jpg,D:\Maquette_AFD\Banque des images AFD - Classees\01_sante\afd_sante_formation_prestataires_soins_salama_030.jpg,.jpg,980377,6016,4016,e3c8083801e96de2930d4dfc247c34998cc63413e6a85949fd0937339535f834,false,false,,Formation des prestataires de soins SALAMA,"Atelier de formation en salle pour des prestataires de soins, avec participants, formateurs, documents, ordinateur, projecteur, banderole et exercices pratiques.",sante,formation; renforcement_capacites,formation_prestataires_soins,formation_prestataires_soins,SALAMA,,,,,prestataires_de_soins; communautes,personnel_sante; formateurs; participants; personnel_afd,sante; formation; renforcement_capacites; prestataires_de_soins; salle_formation; documents; presentation; banderole; equipements_protection,Banderole de formation des prestataires; references SALAMA visibles sur plusieurs images.,2026-07-10 10:23:05,exif,false,eleve,"Planche-contact verifiee: salle de formation, supports pedagogiques, participants, prestataires et exercices avec equipements de protection.",sante,afd_sante_formation_prestataires_soins_salama_030,Participants a un atelier de formation des prestataires de soins du projet SALAMA.,"Atelier de formation des prestataires de soins dans le cadre du projet SALAMA, avec sessions en salle et exercices pratiques.",false,already_exists,,true,D:\Maquette_AFD\Banque des images AFD\Banque Images 1\Atelier de formation des prestataires de soins SALAMA,2026-07-10T09:23:06,,true,,d1f1f0f0e5ccfccc
f58b08db-b027-4333-9221-4351275d1431,DSC_1572.jpg,D:\Maquette_AFD\Banque des images AFD\Banque Images 1\Atelier de formation des prestataires de soins SALAMA\DSC_1572.jpg,afd_sante_formation_prestataires_soins_salama_031.jpg,D:\Maquette_AFD\Banque des images AFD - Classees\01_sante\afd_sante_formation_prestataires_soins_salama_031.jpg,.jpg,1024139,6016,4016,37cf8441832a8541483854ff490443837ffe076814528de9535fe2577fd61558,false,false,,Formation des prestataires de soins SALAMA,"Atelier de formation en salle pour des prestataires de soins, avec participants, formateurs, documents, ordinateur, projecteur, banderole et exercices pratiques.",sante,formation; renforcement_capacites,formation_prestataires_soins,formation_prestataires_soins,SALAMA,,,,,prestataires_de_soins; communautes,personnel_sante; formateurs; participants; personnel_afd,sante; formation; renforcement_capacites; prestataires_de_soins; salle_formation; documents; presentation; banderole; equipements_protection,Banderole de formation des prestataires; references SALAMA visibles sur plusieurs images.,2026-07-10 10:23:08,exif,false,eleve,"Planche-contact verifiee: salle de formation, supports pedagogiques, participants, prestataires et exercices avec equipements de protection.",sante,afd_sante_formation_prestataires_soins_salama_031,Participants a un atelier de formation des prestataires de soins du projet SALAMA.,"Atelier de formation des prestataires de soins dans le cadre du projet SALAMA, avec sessions en salle et exercices pratiques.",false,already_exists,,true,D:\Maquette_AFD\Banque des images AFD\Banque Images 1\Atelier de formation des prestataires de soins SALAMA,2026-07-10T09:23:08,,true,,b2f2f2b282824a4a
47e357e0-53db-43e8-bf59-97cacf145019,DSC_1574.jpg,D:\Maquette_AFD\Banque des images AFD\Banque Images 1\Atelier de formation des prestataires de soins SALAMA\DSC_1574.jpg,afd_sante_formation_prestataires_soins_salama_032.jpg,D:\Maquette_AFD\Banque des images AFD - Classees\01_sante\afd_sante_formation_prestataires_soins_salama_032.jpg,.jpg,1270250,6016,4016,af3bccc56a1aefc916939f3568dae58ee8249c0eef7efec17a1657e7f746c4c4,false,false,,Formation des prestataires de soins SALAMA,"Atelier de formation en salle pour des prestataires de soins, avec participants, formateurs, documents, ordinateur, projecteur, banderole et exercices pratiques.",sante,formation; renforcement_capacites,formation_prestataires_soins,formation_prestataires_soins,SALAMA,,,,,prestataires_de_soins; communautes,personnel_sante; formateurs; participants; personnel_afd,sante; formation; renforcement_capacites; prestataires_de_soins; salle_formation; documents; presentation; banderole; equipements_protection,Banderole de formation des prestataires; references SALAMA visibles sur plusieurs images.,2026-07-10 10:23:11,exif,false,eleve,"Planche-contact verifiee: salle de formation, supports pedagogiques, participants, prestataires et exercices avec equipements de protection.",sante,afd_sante_formation_prestataires_soins_salama_032,Participants a un atelier de formation des prestataires de soins du projet SALAMA.,"Atelier de formation des prestataires de soins dans le cadre du projet SALAMA, avec sessions en salle et exercices pratiques.",false,already_exists,,true,D:\Maquette_AFD\Banque des images AFD\Banque Images 1\Atelier de formation des prestataires de soins SALAMA,2026-07-10T09:23:12,,true,,1959383a30141e0e
9706fe4b-1a90-4a60-9637-14568d57db7d,DSC_1577.jpg,D:\Maquette_AFD\Banque des images AFD\Banque Images 1\Atelier de formation des prestataires de soins SALAMA\DSC_1577.jpg,afd_sante_formation_prestataires_soins_salama_033.jpg,D:\Maquette_AFD\Banque des images AFD - Classees\01_sante\afd_sante_formation_prestataires_soins_salama_033.jpg,.jpg,1130852,6016,4016,9ddad581a79c588e52d1a004488fa09c0cff46069ca3923d70f461efe2fd0c5d,false,false,,Formation des prestataires de soins SALAMA,"Atelier de formation en salle pour des prestataires de soins, avec participants, formateurs, documents, ordinateur, projecteur, banderole et exercices pratiques.",sante,formation; renforcement_capacites,formation_prestataires_soins,formation_prestataires_soins,SALAMA,,,,,prestataires_de_soins; communautes,personnel_sante; formateurs; participants; personnel_afd,sante; formation; renforcement_capacites; prestataires_de_soins; salle_formation; documents; presentation; banderole; equipements_protection,Banderole de formation des prestataires; references SALAMA visibles sur plusieurs images.,2026-07-10 10:23:14,exif,false,eleve,"Planche-contact verifiee: salle de formation, supports pedagogiques, participants, prestataires et exercices avec equipements de protection.",sante,afd_sante_formation_prestataires_soins_salama_033,Participants a un atelier de formation des prestataires de soins du projet SALAMA.,"Atelier de formation des prestataires de soins dans le cadre du projet SALAMA, avec sessions en salle et exercices pratiques.",false,already_exists,,true,D:\Maquette_AFD\Banque des images AFD\Banque Images 1\Atelier de formation des prestataires de soins SALAMA,2026-07-10T09:23:14,,true,,543a282a32968686
c3e6e887-a094-4e2f-807c-4de36e866c30,DSC_1579.jpg,D:\Maquette_AFD\Banque des images AFD\Banque Images 1\Atelier de formation des prestataires de soins SALAMA\DSC_1579.jpg,afd_sante_formation_prestataires_soins_salama_034.jpg,D:\Maquette_AFD\Banque des images AFD - Classees\01_sante\afd_sante_formation_prestataires_soins_salama_034.jpg,.jpg,993735,6016,4016,c90157f2c1d84b0c8208017a2f8ea7bc877f7482186722992cb5336c0de026f3,false,false,,Formation des prestataires de soins SALAMA,"Atelier de formation en salle pour des prestataires de soins, avec participants, formateurs, documents, ordinateur, projecteur, banderole et exercices pratiques.",sante,formation; renforcement_capacites,formation_prestataires_soins,formation_prestataires_soins,SALAMA,,,,,prestataires_de_soins; communautes,personnel_sante; formateurs; participants; personnel_afd,sante; formation; renforcement_capacites; prestataires_de_soins; salle_formation; documents; presentation; banderole; equipements_protection,Banderole de formation des prestataires; references SALAMA visibles sur plusieurs images.,2026-07-10 10:23:17,exif,false,eleve,"Planche-contact verifiee: salle de formation, supports pedagogiques, participants, prestataires et exercices avec equipements de protection.",sante,afd_sante_formation_prestataires_soins_salama_034,Participants a un atelier de formation des prestataires de soins du projet SALAMA.,"Atelier de formation des prestataires de soins dans le cadre du projet SALAMA, avec sessions en salle et exercices pratiques.",false,already_exists,,true,D:\Maquette_AFD\Banque des images AFD\Banque Images 1\Atelier de formation des prestataires de soins SALAMA,2026-07-10T09:23:18,,true,,1733333313032323
76114015-a8d6-4aa1-ba4a-2379fb883532,DSC_1581.jpg,D:\Maquette_AFD\Banque des images AFD\Banque Images 1\Atelier de formation des prestataires de soins SALAMA\DSC_1581.jpg,afd_sante_formation_prestataires_soins_salama_035.jpg,D:\Maquette_AFD\Banque des images AFD - Classees\01_sante\afd_sante_formation_prestataires_soins_salama_035.jpg,.jpg,1023408,4016,6016,c30332ab1cff77b50255d327af2ac14697ac53de0e728dfb0d7bef78bb6bf16d,false,false,,Formation des prestataires de soins SALAMA,"Atelier de formation en salle pour des prestataires de soins, avec participants, formateurs, documents, ordinateur, projecteur, banderole et exercices pratiques.",sante,formation; renforcement_capacites,formation_prestataires_soins,formation_prestataires_soins,SALAMA,,,,,prestataires_de_soins; communautes,personnel_sante; formateurs; participants; personnel_afd,sante; formation; renforcement_capacites; prestataires_de_soins; salle_formation; documents; presentation; banderole; equipements_protection,Banderole de formation des prestataires; references SALAMA visibles sur plusieurs images.,2026-07-10 10:23:20,exif,false,eleve,"Planche-contact verifiee: salle de formation, supports pedagogiques, participants, prestataires et exercices avec equipements de protection.",sante,afd_sante_formation_prestataires_soins_salama_035,Participants a un atelier de formation des prestataires de soins du projet SALAMA.,"Atelier de formation des prestataires de soins dans le cadre du projet SALAMA, avec sessions en salle et exercices pratiques.",false,already_exists,,true,D:\Maquette_AFD\Banque des images AFD\Banque Images 1\Atelier de formation des prestataires de soins SALAMA,2026-07-10T09:23:20,,true,,43073b3313676313
4b924c55-c158-440e-a72e-bc15abd38b88,DSC_1584.jpg,D:\Maquette_AFD\Banque des images AFD\Banque Images 1\Atelier de formation des prestataires de soins SALAMA\DSC_1584.jpg,afd_sante_formation_prestataires_soins_salama_036.jpg,D:\Maquette_AFD\Banque des images AFD - Classees\01_sante\afd_sante_formation_prestataires_soins_salama_036.jpg,.jpg,974407,6016,4016,897d4da7cd8f3618e0f96b9762fcb692f04717793a9f85ad0abbd548fbc60966,false,false,,Formation des prestataires de soins SALAMA,"Atelier de formation en salle pour des prestataires de soins, avec participants, formateurs, documents, ordinateur, projecteur, banderole et exercices pratiques.",sante,formation; renforcement_capacites,formation_prestataires_soins,formation_prestataires_soins,SALAMA,,,,,prestataires_de_soins; communautes,personnel_sante; formateurs; participants; personnel_afd,sante; formation; renforcement_capacites; prestataires_de_soins; salle_formation; documents; presentation; banderole; equipements_protection,Banderole de formation des prestataires; references SALAMA visibles sur plusieurs images.,2026-07-10 10:23:23,exif,false,eleve,"Planche-contact verifiee: salle de formation, supports pedagogiques, participants, prestataires et exercices avec equipements de protection.",sante,afd_sante_formation_prestataires_soins_salama_036,Participants a un atelier de formation des prestataires de soins du projet SALAMA.,"Atelier de formation des prestataires de soins dans le cadre du projet SALAMA, avec sessions en salle et exercices pratiques.",false,already_exists,,true,D:\Maquette_AFD\Banque des images AFD\Banque Images 1\Atelier de formation des prestataires de soins SALAMA,2026-07-10T09:23:24,,true,,435353737322a1c9
99a33bbd-99f4-4420-bbdc-19393edd7288,DSC_1586.jpg,D:\Maquette_AFD\Banque des images AFD\Banque Images 1\Atelier de formation des prestataires de soins SALAMA\DSC_1586.jpg,afd_sante_formation_prestataires_soins_salama_037.jpg,D:\Maquette_AFD\Banque des images AFD - Classees\01_sante\afd_sante_formation_prestataires_soins_salama_037.jpg,.jpg,960560,6016,4016,2d3712d053cbf0c08899e95e783568612fb30f7993afb55b92f617e1382647de,false,false,,Formation des prestataires de soins SALAMA,"Atelier de formation en salle pour des prestataires de soins, avec participants, formateurs, documents, ordinateur, projecteur, banderole et exercices pratiques.",sante,formation; renforcement_capacites,formation_prestataires_soins,formation_prestataires_soins,SALAMA,,,,,prestataires_de_soins; communautes,personnel_sante; formateurs; participants; personnel_afd,sante; formation; renforcement_capacites; prestataires_de_soins; salle_formation; documents; presentation; banderole; equipements_protection,Banderole de formation des prestataires; references SALAMA visibles sur plusieurs images.,2026-07-10 10:23:27,exif,false,eleve,"Planche-contact verifiee: salle de formation, supports pedagogiques, participants, prestataires et exercices avec equipements de protection.",sante,afd_sante_formation_prestataires_soins_salama_037,Participants a un atelier de formation des prestataires de soins du projet SALAMA.,"Atelier de formation des prestataires de soins dans le cadre du projet SALAMA, avec sessions en salle et exercices pratiques.",false,already_exists,,true,D:\Maquette_AFD\Banque des images AFD\Banque Images 1\Atelier de formation des prestataires de soins SALAMA,2026-07-10T09:23:26,,true,,526363737222a1c1
a45c31c0-94b2-4186-8fd4-2feb055dc73b,DSC_1594.jpg,D:\Maquette_AFD\Banque des images AFD\Banque Images 1\Atelier de formation des prestataires de soins SALAMA\DSC_1594.jpg,afd_sante_formation_prestataires_soins_salama_038.jpg,D:\Maquette_AFD\Banque des images AFD - Classees\01_sante\afd_sante_formation_prestataires_soins_salama_038.jpg,.jpg,1743385,6016,4016,b563230c3720601bcfc95adeceff61d6ec1f1edc66e90f635cb646a526db6d1b,false,false,,Formation des prestataires de soins SALAMA,"Atelier de formation en salle pour des prestataires de soins, avec participants, formateurs, documents, ordinateur, projecteur, banderole et exercices pratiques.",sante,formation; renforcement_capacites,formation_prestataires_soins,formation_prestataires_soins,SALAMA,,,,,prestataires_de_soins; communautes,personnel_sante; formateurs; participants; personnel_afd,sante; formation; renforcement_capacites; prestataires_de_soins; salle_formation; documents; presentation; banderole; equipements_protection,Banderole de formation des prestataires; references SALAMA visibles sur plusieurs images.,2026-07-11 04:54:26,exif,false,eleve,"Planche-contact verifiee: salle de formation, supports pedagogiques, participants, prestataires et exercices avec equipements de protection.",sante,afd_sante_formation_prestataires_soins_salama_038,Participants a un atelier de formation des prestataires de soins du projet SALAMA.,"Atelier de formation des prestataires de soins dans le cadre du projet SALAMA, avec sessions en salle et exercices pratiques.",false,already_exists,,true,D:\Maquette_AFD\Banque des images AFD\Banque Images 1\Atelier de formation des prestataires de soins SALAMA,2026-07-11T03:54:26,,true,,ccd2daeaea69af8e
bcfee7de-9abc-4f1e-96c8-837ede414148,DSC_1607.jpg,D:\Maquette_AFD\Banque des images AFD\Banque Images 1\Atelier de formation des prestataires de soins SALAMA\DSC_1607.jpg,afd_sante_formation_prestataires_soins_salama_039.jpg,D:\Maquette_AFD\Banque des images AFD - Classees\01_sante\afd_sante_formation_prestataires_soins_salama_039.jpg,.jpg,2085163,6016,4016,a6cd5de8d190f355378acfaa5c1361d14e2bc5706cc4e8494a517be113cdc4e1,false,false,,Formation des prestataires de soins SALAMA,"Atelier de formation en salle pour des prestataires de soins, avec participants, formateurs, documents, ordinateur, projecteur, banderole et exercices pratiques.",sante,formation; renforcement_capacites,formation_prestataires_soins,formation_prestataires_soins,SALAMA,,,,,prestataires_de_soins; communautes,personnel_sante; formateurs; participants; personnel_afd,sante; formation; renforcement_capacites; prestataires_de_soins; salle_formation; documents; presentation; banderole; equipements_protection,Banderole de formation des prestataires; references SALAMA visibles sur plusieurs images.,2026-07-11 04:54:26,exif,false,eleve,"Planche-contact verifiee: salle de formation, supports pedagogiques, participants, prestataires et exercices avec equipements de protection.",sante,afd_sante_formation_prestataires_soins_salama_039,Participants a un atelier de formation des prestataires de soins du projet SALAMA.,"Atelier de formation des prestataires de soins dans le cadre du projet SALAMA, avec sessions en salle et exercices pratiques.",false,already_exists,,true,D:\Maquette_AFD\Banque des images AFD\Banque Images 1\Atelier de formation des prestataires de soins SALAMA,2026-07-11T03:54:26,,true,,f2b0bb7bdade1619
b7aa05b4-b429-48fd-9f72-afbd8388a844,DSC_1609.jpg,D:\Maquette_AFD\Banque des images AFD\Banque Images 1\Atelier de formation des prestataires de soins SALAMA\DSC_1609.jpg,afd_sante_formation_prestataires_soins_salama_040.jpg,D:\Maquette_AFD\Banque des images AFD - Classees\01_sante\afd_sante_formation_prestataires_soins_salama_040.jpg,.jpg,1825622,6016,4016,b9902d147531f48f1e06fba9b1aebfe5e051b730f83c6adbc369b3231e68454c,false,false,,Formation des prestataires de soins SALAMA,"Atelier de formation en salle pour des prestataires de soins, avec participants, formateurs, documents, ordinateur, projecteur, banderole et exercices pratiques.",sante,formation; renforcement_capacites,formation_prestataires_soins,formation_prestataires_soins,SALAMA,,,,,prestataires_de_soins; communautes,personnel_sante; formateurs; participants; personnel_afd,sante; formation; renforcement_capacites; prestataires_de_soins; salle_formation; documents; presentation; banderole; equipements_protection,Banderole de formation des prestataires; references SALAMA visibles sur plusieurs images.,2026-07-11 04:54:36,exif,false,eleve,"Planche-contact verifiee: salle de formation, supports pedagogiques, participants, prestataires et exercices avec equipements de protection.",sante,afd_sante_formation_prestataires_soins_salama_040,Participants a un atelier de formation des prestataires de soins du projet SALAMA.,"Atelier de formation des prestataires de soins dans le cadre du projet SALAMA, avec sessions en salle et exercices pratiques.",false,already_exists,,true,D:\Maquette_AFD\Banque des images AFD\Banque Images 1\Atelier de formation des prestataires de soins SALAMA,2026-07-11T03:54:36,,true,,2f23a3a3b093d359
fb6d9245-9569-4f61-ac4d-6ab5d7b557cc,DSC_1610.jpg,D:\Maquette_AFD\Banque des images AFD\Banque Images 1\Atelier de formation des prestataires de soins SALAMA\DSC_1610.jpg,afd_sante_formation_prestataires_soins_salama_041.jpg,D:\Maquette_AFD\Banque des images AFD - Classees\01_sante\afd_sante_formation_prestataires_soins_salama_041.jpg,.jpg,2068938,6016,4016,28a70be12bc2f90cc12ae7ee3be452041b4a5ad3444ddafec37811d375208d5b,false,false,,Formation des prestataires de soins SALAMA,"Atelier de formation en salle pour des prestataires de soins, avec participants, formateurs, documents, ordinateur, projecteur, banderole et exercices pratiques.",sante,formation; renforcement_capacites,formation_prestataires_soins,formation_prestataires_soins,SALAMA,,,,,prestataires_de_soins; communautes,personnel_sante; formateurs; participants; personnel_afd,sante; formation; renforcement_capacites; prestataires_de_soins; salle_formation; documents; presentation; banderole; equipements_protection,Banderole de formation des prestataires; references SALAMA visibles sur plusieurs images.,2026-07-11 04:54:35,exif,false,eleve,"Planche-contact verifiee: salle de formation, supports pedagogiques, participants, prestataires et exercices avec equipements de protection.",sante,afd_sante_formation_prestataires_soins_salama_041,Participants a un atelier de formation des prestataires de soins du projet SALAMA.,"Atelier de formation des prestataires de soins dans le cadre du projet SALAMA, avec sessions en salle et exercices pratiques.",false,already_exists,,true,D:\Maquette_AFD\Banque des images AFD\Banque Images 1\Atelier de formation des prestataires de soins SALAMA,2026-07-11T03:54:36,,true,,40424646ca37b6e6
33932d1a-eaf6-4572-a40b-46b4797cf7dd,DSC_1614.jpg,D:\Maquette_AFD\Banque des images AFD\Banque Images 1\Atelier de formation des prestataires de soins SALAMA\DSC_1614.jpg,afd_sante_formation_prestataires_soins_salama_042.jpg,D:\Maquette_AFD\Banque des images AFD - Classees\01_sante\afd_sante_formation_prestataires_soins_salama_042.jpg,.jpg,1242870,6016,4016,5fd1f466fc85dec2816ce59bf69f408545ce2d608d1fb881f6482f64cbc58c46,false,false,,Formation des prestataires de soins SALAMA,"Atelier de formation en salle pour des prestataires de soins, avec participants, formateurs, documents, ordinateur, projecteur, banderole et exercices pratiques.",sante,formation; renforcement_capacites,formation_prestataires_soins,formation_prestataires_soins,SALAMA,,,,,prestataires_de_soins; communautes,personnel_sante; formateurs; participants; personnel_afd,sante; formation; renforcement_capacites; prestataires_de_soins; salle_formation; documents; presentation; banderole; equipements_protection,Banderole de formation des prestataires; references SALAMA visibles sur plusieurs images.,2026-07-11 04:54:43,exif,false,eleve,"Planche-contact verifiee: salle de formation, supports pedagogiques, participants, prestataires et exercices avec equipements de protection.",sante,afd_sante_formation_prestataires_soins_salama_042,Participants a un atelier de formation des prestataires de soins du projet SALAMA.,"Atelier de formation des prestataires de soins dans le cadre du projet SALAMA, avec sessions en salle et exercices pratiques.",false,already_exists,,true,D:\Maquette_AFD\Banque des images AFD\Banque Images 1\Atelier de formation des prestataires de soins SALAMA,2026-07-11T03:54:44,,true,,0616363693333bba
90f8b036-0f0f-4047-b5a2-0a3523c5a069,DSC_1615.jpg,D:\Maquette_AFD\Banque des images AFD\Banque Images 1\Atelier de formation des prestataires de soins SALAMA\DSC_1615.jpg,afd_sante_formation_prestataires_soins_salama_043.jpg,D:\Maquette_AFD\Banque des images AFD - Classees\01_sante\afd_sante_formation_prestataires_soins_salama_043.jpg,.jpg,1261596,6016,4016,88a1be422f765bacc0f779909203742992999832532af42285fc5061b35d8479,false,false,,Formation des prestataires de soins SALAMA,"Atelier de formation en salle pour des prestataires de soins, avec participants, formateurs, documents, ordinateur, projecteur, banderole et exercices pratiques.",sante,formation; renforcement_capacites,formation_prestataires_soins,formation_prestataires_soins,SALAMA,,,,,prestataires_de_soins; communautes,personnel_sante; formateurs; participants; personnel_afd,sante; formation; renforcement_capacites; prestataires_de_soins; salle_formation; documents; presentation; banderole; equipements_protection,Banderole de formation des prestataires; references SALAMA visibles sur plusieurs images.,2026-07-11 04:54:43,exif,false,eleve,"Planche-contact verifiee: salle de formation, supports pedagogiques, participants, prestataires et exercices avec equipements de protection.",sante,afd_sante_formation_prestataires_soins_salama_043,Participants a un atelier de formation des prestataires de soins du projet SALAMA.,"Atelier de formation des prestataires de soins dans le cadre du projet SALAMA, avec sessions en salle et exercices pratiques.",false,already_exists,,true,D:\Maquette_AFD\Banque des images AFD\Banque Images 1\Atelier de formation des prestataires de soins SALAMA,2026-07-11T03:54:44,,true,,0c14341e38383838
035236cc-9301-4d94-8331-2b77324dc3dc,DSC_1616.jpg,D:\Maquette_AFD\Banque des images AFD\Banque Images 1\Atelier de formation des prestataires de soins SALAMA\DSC_1616.jpg,afd_sante_formation_prestataires_soins_salama_044.jpg,D:\Maquette_AFD\Banque des images AFD - Classees\01_sante\afd_sante_formation_prestataires_soins_salama_044.jpg,.jpg,2068349,6016,4016,442123d2f777cb32e492472102f66a8cae042ba51ce6e8efc88cfb9d8f061888,false,false,,Formation des prestataires de soins SALAMA,"Atelier de formation en salle pour des prestataires de soins, avec participants, formateurs, documents, ordinateur, projecteur, banderole et exercices pratiques.",sante,formation; renforcement_capacites,formation_prestataires_soins,formation_prestataires_soins,SALAMA,,,,,prestataires_de_soins; communautes,personnel_sante; formateurs; participants; personnel_afd,sante; formation; renforcement_capacites; prestataires_de_soins; salle_formation; documents; presentation; banderole; equipements_protection,Banderole de formation des prestataires; references SALAMA visibles sur plusieurs images.,2026-07-11 04:54:50,exif,false,eleve,"Planche-contact verifiee: salle de formation, supports pedagogiques, participants, prestataires et exercices avec equipements de protection.",sante,afd_sante_formation_prestataires_soins_salama_044,Participants a un atelier de formation des prestataires de soins du projet SALAMA.,"Atelier de formation des prestataires de soins dans le cadre du projet SALAMA, avec sessions en salle et exercices pratiques.",false,already_exists,,true,D:\Maquette_AFD\Banque des images AFD\Banque Images 1\Atelier de formation des prestataires de soins SALAMA,2026-07-11T03:54:50,,true,,f8b9b9b94b0f1a7c
6b921b9d-2a38-4b3b-90da-e09db10f3070,DSC_1618.jpg,D:\Maquette_AFD\Banque des images AFD\Banque Images 1\Atelier de formation des prestataires de soins SALAMA\DSC_1618.jpg,afd_sante_formation_prestataires_soins_salama_045.jpg,D:\Maquette_AFD\Banque des images AFD - Classees\01_sante\afd_sante_formation_prestataires_soins_salama_045.jpg,.jpg,1908093,6016,4016,f3bb9191db4ceccf678e3aaae0049ab302a2b1ac11393834c9c7d18c5f5b1137,false,false,,Formation des prestataires de soins SALAMA,"Atelier de formation en salle pour des prestataires de soins, avec participants, formateurs, documents, ordinateur, projecteur, banderole et exercices pratiques.",sante,formation; renforcement_capacites,formation_prestataires_soins,formation_prestataires_soins,SALAMA,,,,,prestataires_de_soins; communautes,personnel_sante; formateurs; participants; personnel_afd,sante; formation; renforcement_capacites; prestataires_de_soins; salle_formation; documents; presentation; banderole; equipements_protection,Banderole de formation des prestataires; references SALAMA visibles sur plusieurs images.,2026-07-11 04:54:50,exif,false,eleve,"Planche-contact verifiee: salle de formation, supports pedagogiques, participants, prestataires et exercices avec equipements de protection.",sante,afd_sante_formation_prestataires_soins_salama_045,Participants a un atelier de formation des prestataires de soins du projet SALAMA.,"Atelier de formation des prestataires de soins dans le cadre du projet SALAMA, avec sessions en salle et exercices pratiques.",false,already_exists,,true,D:\Maquette_AFD\Banque des images AFD\Banque Images 1\Atelier de formation des prestataires de soins SALAMA,2026-07-11T03:54:50,,true,,fcd8dc7d59093d34
cd827b8d-c573-4e17-94ca-db87bc51b5b3,DSC_1619.jpg,D:\Maquette_AFD\Banque des images AFD\Banque Images 1\Atelier de formation des prestataires de soins SALAMA\DSC_1619.jpg,afd_sante_formation_prestataires_soins_salama_046.jpg,D:\Maquette_AFD\Banque des images AFD - Classees\01_sante\afd_sante_formation_prestataires_soins_salama_046.jpg,.jpg,2310075,6016,4016,459e2d1d9ac7a0470e4c287e64b6bb6fbc0d558d0ed0838f35618af1f1ec1116,false,false,,Formation des prestataires de soins SALAMA,"Atelier de formation en salle pour des prestataires de soins, avec participants, formateurs, documents, ordinateur, projecteur, banderole et exercices pratiques.",sante,formation; renforcement_capacites,formation_prestataires_soins,formation_prestataires_soins,SALAMA,,,,,prestataires_de_soins; communautes,personnel_sante; formateurs; participants; personnel_afd,sante; formation; renforcement_capacites; prestataires_de_soins; salle_formation; documents; presentation; banderole; equipements_protection,Banderole de formation des prestataires; references SALAMA visibles sur plusieurs images.,2026-07-11 04:54:58,exif,false,eleve,"Planche-contact verifiee: salle de formation, supports pedagogiques, participants, prestataires et exercices avec equipements de protection.",sante,afd_sante_formation_prestataires_soins_salama_046,Participants a un atelier de formation des prestataires de soins du projet SALAMA.,"Atelier de formation des prestataires de soins dans le cadre du projet SALAMA, avec sessions en salle et exercices pratiques.",false,already_exists,,true,D:\Maquette_AFD\Banque des images AFD\Banque Images 1\Atelier de formation des prestataires de soins SALAMA,2026-07-11T03:54:58,,true,,a4b49c9cd6d2d6c6
92a5beed-0b36-4d7b-a59c-ff368629047c,DSC_1628.jpg,D:\Maquette_AFD\Banque des images AFD\Banque Images 1\Atelier de formation des prestataires de soins SALAMA\DSC_1628.jpg,afd_sante_formation_prestataires_soins_salama_047.jpg,D:\Maquette_AFD\Banque des images AFD - Classees\01_sante\afd_sante_formation_prestataires_soins_salama_047.jpg,.jpg,2736073,6016,4016,c788632f9f74f7431bc1e8303241b059012e740ca78452d2d8c07fc8ddeeb27b,false,false,,Formation des prestataires de soins SALAMA,"Atelier de formation en salle pour des prestataires de soins, avec participants, formateurs, documents, ordinateur, projecteur, banderole et exercices pratiques.",sante,formation; renforcement_capacites,formation_prestataires_soins,formation_prestataires_soins,SALAMA,,,,,prestataires_de_soins; communautes,personnel_sante; formateurs; participants; personnel_afd,sante; formation; renforcement_capacites; prestataires_de_soins; salle_formation; documents; presentation; banderole; equipements_protection,Banderole de formation des prestataires; references SALAMA visibles sur plusieurs images.,2026-07-11 04:54:58,exif,false,eleve,"Planche-contact verifiee: salle de formation, supports pedagogiques, participants, prestataires et exercices avec equipements de protection.",sante,afd_sante_formation_prestataires_soins_salama_047,Participants a un atelier de formation des prestataires de soins du projet SALAMA.,"Atelier de formation des prestataires de soins dans le cadre du projet SALAMA, avec sessions en salle et exercices pratiques.",false,already_exists,,true,D:\Maquette_AFD\Banque des images AFD\Banque Images 1\Atelier de formation des prestataires de soins SALAMA,2026-07-11T03:54:58,,true,,9899349a8ddd9c60
b3905de2-cbf6-415d-aee0-a7ce305094c1,DSC_1687.jpg,D:\Maquette_AFD\Banque des images AFD\Banque Images 1\Atelier de formation des prestataires de soins SALAMA\DSC_1687.jpg,afd_sante_formation_prestataires_soins_salama_048.jpg,D:\Maquette_AFD\Banque des images AFD - Classees\01_sante\afd_sante_formation_prestataires_soins_salama_048.jpg,.jpg,2053855,6016,4016,fb6e91f8333a6418decfee2ea1bc70ccb7222053f01c0ccdf5baf1cc8aa54c91,false,false,,Formation des prestataires de soins SALAMA,"Atelier de formation en salle pour des prestataires de soins, avec participants, formateurs, documents, ordinateur, projecteur, banderole et exercices pratiques.",sante,formation; renforcement_capacites,formation_prestataires_soins,formation_prestataires_soins,SALAMA,,,,,prestataires_de_soins; communautes,personnel_sante; formateurs; participants; personnel_afd,sante; formation; renforcement_capacites; prestataires_de_soins; salle_formation; documents; presentation; banderole; equipements_protection,Banderole de formation des prestataires; references SALAMA visibles sur plusieurs images.,2026-07-12 12:26:17,exif,false,eleve,"Planche-contact verifiee: salle de formation, supports pedagogiques, participants, prestataires et exercices avec equipements de protection.",sante,afd_sante_formation_prestataires_soins_salama_048,Participants a un atelier de formation des prestataires de soins du projet SALAMA.,"Atelier de formation des prestataires de soins dans le cadre du projet SALAMA, avec sessions en salle et exercices pratiques.",false,already_exists,,true,D:\Maquette_AFD\Banque des images AFD\Banque Images 1\Atelier de formation des prestataires de soins SALAMA,2026-07-12T11:26:18,,true,,f7e5e4f2eba57132
3d56796a-c09c-4761-a3fa-b768b8d203bb,DSC_1690.jpg,D:\Maquette_AFD\Banque des images AFD\Banque Images 1\Atelier de formation des prestataires de soins SALAMA\DSC_1690.jpg,afd_sante_formation_prestataires_soins_salama_049.jpg,D:\Maquette_AFD\Banque des images AFD - Classees\01_sante\afd_sante_formation_prestataires_soins_salama_049.jpg,.jpg,1993975,6016,4016,9ea31ec1ee2a458ac92874f2c65a21d4935264e97bf1ad7166558b64c4c3c67f,false,false,,Formation des prestataires de soins SALAMA,"Atelier de formation en salle pour des prestataires de soins, avec participants, formateurs, documents, ordinateur, projecteur, banderole et exercices pratiques.",sante,formation; renforcement_capacites,formation_prestataires_soins,formation_prestataires_soins,SALAMA,,,,,prestataires_de_soins; communautes,personnel_sante; formateurs; participants; personnel_afd,sante; formation; renforcement_capacites; prestataires_de_soins; salle_formation; documents; presentation; banderole; equipements_protection,Banderole de formation des prestataires; references SALAMA visibles sur plusieurs images.,2026-07-12 12:27:08,exif,false,eleve,"Planche-contact verifiee: salle de formation, supports pedagogiques, participants, prestataires et exercices avec equipements de protection.",sante,afd_sante_formation_prestataires_soins_salama_049,Participants a un atelier de formation des prestataires de soins du projet SALAMA.,"Atelier de formation des prestataires de soins dans le cadre du projet SALAMA, avec sessions en salle et exercices pratiques.",false,already_exists,,true,D:\Maquette_AFD\Banque des images AFD\Banque Images 1\Atelier de formation des prestataires de soins SALAMA,2026-07-12T11:27:08,,true,,15b1b4b0d48aa134
cadd0df1-cbc0-4b5a-ba76-67bd3c93e1ae,DSC_1691.jpg,D:\Maquette_AFD\Banque des images AFD\Banque Images 1\Atelier de formation des prestataires de soins SALAMA\DSC_1691.jpg,afd_sante_formation_prestataires_soins_salama_050.jpg,D:\Maquette_AFD\Banque des images AFD - Classees\01_sante\afd_sante_formation_prestataires_soins_salama_050.jpg,.jpg,2184185,6016,4016,f084c8c0834437f57dfd16023dc4c88811d76cf9efa5d9c51a06d9b4d7c1b0a2,false,false,,Formation des prestataires de soins SALAMA,"Atelier de formation en salle pour des prestataires de soins, avec participants, formateurs, documents, ordinateur, projecteur, banderole et exercices pratiques.",sante,formation; renforcement_capacites,formation_prestataires_soins,formation_prestataires_soins,SALAMA,,,,,prestataires_de_soins; communautes,personnel_sante; formateurs; participants; personnel_afd,sante; formation; renforcement_capacites; prestataires_de_soins; salle_formation; documents; presentation; banderole; equipements_protection,Banderole de formation des prestataires; references SALAMA visibles sur plusieurs images.,2026-07-12 12:27:37,exif,false,eleve,"Planche-contact verifiee: salle de formation, supports pedagogiques, participants, prestataires et exercices avec equipements de protection.",sante,afd_sante_formation_prestataires_soins_salama_050,Participants a un atelier de formation des prestataires de soins du projet SALAMA.,"Atelier de formation des prestataires de soins dans le cadre du projet SALAMA, avec sessions en salle et exercices pratiques.",false,already_exists,,true,D:\Maquette_AFD\Banque des images AFD\Banque Images 1\Atelier de formation des prestataires de soins SALAMA,2026-07-12T11:27:38,,true,,98e8e9a8e4d3b393
ab021d6b-3495-452b-a133-4d99b43f30c4,DSC_1693.jpg,D:\Maquette_AFD\Banque des images AFD\Banque Images 1\Atelier de formation des prestataires de soins SALAMA\DSC_1693.jpg,afd_sante_formation_prestataires_soins_salama_051.jpg,D:\Maquette_AFD\Banque des images AFD - Classees\01_sante\afd_sante_formation_prestataires_soins_salama_051.jpg,.jpg,1845567,6016,4016,5758ea9eb76f765aff439e1abe4c05f5819c5bebe032c16a88631f83568d22e8,false,false,,Formation des prestataires de soins SALAMA,"Atelier de formation en salle pour des prestataires de soins, avec participants, formateurs, documents, ordinateur, projecteur, banderole et exercices pratiques.",sante,formation; renforcement_capacites,formation_prestataires_soins,formation_prestataires_soins,SALAMA,,,,,prestataires_de_soins; communautes,personnel_sante; formateurs; participants; personnel_afd,sante; formation; renforcement_capacites; prestataires_de_soins; salle_formation; documents; presentation; banderole; equipements_protection,Banderole de formation des prestataires; references SALAMA visibles sur plusieurs images.,2026-07-12 12:28:04,exif,false,eleve,"Planche-contact verifiee: salle de formation, supports pedagogiques, participants, prestataires et exercices avec equipements de protection.",sante,afd_sante_formation_prestataires_soins_salama_051,Participants a un atelier de formation des prestataires de soins du projet SALAMA.,"Atelier de formation des prestataires de soins dans le cadre du projet SALAMA, avec sessions en salle et exercices pratiques.",false,already_exists,,true,D:\Maquette_AFD\Banque des images AFD\Banque Images 1\Atelier de formation des prestataires de soins SALAMA,2026-07-12T11:28:04,,true,,9296b7b6979bd3c3
421ac45e-5734-4cb7-a9b8-4b960a38a5c6,DSC_1696.jpg,D:\Maquette_AFD\Banque des images AFD\Banque Images 1\Atelier de formation des prestataires de soins SALAMA\DSC_1696.jpg,afd_sante_formation_prestataires_soins_salama_052.jpg,D:\Maquette_AFD\Banque des images AFD - Classees\01_sante\afd_sante_formation_prestataires_soins_salama_052.jpg,.jpg,2645246,6016,4016,b1856da264e956faf1965ca93c987981d02156d863555d0334eaa362df399ae4,false,false,,Formation des prestataires de soins SALAMA,"Atelier de formation en salle pour des prestataires de soins, avec participants, formateurs, documents, ordinateur, projecteur, banderole et exercices pratiques.",sante,formation; renforcement_capacites,formation_prestataires_soins,formation_prestataires_soins,SALAMA,,,,,prestataires_de_soins; communautes,personnel_sante; formateurs; participants; personnel_afd,sante; formation; renforcement_capacites; prestataires_de_soins; salle_formation; documents; presentation; banderole; equipements_protection,Banderole de formation des prestataires; references SALAMA visibles sur plusieurs images.,2026-07-12 12:28:39,exif,false,eleve,"Planche-contact verifiee: salle de formation, supports pedagogiques, participants, prestataires et exercices avec equipements de protection.",sante,afd_sante_formation_prestataires_soins_salama_052,Participants a un atelier de formation des prestataires de soins du projet SALAMA.,"Atelier de formation des prestataires de soins dans le cadre du projet SALAMA, avec sessions en salle et exercices pratiques.",false,already_exists,,true,D:\Maquette_AFD\Banque des images AFD\Banque Images 1\Atelier de formation des prestataires de soins SALAMA,2026-07-12T11:28:40,,true,,b1b3b1b08d8caab9
64b553e9-bb95-4297-9c3d-939e3ee1bd4f,DSC_1703.jpg,D:\Maquette_AFD\Banque des images AFD\Banque Images 1\Atelier de formation des prestataires de soins SALAMA\DSC_1703.jpg,afd_sante_formation_prestataires_soins_salama_053.jpg,D:\Maquette_AFD\Banque des images AFD - Classees\01_sante\afd_sante_formation_prestataires_soins_salama_053.jpg,.jpg,3055706,6016,4016,eafc79a03d5ecd2c28313e6cdb8b6394e7f5fe63f50a5c02a82963c22684be2c,false,false,,Formation des prestataires de soins SALAMA,"Atelier de formation en salle pour des prestataires de soins, avec participants, formateurs, documents, ordinateur, projecteur, banderole et exercices pratiques.",sante,formation; renforcement_capacites,formation_prestataires_soins,formation_prestataires_soins,SALAMA,,,,,prestataires_de_soins; communautes,personnel_sante; formateurs; participants; personnel_afd,sante; formation; renforcement_capacites; prestataires_de_soins; salle_formation; documents; presentation; banderole; equipements_protection,Banderole de formation des prestataires; references SALAMA visibles sur plusieurs images.,2026-07-12 12:29:02,exif,false,eleve,"Planche-contact verifiee: salle de formation, supports pedagogiques, participants, prestataires et exercices avec equipements de protection.",sante,afd_sante_formation_prestataires_soins_salama_053,Participants a un atelier de formation des prestataires de soins du projet SALAMA.,"Atelier de formation des prestataires de soins dans le cadre du projet SALAMA, avec sessions en salle et exercices pratiques.",false,already_exists,,true,D:\Maquette_AFD\Banque des images AFD\Banque Images 1\Atelier de formation des prestataires de soins SALAMA,2026-07-12T11:29:02,,true,,49c68e99391d9f07
dae158ad-c7fc-4aa0-b875-52823506ef50,DSC_1706.jpg,D:\Maquette_AFD\Banque des images AFD\Banque Images 1\Atelier de formation des prestataires de soins SALAMA\DSC_1706.jpg,afd_sante_formation_prestataires_soins_salama_054.jpg,D:\Maquette_AFD\Banque des images AFD - Classees\01_sante\afd_sante_formation_prestataires_soins_salama_054.jpg,.jpg,3249962,6016,4016,d1abe2cde0fb86c5ebbe633f8a26d6a9d33383eb9730032eb19c254cea2ed73e,false,false,,Formation des prestataires de soins SALAMA,"Atelier de formation en salle pour des prestataires de soins, avec participants, formateurs, documents, ordinateur, projecteur, banderole et exercices pratiques.",sante,formation; renforcement_capacites,formation_prestataires_soins,formation_prestataires_soins,SALAMA,,,,,prestataires_de_soins; communautes,personnel_sante; formateurs; participants; personnel_afd,sante; formation; renforcement_capacites; prestataires_de_soins; salle_formation; documents; presentation; banderole; equipements_protection,Banderole de formation des prestataires; references SALAMA visibles sur plusieurs images.,2026-07-12 12:29:25,exif,false,eleve,"Planche-contact verifiee: salle de formation, supports pedagogiques, participants, prestataires et exercices avec equipements de protection.",sante,afd_sante_formation_prestataires_soins_salama_054,Participants a un atelier de formation des prestataires de soins du projet SALAMA.,"Atelier de formation des prestataires de soins dans le cadre du projet SALAMA, avec sessions en salle et exercices pratiques.",false,already_exists,,true,D:\Maquette_AFD\Banque des images AFD\Banque Images 1\Atelier de formation des prestataires de soins SALAMA,2026-07-12T11:29:26,,true,,27c3c41636949609
8a94109e-77ff-43c3-8462-d79438b0a346,DSC_1707.jpg,D:\Maquette_AFD\Banque des images AFD\Banque Images 1\Atelier de formation des prestataires de soins SALAMA\DSC_1707.jpg,afd_sante_formation_prestataires_soins_salama_055.jpg,D:\Maquette_AFD\Banque des images AFD - Classees\01_sante\afd_sante_formation_prestataires_soins_salama_055.jpg,.jpg,3205827,6016,4016,c8e98580ad9ab8d5e30d543e4d4f835cabc44749da1db503bcb63abcfcfa6add,false,false,,Formation des prestataires de soins SALAMA,"Atelier de formation en salle pour des prestataires de soins, avec participants, formateurs, documents, ordinateur, projecteur, banderole et exercices pratiques.",sante,formation; renforcement_capacites,formation_prestataires_soins,formation_prestataires_soins,SALAMA,,,,,prestataires_de_soins; communautes,personnel_sante; formateurs; participants; personnel_afd,sante; formation; renforcement_capacites; prestataires_de_soins; salle_formation; documents; presentation; banderole; equipements_protection,Banderole de formation des prestataires; references SALAMA visibles sur plusieurs images.,2026-07-12 12:29:43,exif,false,eleve,"Planche-contact verifiee: salle de formation, supports pedagogiques, participants, prestataires et exercices avec equipements de protection.",sante,afd_sante_formation_prestataires_soins_salama_055,Participants a un atelier de formation des prestataires de soins du projet SALAMA.,"Atelier de formation des prestataires de soins dans le cadre du projet SALAMA, avec sessions en salle et exercices pratiques.",false,already_exists,,true,D:\Maquette_AFD\Banque des images AFD\Banque Images 1\Atelier de formation des prestataires de soins SALAMA,2026-07-12T11:29:44,,true,,38c2476566e30f37
6d2cee26-abcf-41ff-a545-c4c873a3a499,DSC_1715.jpg,D:\Maquette_AFD\Banque des images AFD\Banque Images 1\Atelier de formation des prestataires de soins SALAMA\DSC_1715.jpg,afd_sante_formation_prestataires_soins_salama_056.jpg,D:\Maquette_AFD\Banque des images AFD - Classees\01_sante\afd_sante_formation_prestataires_soins_salama_056.jpg,.jpg,3219200,6016,4016,bbeb5dd48d9aaf49b2e4a7c900eab2c5dd13e1973b46532daaee8d5e91f6b715,false,false,,Formation des prestataires de soins SALAMA,"Atelier de formation en salle pour des prestataires de soins, avec participants, formateurs, documents, ordinateur, projecteur, banderole et exercices pratiques.",sante,formation; renforcement_capacites,formation_prestataires_soins,formation_prestataires_soins,SALAMA,,,,,prestataires_de_soins; communautes,personnel_sante; formateurs; participants; personnel_afd,sante; formation; renforcement_capacites; prestataires_de_soins; salle_formation; documents; presentation; banderole; equipements_protection,Banderole de formation des prestataires; references SALAMA visibles sur plusieurs images.,2026-07-12 12:30:22,exif,false,eleve,"Planche-contact verifiee: salle de formation, supports pedagogiques, participants, prestataires et exercices avec equipements de protection.",sante,afd_sante_formation_prestataires_soins_salama_056,Participants a un atelier de formation des prestataires de soins du projet SALAMA.,"Atelier de formation des prestataires de soins dans le cadre du projet SALAMA, avec sessions en salle et exercices pratiques.",false,already_exists,,true,D:\Maquette_AFD\Banque des images AFD\Banque Images 1\Atelier de formation des prestataires de soins SALAMA,2026-07-12T11:30:22,,true,,2ee3e0c2c5b53c9b
9e9593f7-5670-4113-a896-c65c2cb6b8cc,DSC_1723.jpg,D:\Maquette_AFD\Banque des images AFD\Banque Images 1\Atelier de formation des prestataires de soins SALAMA\DSC_1723.jpg,afd_sante_formation_prestataires_soins_salama_057.jpg,D:\Maquette_AFD\Banque des images AFD - Classees\01_sante\afd_sante_formation_prestataires_soins_salama_057.jpg,.jpg,1371176,6016,4016,544d369f6fb2d7a2de00d301c9dae13facc6cc06fc9f48bd4505fdfd8a7bc81c,false,false,,Formation des prestataires de soins SALAMA,"Atelier de formation en salle pour des prestataires de soins, avec participants, formateurs, documents, ordinateur, projecteur, banderole et exercices pratiques.",sante,formation; renforcement_capacites,formation_prestataires_soins,formation_prestataires_soins,SALAMA,,,,,prestataires_de_soins; communautes,personnel_sante; formateurs; participants; personnel_afd,sante; formation; renforcement_capacites; prestataires_de_soins; salle_formation; documents; presentation; banderole; equipements_protection,Banderole de formation des prestataires; references SALAMA visibles sur plusieurs images.,2026-07-12 07:54:07,exif,false,eleve,"Planche-contact verifiee: salle de formation, supports pedagogiques, participants, prestataires et exercices avec equipements de protection.",sante,afd_sante_formation_prestataires_soins_salama_057,Participants a un atelier de formation des prestataires de soins du projet SALAMA.,"Atelier de formation des prestataires de soins dans le cadre du projet SALAMA, avec sessions en salle et exercices pratiques.",false,already_exists,,true,D:\Maquette_AFD\Banque des images AFD\Banque Images 1\Atelier de formation des prestataires de soins SALAMA,2026-07-12T06:54:08,,true,,9bd89999793b2963
de3f5e4a-708f-400c-91c6-b9b907f17026,DSC_1726.jpg,D:\Maquette_AFD\Banque des images AFD\Banque Images 1\Atelier de formation des prestataires de soins SALAMA\DSC_1726.jpg,afd_sante_formation_prestataires_soins_salama_058.jpg,D:\Maquette_AFD\Banque des images AFD - Classees\01_sante\afd_sante_formation_prestataires_soins_salama_058.jpg,.jpg,2018037,6016,4016,540f0a76e02627cf629629a8ff77cac8538ce3305dd13544d2753fa4b1e93594,false,false,,Formation des prestataires de soins SALAMA,"Atelier de formation en salle pour des prestataires de soins, avec participants, formateurs, documents, ordinateur, projecteur, banderole et exercices pratiques.",sante,formation; renforcement_capacites,formation_prestataires_soins,formation_prestataires_soins,SALAMA,,,,,prestataires_de_soins; communautes,personnel_sante; formateurs; participants; personnel_afd,sante; formation; renforcement_capacites; prestataires_de_soins; salle_formation; documents; presentation; banderole; equipements_protection,Banderole de formation des prestataires; references SALAMA visibles sur plusieurs images.,2026-07-12 07:52:50,exif,false,eleve,"Planche-contact verifiee: salle de formation, supports pedagogiques, participants, prestataires et exercices avec equipements de protection.",sante,afd_sante_formation_prestataires_soins_salama_058,Participants a un atelier de formation des prestataires de soins du projet SALAMA.,"Atelier de formation des prestataires de soins dans le cadre du projet SALAMA, avec sessions en salle et exercices pratiques.",false,already_exists,,true,D:\Maquette_AFD\Banque des images AFD\Banque Images 1\Atelier de formation des prestataires de soins SALAMA,2026-07-12T06:52:52,,true,,a73333333733bbec
9da8a813-2760-41e2-9068-f2c08428e9b5,DSC_1727.jpg,D:\Maquette_AFD\Banque des images AFD\Banque Images 1\Atelier de formation des prestataires de soins SALAMA\DSC_1727.jpg,afd_sante_formation_prestataires_soins_salama_059.jpg,D:\Maquette_AFD\Banque des images AFD - Classees\01_sante\afd_sante_formation_prestataires_soins_salama_059.jpg,.jpg,1258894,6016,4016,557d5bf02ed2327046c694bca89f9bddc872c9b4e8a4ce77c0b049945500cf60,false,false,,Formation des prestataires de soins SALAMA,"Atelier de formation en salle pour des prestataires de soins, avec participants, formateurs, documents, ordinateur, projecteur, banderole et exercices pratiques.",sante,formation; renforcement_capacites,formation_prestataires_soins,formation_prestataires_soins,SALAMA,,,,,prestataires_de_soins; communautes,personnel_sante; formateurs; participants; personnel_afd,sante; formation; renforcement_capacites; prestataires_de_soins; salle_formation; documents; presentation; banderole; equipements_protection,Banderole de formation des prestataires; references SALAMA visibles sur plusieurs images.,2026-07-12 07:52:08,exif,false,eleve,"Planche-contact verifiee: salle de formation, supports pedagogiques, participants, prestataires et exercices avec equipements de protection.",sante,afd_sante_formation_prestataires_soins_salama_059,Participants a un atelier de formation des prestataires de soins du projet SALAMA.,"Atelier de formation des prestataires de soins dans le cadre du projet SALAMA, avec sessions en salle et exercices pratiques.",false,already_exists,,true,D:\Maquette_AFD\Banque des images AFD\Banque Images 1\Atelier de formation des prestataires de soins SALAMA,2026-07-12T06:52:08,,true,,6c66636b6b6b3b1b
ce8fee40-48a5-4a99-9034-631ab44726a4,DSC_1728.jpg,D:\Maquette_AFD\Banque des images AFD\Banque Images 1\Atelier de formation des prestataires de soins SALAMA\DSC_1728.jpg,afd_sante_formation_prestataires_soins_salama_060.jpg,D:\Maquette_AFD\Banque des images AFD - Classees\01_sante\afd_sante_formation_prestataires_soins_salama_060.jpg,.jpg,1069775,6016,4016,598540eade20e5f121740b3518744c30a270fd42df0d8a40acf1dc6eefb55eec,false,false,,Formation des prestataires de soins SALAMA,"Atelier de formation en salle pour des prestataires de soins, avec participants, formateurs, documents, ordinateur, projecteur, banderole et exercices pratiques.",sante,formation; renforcement_capacites,formation_prestataires_soins,formation_prestataires_soins,SALAMA,,,,,prestataires_de_soins; communautes,personnel_sante; formateurs; participants; personnel_afd,sante; formation; renforcement_capacites; prestataires_de_soins; salle_formation; documents; presentation; banderole; equipements_protection,Banderole de formation des prestataires; references SALAMA visibles sur plusieurs images.,2026-07-12 07:52:25,exif,false,eleve,"Planche-contact verifiee: salle de formation, supports pedagogiques, participants, prestataires et exercices avec equipements de protection.",sante,afd_sante_formation_prestataires_soins_salama_060,Participants a un atelier de formation des prestataires de soins du projet SALAMA.,"Atelier de formation des prestataires de soins dans le cadre du projet SALAMA, avec sessions en salle et exercices pratiques.",false,already_exists,,true,D:\Maquette_AFD\Banque des images AFD\Banque Images 1\Atelier de formation des prestataires de soins SALAMA,2026-07-12T06:52:26,,true,,c58f266636273637
652c4c80-559d-49e1-83d1-be2d6ff1988d,DSC_1730.jpg,D:\Maquette_AFD\Banque des images AFD\Banque Images 1\Atelier de formation des prestataires de soins SALAMA\DSC_1730.jpg,afd_sante_formation_prestataires_soins_salama_061.jpg,D:\Maquette_AFD\Banque des images AFD - Classees\01_sante\afd_sante_formation_prestataires_soins_salama_061.jpg,.jpg,1617703,6016,4016,164e64412325a7d94413bb1fb9e54fcf1a515a5e540036d63173242a50cff1b4,false,false,,Formation des prestataires de soins SALAMA,"Atelier de formation en salle pour des prestataires de soins, avec participants, formateurs, documents, ordinateur, projecteur, banderole et exercices pratiques.",sante,formation; renforcement_capacites,formation_prestataires_soins,formation_prestataires_soins,SALAMA,,,,,prestataires_de_soins; communautes,personnel_sante; formateurs; participants; personnel_afd,sante; formation; renforcement_capacites; prestataires_de_soins; salle_formation; documents; presentation; banderole; equipements_protection,Banderole de formation des prestataires; references SALAMA visibles sur plusieurs images.,2026-07-12 07:51:30,exif,false,eleve,"Planche-contact verifiee: salle de formation, supports pedagogiques, participants, prestataires et exercices avec equipements de protection.",sante,afd_sante_formation_prestataires_soins_salama_061,Participants a un atelier de formation des prestataires de soins du projet SALAMA.,"Atelier de formation des prestataires de soins dans le cadre du projet SALAMA, avec sessions en salle et exercices pratiques.",false,already_exists,,true,D:\Maquette_AFD\Banque des images AFD\Banque Images 1\Atelier de formation des prestataires de soins SALAMA,2026-07-12T06:51:30,,true,,69673735bf33b29a
66ddd3fa-4c1c-4d53-ba06-5fb29919d3ce,DSC_1731.jpg,D:\Maquette_AFD\Banque des images AFD\Banque Images 1\Atelier de formation des prestataires de soins SALAMA\DSC_1731.jpg,afd_sante_formation_prestataires_soins_salama_062.jpg,D:\Maquette_AFD\Banque des images AFD - Classees\01_sante\afd_sante_formation_prestataires_soins_salama_062.jpg,.jpg,1571544,6016,4016,f5ed85d05692326988e2c63fa502f383cf3a4061ef0c20577f67b1ceeac467dd,false,false,,Formation des prestataires de soins SALAMA,"Atelier de formation en salle pour des prestataires de soins, avec participants, formateurs, documents, ordinateur, projecteur, banderole et exercices pratiques.",sante,formation; renforcement_capacites,formation_prestataires_soins,formation_prestataires_soins,SALAMA,,,,,prestataires_de_soins; communautes,personnel_sante; formateurs; participants; personnel_afd,sante; formation; renforcement_capacites; prestataires_de_soins; salle_formation; documents; presentation; banderole; equipements_protection,Banderole de formation des prestataires; references SALAMA visibles sur plusieurs images.,2026-07-12 07:50:56,exif,false,eleve,"Planche-contact verifiee: salle de formation, supports pedagogiques, participants, prestataires et exercices avec equipements de protection.",sante,afd_sante_formation_prestataires_soins_salama_062,Participants a un atelier de formation des prestataires de soins du projet SALAMA.,"Atelier de formation des prestataires de soins dans le cadre du projet SALAMA, avec sessions en salle et exercices pratiques.",false,already_exists,,true,D:\Maquette_AFD\Banque des images AFD\Banque Images 1\Atelier de formation des prestataires de soins SALAMA,2026-07-12T06:50:58,,true,,5555559d97d55566
01b8f548-f0ab-4e44-84e4-0100c4ac2aff,DSC_1734.jpg,D:\Maquette_AFD\Banque des images AFD\Banque Images 1\Atelier de formation des prestataires de soins SALAMA\DSC_1734.jpg,afd_sante_formation_prestataires_soins_salama_063.jpg,D:\Maquette_AFD\Banque des images AFD - Classees\01_sante\afd_sante_formation_prestataires_soins_salama_063.jpg,.jpg,1730544,6016,4016,b830af11c816d4fb08b313e5942e2c29ea04bc28da16d370e51a3337c09e3721,false,false,,Formation des prestataires de soins SALAMA,"Atelier de formation en salle pour des prestataires de soins, avec participants, formateurs, documents, ordinateur, projecteur, banderole et exercices pratiques.",sante,formation; renforcement_capacites,formation_prestataires_soins,formation_prestataires_soins,SALAMA,,,,,prestataires_de_soins; communautes,personnel_sante; formateurs; participants; personnel_afd,sante; formation; renforcement_capacites; prestataires_de_soins; salle_formation; documents; presentation; banderole; equipements_protection,Banderole de formation des prestataires; references SALAMA visibles sur plusieurs images.,2026-07-12 07:50:32,exif,false,eleve,"Planche-contact verifiee: salle de formation, supports pedagogiques, participants, prestataires et exercices avec equipements de protection.",sante,afd_sante_formation_prestataires_soins_salama_063,Participants a un atelier de formation des prestataires de soins du projet SALAMA.,"Atelier de formation des prestataires de soins dans le cadre du projet SALAMA, avec sessions en salle et exercices pratiques.",false,already_exists,,true,D:\Maquette_AFD\Banque des images AFD\Banque Images 1\Atelier de formation des prestataires de soins SALAMA,2026-07-12T06:50:34,,true,,6b7777a7f7f36ad9
dbdb4f88-234c-4ee4-b67a-589750b4cfdb,DSC_1735.jpg,D:\Maquette_AFD\Banque des images AFD\Banque Images 1\Atelier de formation des prestataires de soins SALAMA\DSC_1735.jpg,afd_sante_formation_prestataires_soins_salama_064.jpg,D:\Maquette_AFD\Banque des images AFD - Classees\01_sante\afd_sante_formation_prestataires_soins_salama_064.jpg,.jpg,2213941,6016,4016,11db85b4a400d9bb8df351f79f9d96dcd2fd432c8763ee0fff043fb650e13eb3,false,false,,Formation des prestataires de soins SALAMA,"Atelier de formation en salle pour des prestataires de soins, avec participants, formateurs, documents, ordinateur, projecteur, banderole et exercices pratiques.",sante,formation; renforcement_capacites,formation_prestataires_soins,formation_prestataires_soins,SALAMA,,,,,prestataires_de_soins; communautes,personnel_sante; formateurs; participants; personnel_afd,sante; formation; renforcement_capacites; prestataires_de_soins; salle_formation; documents; presentation; banderole; equipements_protection,Banderole de formation des prestataires; references SALAMA visibles sur plusieurs images.,2026-07-12 07:49:53,exif,false,eleve,"Planche-contact verifiee: salle de formation, supports pedagogiques, participants, prestataires et exercices avec equipements de protection.",sante,afd_sante_formation_prestataires_soins_salama_064,Participants a un atelier de formation des prestataires de soins du projet SALAMA.,"Atelier de formation des prestataires de soins dans le cadre du projet SALAMA, avec sessions en salle et exercices pratiques.",false,already_exists,,true,D:\Maquette_AFD\Banque des images AFD\Banque Images 1\Atelier de formation des prestataires de soins SALAMA,2026-07-12T06:49:52,,true,,27e5e5c969693dbc
3d9a3319-7b15-4ca4-876e-f16c550962ba,DSC_1737.jpg,D:\Maquette_AFD\Banque des images AFD\Banque Images 1\Atelier de formation des prestataires de soins SALAMA\DSC_1737.jpg,afd_sante_formation_prestataires_soins_salama_065.jpg,D:\Maquette_AFD\Banque des images AFD - Classees\01_sante\afd_sante_formation_prestataires_soins_salama_065.jpg,.jpg,1395862,5535,3376,02a75792a39d0fdf509a80810f6cab29a60b6dec608da4b33a3468d01b430328,false,false,,Formation des prestataires de soins SALAMA,"Atelier de formation en salle pour des prestataires de soins, avec participants, formateurs, documents, ordinateur, projecteur, banderole et exercices pratiques.",sante,formation; renforcement_capacites,formation_prestataires_soins,formation_prestataires_soins,SALAMA,,,,,prestataires_de_soins; communautes,personnel_sante; formateurs; participants; personnel_afd,sante; formation; renforcement_capacites; prestataires_de_soins; salle_formation; documents; presentation; banderole; equipements_protection,Banderole de formation des prestataires; references SALAMA visibles sur plusieurs images.,2026-07-12 07:49:27,exif,false,eleve,"Planche-contact verifiee: salle de formation, supports pedagogiques, participants, prestataires et exercices avec equipements de protection.",sante,afd_sante_formation_prestataires_soins_salama_065,Participants a un atelier de formation des prestataires de soins du projet SALAMA.,"Atelier de formation des prestataires de soins dans le cadre du projet SALAMA, avec sessions en salle et exercices pratiques.",false,already_exists,,true,D:\Maquette_AFD\Banque des images AFD\Banque Images 1\Atelier de formation des prestataires de soins SALAMA,2026-07-12T06:49:28,,true,,3535153d15109065
ae7e8ae3-d085-46f6-9fa9-0f33e676f138,DSC_1740.jpg,D:\Maquette_AFD\Banque des images AFD\Banque Images 1\Atelier de formation des prestataires de soins SALAMA\DSC_1740.jpg,afd_sante_formation_prestataires_soins_salama_066.jpg,D:\Maquette_AFD\Banque des images AFD - Classees\01_sante\afd_sante_formation_prestataires_soins_salama_066.jpg,.jpg,1467627,6016,4016,c0f357006787ff8a23528eeeb403cc7f278504697a3eaa494a7b86d8be540159,false,false,,Formation des prestataires de soins SALAMA,"Atelier de formation en salle pour des prestataires de soins, avec participants, formateurs, documents, ordinateur, projecteur, banderole et exercices pratiques.",sante,formation; renforcement_capacites,formation_prestataires_soins,formation_prestataires_soins,SALAMA,,,,,prestataires_de_soins; communautes,personnel_sante; formateurs; participants; personnel_afd,sante; formation; renforcement_capacites; prestataires_de_soins; salle_formation; documents; presentation; banderole; equipements_protection,Banderole de formation des prestataires; references SALAMA visibles sur plusieurs images.,2026-07-12 07:47:41,exif,false,eleve,"Planche-contact verifiee: salle de formation, supports pedagogiques, participants, prestataires et exercices avec equipements de protection.",sante,afd_sante_formation_prestataires_soins_salama_066,Participants a un atelier de formation des prestataires de soins du projet SALAMA.,"Atelier de formation des prestataires de soins dans le cadre du projet SALAMA, avec sessions en salle et exercices pratiques.",false,already_exists,,true,D:\Maquette_AFD\Banque des images AFD\Banque Images 1\Atelier de formation des prestataires de soins SALAMA,2026-07-12T06:47:42,,true,,dbc3cbc92d8989a9
54f502f6-ec76-454e-9ed1-c13f13b1a786,DSC_1741.jpg,D:\Maquette_AFD\Banque des images AFD\Banque Images 1\Atelier de formation des prestataires de soins SALAMA\DSC_1741.jpg,afd_sante_formation_prestataires_soins_salama_067.jpg,D:\Maquette_AFD\Banque des images AFD - Classees\01_sante\afd_sante_formation_prestataires_soins_salama_067.jpg,.jpg,1889586,6016,4016,b1fa2aecfdc85c32193ae64d81f805e13bfb05d2c1f1fb22225a0017d95a19da,false,false,,Formation des prestataires de soins SALAMA,"Atelier de formation en salle pour des prestataires de soins, avec participants, formateurs, documents, ordinateur, projecteur, banderole et exercices pratiques.",sante,formation; renforcement_capacites,formation_prestataires_soins,formation_prestataires_soins,SALAMA,,,,,prestataires_de_soins; communautes,personnel_sante; formateurs; participants; personnel_afd,sante; formation; renforcement_capacites; prestataires_de_soins; salle_formation; documents; presentation; banderole; equipements_protection,Banderole de formation des prestataires; references SALAMA visibles sur plusieurs images.,2026-07-12 07:47:41,exif,false,eleve,"Planche-contact verifiee: salle de formation, supports pedagogiques, participants, prestataires et exercices avec equipements de protection.",sante,afd_sante_formation_prestataires_soins_salama_067,Participants a un atelier de formation des prestataires de soins du projet SALAMA.,"Atelier de formation des prestataires de soins dans le cadre du projet SALAMA, avec sessions en salle et exercices pratiques.",false,already_exists,,true,D:\Maquette_AFD\Banque des images AFD\Banque Images 1\Atelier de formation des prestataires de soins SALAMA,2026-07-12T06:47:42,,true,,9f91353735a5bdef
de126182-c6b1-4aae-83b6-607361bbc604,DSC_1742.jpg,D:\Maquette_AFD\Banque des images AFD\Banque Images 1\Atelier de formation des prestataires de soins SALAMA\DSC_1742.jpg,afd_sante_formation_prestataires_soins_salama_068.jpg,D:\Maquette_AFD\Banque des images AFD - Classees\01_sante\afd_sante_formation_prestataires_soins_salama_068.jpg,.jpg,1830233,6016,4016,9507a86ea178a7d8bc81144da73714958df8252c76575d0bf795bd5fa733aaee,false,false,,Formation des prestataires de soins SALAMA,"Atelier de formation en salle pour des prestataires de soins, avec participants, formateurs, documents, ordinateur, projecteur, banderole et exercices pratiques.",sante,formation; renforcement_capacites,formation_prestataires_soins,formation_prestataires_soins,SALAMA,,,,,prestataires_de_soins; communautes,personnel_sante; formateurs; participants; personnel_afd,sante; formation; renforcement_capacites; prestataires_de_soins; salle_formation; documents; presentation; banderole; equipements_protection,Banderole de formation des prestataires; references SALAMA visibles sur plusieurs images.,2026-07-12 07:48:19,exif,false,eleve,"Planche-contact verifiee: salle de formation, supports pedagogiques, participants, prestataires et exercices avec equipements de protection.",sante,afd_sante_formation_prestataires_soins_salama_068,Participants a un atelier de formation des prestataires de soins du projet SALAMA.,"Atelier de formation des prestataires de soins dans le cadre du projet SALAMA, avec sessions en salle et exercices pratiques.",false,already_exists,,true,D:\Maquette_AFD\Banque des images AFD\Banque Images 1\Atelier de formation des prestataires de soins SALAMA,2026-07-12T06:48:20,,true,,9b91753235356ff3
07c8ae04-e1ea-45b7-955d-9719a96ce9c8,DSC_1743.jpg,D:\Maquette_AFD\Banque des images AFD\Banque Images 1\Atelier de formation des prestataires de soins SALAMA\DSC_1743.jpg,afd_sante_formation_prestataires_soins_salama_069.jpg,D:\Maquette_AFD\Banque des images AFD - Classees\01_sante\afd_sante_formation_prestataires_soins_salama_069.jpg,.jpg,2152302,6016,4016,2bfc95682ea7a400c868fdde567d94148b07baab81a5d36013e430f2a962f4df,false,false,,Formation des prestataires de soins SALAMA,"Atelier de formation en salle pour des prestataires de soins, avec participants, formateurs, documents, ordinateur, projecteur, banderole et exercices pratiques.",sante,formation; renforcement_capacites,formation_prestataires_soins,formation_prestataires_soins,SALAMA,,,,,prestataires_de_soins; communautes,personnel_sante; formateurs; participants; personnel_afd,sante; formation; renforcement_capacites; prestataires_de_soins; salle_formation; documents; presentation; banderole; equipements_protection,Banderole de formation des prestataires; references SALAMA visibles sur plusieurs images.,2026-07-12 07:48:19,exif,false,eleve,"Planche-contact verifiee: salle de formation, supports pedagogiques, participants, prestataires et exercices avec equipements de protection.",sante,afd_sante_formation_prestataires_soins_salama_069,Participants a un atelier de formation des prestataires de soins du projet SALAMA.,"Atelier de formation des prestataires de soins dans le cadre du projet SALAMA, avec sessions en salle et exercices pratiques.",false,already_exists,,true,D:\Maquette_AFD\Banque des images AFD\Banque Images 1\Atelier de formation des prestataires de soins SALAMA,2026-07-12T06:48:20,,true,,d3f57d7869f0b0b5
8a46444a-866b-4024-96f6-d031bdc25d28,DSC_1744.jpg,D:\Maquette_AFD\Banque des images AFD\Banque Images 1\Atelier de formation des prestataires de soins SALAMA\DSC_1744.jpg,afd_sante_formation_prestataires_soins_salama_070.jpg,D:\Maquette_AFD\Banque des images AFD - Classees\01_sante\afd_sante_formation_prestataires_soins_salama_070.jpg,.jpg,937057,6016,4016,bfdafbadda341b20f5edb6ed18d7f8ebdccab753804f5b938009aac3963b3d8f,false,false,,Formation des prestataires de soins SALAMA,"Atelier de formation en salle pour des prestataires de soins, avec participants, formateurs, documents, ordinateur, projecteur, banderole et exercices pratiques.",sante,formation; renforcement_capacites,formation_prestataires_soins,formation_prestataires_soins,SALAMA,,,,,prestataires_de_soins; communautes,personnel_sante; formateurs; participants; personnel_afd,sante; formation; renforcement_capacites; prestataires_de_soins; salle_formation; documents; presentation; banderole; equipements_protection,Banderole de formation des prestataires; references SALAMA visibles sur plusieurs images.,2026-07-12 07:48:29,exif,false,eleve,"Planche-contact verifiee: salle de formation, supports pedagogiques, participants, prestataires et exercices avec equipements de protection.",sante,afd_sante_formation_prestataires_soins_salama_070,Participants a un atelier de formation des prestataires de soins du projet SALAMA.,"Atelier de formation des prestataires de soins dans le cadre du projet SALAMA, avec sessions en salle et exercices pratiques.",false,already_exists,,true,D:\Maquette_AFD\Banque des images AFD\Banque Images 1\Atelier de formation des prestataires de soins SALAMA,2026-07-12T06:48:30,,true,,d31f277731717278
30a45900-a3dc-4fce-a344-b6445e0301e8,DSC_1745.jpg,D:\Maquette_AFD\Banque des images AFD\Banque Images 1\Atelier de formation des prestataires de soins SALAMA\DSC_1745.jpg,afd_sante_formation_prestataires_soins_salama_071.jpg,D:\Maquette_AFD\Banque des images AFD - Classees\01_sante\afd_sante_formation_prestataires_soins_salama_071.jpg,.jpg,2000010,6016,4016,1348b8d0785fa435e9ef97962d5ba0abb937b11ddadb4b32d65febc65e096f76,false,false,,Formation des prestataires de soins SALAMA,"Atelier de formation en salle pour des prestataires de soins, avec participants, formateurs, documents, ordinateur, projecteur, banderole et exercices pratiques.",sante,formation; renforcement_capacites,formation_prestataires_soins,formation_prestataires_soins,SALAMA,,,,,prestataires_de_soins; communautes,personnel_sante; formateurs; participants; personnel_afd,sante; formation; renforcement_capacites; prestataires_de_soins; salle_formation; documents; presentation; banderole; equipements_protection,Banderole de formation des prestataires; references SALAMA visibles sur plusieurs images.,2026-07-12 07:48:29,exif,false,eleve,"Planche-contact verifiee: salle de formation, supports pedagogiques, participants, prestataires et exercices avec equipements de protection.",sante,afd_sante_formation_prestataires_soins_salama_071,Participants a un atelier de formation des prestataires de soins du projet SALAMA.,"Atelier de formation des prestataires de soins dans le cadre du projet SALAMA, avec sessions en salle et exercices pratiques.",false,already_exists,,true,D:\Maquette_AFD\Banque des images AFD\Banque Images 1\Atelier de formation des prestataires de soins SALAMA,2026-07-12T06:48:30,,true,,39387c3d3d293377
fe781110-d70b-4dab-bf03-ba76a1ff9db9,DSC_1746.jpg,D:\Maquette_AFD\Banque des images AFD\Banque Images 1\Atelier de formation des prestataires de soins SALAMA\DSC_1746.jpg,afd_sante_formation_prestataires_soins_salama_072.jpg,D:\Maquette_AFD\Banque des images AFD - Classees\01_sante\afd_sante_formation_prestataires_soins_salama_072.jpg,.jpg,1246641,6015,3087,53214050eac2cf75ba7f28ee047c32b6bb1e5986d85748421540e115dfea11f9,false,false,,Formation des prestataires de soins SALAMA,"Atelier de formation en salle pour des prestataires de soins, avec participants, formateurs, documents, ordinateur, projecteur, banderole et exercices pratiques.",sante,formation; renforcement_capacites,formation_prestataires_soins,formation_prestataires_soins,SALAMA,,,,,prestataires_de_soins; communautes,personnel_sante; formateurs; participants; personnel_afd,sante; formation; renforcement_capacites; prestataires_de_soins; salle_formation; documents; presentation; banderole; equipements_protection,Banderole de formation des prestataires; references SALAMA visibles sur plusieurs images.,2026-07-12 07:48:39,exif,false,eleve,"Planche-contact verifiee: salle de formation, supports pedagogiques, participants, prestataires et exercices avec equipements de protection.",sante,afd_sante_formation_prestataires_soins_salama_072,Participants a un atelier de formation des prestataires de soins du projet SALAMA.,"Atelier de formation des prestataires de soins dans le cadre du projet SALAMA, avec sessions en salle et exercices pratiques.",false,already_exists,,true,D:\Maquette_AFD\Banque des images AFD\Banque Images 1\Atelier de formation des prestataires de soins SALAMA,2026-07-12T06:48:40,,true,,35357969597b7959
66d6a9da-b41b-4ed3-a50a-2b5474c4fc19,DSC_1748.jpg,D:\Maquette_AFD\Banque des images AFD\Banque Images 1\Atelier de formation des prestataires de soins SALAMA\DSC_1748.jpg,afd_sante_formation_prestataires_soins_salama_073.jpg,D:\Maquette_AFD\Banque des images AFD - Classees\01_sante\afd_sante_formation_prestataires_soins_salama_073.jpg,.jpg,2227124,6016,4016,98e720fec23049820ac3991f2d9fef5dcf4c23101a38cff0683e2bff5b0fa3d1,false,false,,Formation des prestataires de soins SALAMA,"Atelier de formation en salle pour des prestataires de soins, avec participants, formateurs, documents, ordinateur, projecteur, banderole et exercices pratiques.",sante,formation; renforcement_capacites,formation_prestataires_soins,formation_prestataires_soins,SALAMA,,,,,prestataires_de_soins; communautes,personnel_sante; formateurs; participants; personnel_afd,sante; formation; renforcement_capacites; prestataires_de_soins; salle_formation; documents; presentation; banderole; equipements_protection,Banderole de formation des prestataires; references SALAMA visibles sur plusieurs images.,2026-07-12 07:48:39,exif,false,eleve,"Planche-contact verifiee: salle de formation, supports pedagogiques, participants, prestataires et exercices avec equipements de protection.",sante,afd_sante_formation_prestataires_soins_salama_073,Participants a un atelier de formation des prestataires de soins du projet SALAMA.,"Atelier de formation des prestataires de soins dans le cadre du projet SALAMA, avec sessions en salle et exercices pratiques.",false,already_exists,,true,D:\Maquette_AFD\Banque des images AFD\Banque Images 1\Atelier de formation des prestataires de soins SALAMA,2026-07-12T06:48:40,,true,,5adadebabeb6b763
d2f68884-f3f3-4ae4-ac82-f9aa131d0956,DSC_1749.jpg,D:\Maquette_AFD\Banque des images AFD\Banque Images 1\Atelier de formation des prestataires de soins SALAMA\DSC_1749.jpg,afd_sante_formation_prestataires_soins_salama_074.jpg,D:\Maquette_AFD\Banque des images AFD - Classees\01_sante\afd_sante_formation_prestataires_soins_salama_074.jpg,.jpg,1210064,6016,4016,204977c7a7e6554e93e4e68184e8739dd95aab7a59f00556e98acd847ea8bc6d,false,false,,Formation des prestataires de soins SALAMA,"Atelier de formation en salle pour des prestataires de soins, avec participants, formateurs, documents, ordinateur, projecteur, banderole et exercices pratiques.",sante,formation; renforcement_capacites,formation_prestataires_soins,formation_prestataires_soins,SALAMA,,,,,prestataires_de_soins; communautes,personnel_sante; formateurs; participants; personnel_afd,sante; formation; renforcement_capacites; prestataires_de_soins; salle_formation; documents; presentation; banderole; equipements_protection,Banderole de formation des prestataires; references SALAMA visibles sur plusieurs images.,2026-07-12 07:48:45,exif,false,eleve,"Planche-contact verifiee: salle de formation, supports pedagogiques, participants, prestataires et exercices avec equipements de protection.",sante,afd_sante_formation_prestataires_soins_salama_074,Participants a un atelier de formation des prestataires de soins du projet SALAMA.,"Atelier de formation des prestataires de soins dans le cadre du projet SALAMA, avec sessions en salle et exercices pratiques.",false,already_exists,,true,D:\Maquette_AFD\Banque des images AFD\Banque Images 1\Atelier de formation des prestataires de soins SALAMA,2026-07-12T06:48:46,,true,,efd7dfd79b8be7c6
3ce09a41-1cda-4bbc-895a-2beda4881e69,DSC_1751.jpg,D:\Maquette_AFD\Banque des images AFD\Banque Images 1\Atelier de formation des prestataires de soins SALAMA\DSC_1751.jpg,afd_sante_formation_prestataires_soins_salama_075.jpg,D:\Maquette_AFD\Banque des images AFD - Classees\01_sante\afd_sante_formation_prestataires_soins_salama_075.jpg,.jpg,2736753,6016,4016,4001b12f5e15537165b2ce128132e7576cca1aefd8652669c2d47349f6b62b84,false,false,,Formation des prestataires de soins SALAMA,"Atelier de formation en salle pour des prestataires de soins, avec participants, formateurs, documents, ordinateur, projecteur, banderole et exercices pratiques.",sante,formation; renforcement_capacites,formation_prestataires_soins,formation_prestataires_soins,SALAMA,,,,,prestataires_de_soins; communautes,personnel_sante; formateurs; participants; personnel_afd,sante; formation; renforcement_capacites; prestataires_de_soins; salle_formation; documents; presentation; banderole; equipements_protection,Banderole de formation des prestataires; references SALAMA visibles sur plusieurs images.,2026-07-12 12:20:48,exif,false,eleve,"Planche-contact verifiee: salle de formation, supports pedagogiques, participants, prestataires et exercices avec equipements de protection.",sante,afd_sante_formation_prestataires_soins_salama_075,Participants a un atelier de formation des prestataires de soins du projet SALAMA.,"Atelier de formation des prestataires de soins dans le cadre du projet SALAMA, avec sessions en salle et exercices pratiques.",false,already_exists,,true,D:\Maquette_AFD\Banque des images AFD\Banque Images 1\Atelier de formation des prestataires de soins SALAMA,2026-07-12T11:20:48,,true,,98e9c9a8b6b2bb93
4750a52d-fa8a-49c6-921d-1467316d8e06,DSC_1149.jpg,D:\Maquette_AFD\Banque des images AFD\Banque Images 1\Civilités avec les autorités territoriales MAMBASA\DSC_1149.jpg,afd_visites_institutionnelles_civilites_autorites_mambasa_001.jpg,D:\Maquette_AFD\Banque des images AFD - Classees\24_visites_institutionnelles\afd_visites_institutionnelles_civilites_autorites_mambasa_001.jpg,.jpg,1907641,6016,4016,e9609e963ff88abc0f3095e3b41ebcca09ec21bc0996801b189c69764e5ecde9,false,false,,Civilites avec les autorites territoriales de Mambasa,Photos officielles d'une equipe AFD avec des autorites territoriales devant un batiment administratif.,visites_institutionnelles,gouvernance; partenariats,civilites_autorites_territoriales,civilites_autorites,,,,Mambasa,Mambasa,institutions_locales,autorites; personnel_afd,visite_institutionnelle; gouvernance; autorites; batiment_administratif; photo_groupe,Panneau administratif visible sur le batiment.,2026-07-02 10:27:09,exif,false,eleve,Planche-contact verifiee: civilites officielles devant un batiment administratif a Mambasa.,visites_institutionnelles,afd_visites_institutionnelles_civilites_autorites_mambasa_001,Equipe AFD lors de civilites avec des autorites territoriales a Mambasa.,Rencontre institutionnelle de l'AFD avec des autorites territoriales a Mambasa.,false,already_exists,,true,D:\Maquette_AFD\Banque des images AFD\Banque Images 1\Civilités avec les autorités territoriales MAMBASA,2026-07-02T01:27:08,,true,,ec264b53736373d0
64e6fdab-0292-45f8-b5ef-35cce1ee8328,DSC_1150.jpg,D:\Maquette_AFD\Banque des images AFD\Banque Images 1\Civilités avec les autorités territoriales MAMBASA\DSC_1150.jpg,afd_visites_institutionnelles_civilites_autorites_mambasa_002.jpg,D:\Maquette_AFD\Banque des images AFD - Classees\24_visites_institutionnelles\afd_visites_institutionnelles_civilites_autorites_mambasa_002.jpg,.jpg,1748307,6016,3714,6728b9ed64ac51dafc5048a9e98a5004c839f9c977eafd0116e6e7a2724b8eb8,false,false,,Civilites avec les autorites territoriales de Mambasa,Photos officielles d'une equipe AFD avec des autorites territoriales devant un batiment administratif.,visites_institutionnelles,gouvernance; partenariats,civilites_autorites_territoriales,civilites_autorites,,,,Mambasa,Mambasa,institutions_locales,autorites; personnel_afd,visite_institutionnelle; gouvernance; autorites; batiment_administratif; photo_groupe,Panneau administratif visible sur le batiment.,2026-07-02 10:27:09,exif,false,eleve,Planche-contact verifiee: civilites officielles devant un batiment administratif a Mambasa.,visites_institutionnelles,afd_visites_institutionnelles_civilites_autorites_mambasa_002,Equipe AFD lors de civilites avec des autorites territoriales a Mambasa.,Rencontre institutionnelle de l'AFD avec des autorites territoriales a Mambasa.,false,already_exists,,true,D:\Maquette_AFD\Banque des images AFD\Banque Images 1\Civilités avec les autorités territoriales MAMBASA,2026-07-02T01:27:10,,true,,382664f4c6dad8ca
1bb63463-5630-4960-b8d8-ffb9476c803f,DSC_1153.jpg,D:\Maquette_AFD\Banque des images AFD\Banque Images 1\Civilités avec MCZ HGR MAMBASA\DSC_1153.jpg,afd_visites_institutionnelles_visite_mcz_hgr_mambasa_001.jpg,D:\Maquette_AFD\Banque des images AFD - Classees\24_visites_institutionnelles\afd_visites_institutionnelles_visite_mcz_hgr_mambasa_001.jpg,.jpg,998412,6016,4016,bbb93464de7012750b7ec06cdc1bd7ccc9422319f0e13e18322c465b627608f6,false,false,,Visite institutionnelle MCZ HGR Mambasa,Visite et seance de travail avec des responsables de sante au Hopital General de Reference de Mambasa.,visites_institutionnelles,sante; gouvernance; coordination,visite_mcz_hgr,visite_mcz_hgr,,MCZ Mambasa; HGR Mambasa,,Mambasa,Mambasa,structures_de_sante; communautes,personnel_sante; personnel_afd; responsables_institutionnels,visite_institutionnelle; sante; hgr; mcz; reunion; centre_sante; photo_groupe; panneau_visible,Hopital General de Reference de Mambasa visible sur le panneau.,2026-07-02 10:27:18,exif,false,eleve,"Planche-contact verifiee: panneau HGR Mambasa, reunion avec personnels et photos officielles.",visites_institutionnelles,afd_visites_institutionnelles_visite_mcz_hgr_mambasa_001,Equipe AFD en visite institutionnelle au HGR de Mambasa.,Visite institutionnelle et echanges avec des responsables de sante au HGR de Mambasa.,false,already_exists,,true,D:\Maquette_AFD\Banque des images AFD\Banque Images 1\Civilités avec MCZ HGR MAMBASA,2026-07-02T01:27:18,,true,,58d8e86c4c246363
4ce949fd-4caa-408b-bce4-e31b56b5e3e5,DSC_1156.jpg,D:\Maquette_AFD\Banque des images AFD\Banque Images 1\Civilités avec MCZ HGR MAMBASA\DSC_1156.jpg,afd_visites_institutionnelles_visite_mcz_hgr_mambasa_002.jpg,D:\Maquette_AFD\Banque des images AFD - Classees\24_visites_institutionnelles\afd_visites_institutionnelles_visite_mcz_hgr_mambasa_002.jpg,.jpg,1506832,6016,4016,60a2710829d38755e6c237499bb1f5ccd9830630327a35c1c84b5c3ea5bd9e89,false,false,,Visite institutionnelle MCZ HGR Mambasa,Visite et seance de travail avec des responsables de sante au Hopital General de Reference de Mambasa.,visites_institutionnelles,sante; gouvernance; coordination,visite_mcz_hgr,visite_mcz_hgr,,MCZ Mambasa; HGR Mambasa,,Mambasa,Mambasa,structures_de_sante; communautes,personnel_sante; personnel_afd; responsables_institutionnels,visite_institutionnelle; sante; hgr; mcz; reunion; centre_sante; photo_groupe; panneau_visible,Hopital General de Reference de Mambasa visible sur le panneau.,2026-07-02 10:27:28,exif,false,eleve,"Planche-contact verifiee: panneau HGR Mambasa, reunion avec personnels et photos officielles.",visites_institutionnelles,afd_visites_institutionnelles_visite_mcz_hgr_mambasa_002,Equipe AFD en visite institutionnelle au HGR de Mambasa.,Visite institutionnelle et echanges avec des responsables de sante au HGR de Mambasa.,false,already_exists,,true,D:\Maquette_AFD\Banque des images AFD\Banque Images 1\Civilités avec MCZ HGR MAMBASA,2026-07-02T01:27:28,,true,,c1a998d894919898
ef3083d7-629c-4a74-916b-8f155ab28252,DSC_1160.jpg,D:\Maquette_AFD\Banque des images AFD\Banque Images 1\Civilités avec MCZ HGR MAMBASA\DSC_1160.jpg,afd_visites_institutionnelles_visite_mcz_hgr_mambasa_003.jpg,D:\Maquette_AFD\Banque des images AFD - Classees\24_visites_institutionnelles\afd_visites_institutionnelles_visite_mcz_hgr_mambasa_003.jpg,.jpg,1173870,6016,4016,7e2c0288e149396bb47f7215c46518b58faf9d6476c2213a751ab416782668f7,false,false,,Visite institutionnelle MCZ HGR Mambasa,Visite et seance de travail avec des responsables de sante au Hopital General de Reference de Mambasa.,visites_institutionnelles,sante; gouvernance; coordination,visite_mcz_hgr,visite_mcz_hgr,,MCZ Mambasa; HGR Mambasa,,Mambasa,Mambasa,structures_de_sante; communautes,personnel_sante; personnel_afd; responsables_institutionnels,visite_institutionnelle; sante; hgr; mcz; reunion; centre_sante; photo_groupe; panneau_visible,Hopital General de Reference de Mambasa visible sur le panneau.,2026-07-02 10:27:28,exif,false,eleve,"Planche-contact verifiee: panneau HGR Mambasa, reunion avec personnels et photos officielles.",visites_institutionnelles,afd_visites_institutionnelles_visite_mcz_hgr_mambasa_003,Equipe AFD en visite institutionnelle au HGR de Mambasa.,Visite institutionnelle et echanges avec des responsables de sante au HGR de Mambasa.,false,already_exists,,true,D:\Maquette_AFD\Banque des images AFD\Banque Images 1\Civilités avec MCZ HGR MAMBASA,2026-07-02T01:27:28,,true,,272f5995b4240c97
e0f1e145-8297-483f-80ce-a656586a9bbb,DSC_1164.jpg,D:\Maquette_AFD\Banque des images AFD\Banque Images 1\Civilités avec MCZ HGR MAMBASA\DSC_1164.jpg,afd_visites_institutionnelles_visite_mcz_hgr_mambasa_004.jpg,D:\Maquette_AFD\Banque des images AFD - Classees\24_visites_institutionnelles\afd_visites_institutionnelles_visite_mcz_hgr_mambasa_004.jpg,.jpg,1663581,6016,4016,dcc9c74a88366694b321727d9e85691d4b5d36e86de6728d4acdf1cf8f2e4c38,false,false,,Visite institutionnelle MCZ HGR Mambasa,Visite et seance de travail avec des responsables de sante au Hopital General de Reference de Mambasa.,visites_institutionnelles,sante; gouvernance; coordination,visite_mcz_hgr,visite_mcz_hgr,,MCZ Mambasa; HGR Mambasa,,Mambasa,Mambasa,structures_de_sante; communautes,personnel_sante; personnel_afd; responsables_institutionnels,visite_institutionnelle; sante; hgr; mcz; reunion; centre_sante; photo_groupe; panneau_visible,Hopital General de Reference de Mambasa visible sur le panneau.,2026-07-02 11:23:08,exif,false,eleve,"Planche-contact verifiee: panneau HGR Mambasa, reunion avec personnels et photos officielles.",visites_institutionnelles,afd_visites_institutionnelles_visite_mcz_hgr_mambasa_004,Equipe AFD en visite institutionnelle au HGR de Mambasa.,Visite institutionnelle et echanges avec des responsables de sante au HGR de Mambasa.,false,already_exists,,true,D:\Maquette_AFD\Banque des images AFD\Banque Images 1\Civilités avec MCZ HGR MAMBASA,2026-07-02T02:23:08,,true,,61b0b0b4b0b0ac86
9fb61036-a020-4c63-aa6d-5911d7044b0b,DSC_1170.jpg,D:\Maquette_AFD\Banque des images AFD\Banque Images 1\Civilités avec MCZ HGR MAMBASA\DSC_1170.jpg,afd_visites_institutionnelles_visite_mcz_hgr_mambasa_005.jpg,D:\Maquette_AFD\Banque des images AFD - Classees\24_visites_institutionnelles\afd_visites_institutionnelles_visite_mcz_hgr_mambasa_005.jpg,.jpg,1441042,6016,4016,5f09b8dc611581482fb1c48a0a2e17c6d2acb4b755a991314a0dc7b8f0aa4394,false,false,,Visite institutionnelle MCZ HGR Mambasa,Visite et seance de travail avec des responsables de sante au Hopital General de Reference de Mambasa.,visites_institutionnelles,sante; gouvernance; coordination,visite_mcz_hgr,visite_mcz_hgr,,MCZ Mambasa; HGR Mambasa,,Mambasa,Mambasa,structures_de_sante; communautes,personnel_sante; personnel_afd; responsables_institutionnels,visite_institutionnelle; sante; hgr; mcz; reunion; centre_sante; photo_groupe; panneau_visible,Hopital General de Reference de Mambasa visible sur le panneau.,2026-07-02 11:23:08,exif,false,eleve,"Planche-contact verifiee: panneau HGR Mambasa, reunion avec personnels et photos officielles.",visites_institutionnelles,afd_visites_institutionnelles_visite_mcz_hgr_mambasa_005,Equipe AFD en visite institutionnelle au HGR de Mambasa.,Visite institutionnelle et echanges avec des responsables de sante au HGR de Mambasa.,false,already_exists,,true,D:\Maquette_AFD\Banque des images AFD\Banque Images 1\Civilités avec MCZ HGR MAMBASA,2026-07-02T02:23:08,,true,,8a3b1b4b84849898
b0dfbf32-b0f8-4a19-87c3-af00d22684e4,DSC_1171.jpg,D:\Maquette_AFD\Banque des images AFD\Banque Images 1\Civilités avec MCZ HGR MAMBASA\DSC_1171.jpg,afd_visites_institutionnelles_visite_mcz_hgr_mambasa_006.jpg,D:\Maquette_AFD\Banque des images AFD - Classees\24_visites_institutionnelles\afd_visites_institutionnelles_visite_mcz_hgr_mambasa_006.jpg,.jpg,2566829,6016,4016,3a7bd83abd3b9926ff2d0a0a9b1f06416c7f5e679840be64480df967794861d1,false,false,,Visite institutionnelle MCZ HGR Mambasa,Visite et seance de travail avec des responsables de sante au Hopital General de Reference de Mambasa.,visites_institutionnelles,sante; gouvernance; coordination,visite_mcz_hgr,visite_mcz_hgr,,MCZ Mambasa; HGR Mambasa,,Mambasa,Mambasa,structures_de_sante; communautes,personnel_sante; personnel_afd; responsables_institutionnels,visite_institutionnelle; sante; hgr; mcz; reunion; centre_sante; photo_groupe; panneau_visible,Hopital General de Reference de Mambasa visible sur le panneau.,2026-07-02 11:23:18,exif,false,eleve,"Planche-contact verifiee: panneau HGR Mambasa, reunion avec personnels et photos officielles.",visites_institutionnelles,afd_visites_institutionnelles_visite_mcz_hgr_mambasa_006,Equipe AFD en visite institutionnelle au HGR de Mambasa.,Visite institutionnelle et echanges avec des responsables de sante au HGR de Mambasa.,false,already_exists,,true,D:\Maquette_AFD\Banque des images AFD\Banque Images 1\Civilités avec MCZ HGR MAMBASA,2026-07-02T02:23:18,,true,,1910908d0dd4d4c4
f1d610a4-d519-4585-bbbf-a4013eff9a9c,DSC_1173.jpg,D:\Maquette_AFD\Banque des images AFD\Banque Images 1\Civilités avec MCZ HGR MAMBASA\DSC_1173.jpg,afd_visites_institutionnelles_visite_mcz_hgr_mambasa_007.jpg,D:\Maquette_AFD\Banque des images AFD - Classees\24_visites_institutionnelles\afd_visites_institutionnelles_visite_mcz_hgr_mambasa_007.jpg,.jpg,2434355,6016,3761,8a50f58cdd2a0032e61534ecff9b641edee194241bb88d51e0f6db63237d172b,false,false,,Visite institutionnelle MCZ HGR Mambasa,Visite et seance de travail avec des responsables de sante au Hopital General de Reference de Mambasa.,visites_institutionnelles,sante; gouvernance; coordination,visite_mcz_hgr,visite_mcz_hgr,,MCZ Mambasa; HGR Mambasa,,Mambasa,Mambasa,structures_de_sante; communautes,personnel_sante; personnel_afd; responsables_institutionnels,visite_institutionnelle; sante; hgr; mcz; reunion; centre_sante; photo_groupe; panneau_visible,Hopital General de Reference de Mambasa visible sur le panneau.,2026-07-02 11:23:18,exif,false,eleve,"Planche-contact verifiee: panneau HGR Mambasa, reunion avec personnels et photos officielles.",visites_institutionnelles,afd_visites_institutionnelles_visite_mcz_hgr_mambasa_007,Equipe AFD en visite institutionnelle au HGR de Mambasa.,Visite institutionnelle et echanges avec des responsables de sante au HGR de Mambasa.,false,already_exists,,true,D:\Maquette_AFD\Banque des images AFD\Banque Images 1\Civilités avec MCZ HGR MAMBASA,2026-07-02T02:23:18,,true,,19108d0d14d4d4cc
4471ce2d-1917-420a-865e-6c377da8570d,DSC_1176.jpg,D:\Maquette_AFD\Banque des images AFD\Banque Images 1\Civilités avec MCZ HGR MAMBASA\DSC_1176.jpg,afd_visites_institutionnelles_visite_mcz_hgr_mambasa_008.jpg,D:\Maquette_AFD\Banque des images AFD - Classees\24_visites_institutionnelles\afd_visites_institutionnelles_visite_mcz_hgr_mambasa_008.jpg,.jpg,1624867,6016,3331,c8750de951c388bb551cf128fba516761e86c008792e441745e6fa628ff5b145,false,false,,Visite institutionnelle MCZ HGR Mambasa,Visite et seance de travail avec des responsables de sante au Hopital General de Reference de Mambasa.,visites_institutionnelles,sante; gouvernance; coordination,visite_mcz_hgr,visite_mcz_hgr,,MCZ Mambasa; HGR Mambasa,,Mambasa,Mambasa,structures_de_sante; communautes,personnel_sante; personnel_afd; responsables_institutionnels,visite_institutionnelle; sante; hgr; mcz; reunion; centre_sante; photo_groupe; panneau_visible,Hopital General de Reference de Mambasa visible sur le panneau.,2026-07-02 18:09:40,exif,false,eleve,"Planche-contact verifiee: panneau HGR Mambasa, reunion avec personnels et photos officielles.",visites_institutionnelles,afd_visites_institutionnelles_visite_mcz_hgr_mambasa_008,Equipe AFD en visite institutionnelle au HGR de Mambasa.,Visite institutionnelle et echanges avec des responsables de sante au HGR de Mambasa.,false,already_exists,,true,D:\Maquette_AFD\Banque des images AFD\Banque Images 1\Civilités avec MCZ HGR MAMBASA,2026-07-02T09:09:40,,true,,739393a223151613
c6c9ce97-c2d1-421f-b13d-bcb1159fa6aa,DSC_1177.jpg,D:\Maquette_AFD\Banque des images AFD\Banque Images 1\Civilités avec MCZ HGR MAMBASA\DSC_1177.jpg,afd_visites_institutionnelles_visite_mcz_hgr_mambasa_009.jpg,D:\Maquette_AFD\Banque des images AFD - Classees\24_visites_institutionnelles\afd_visites_institutionnelles_visite_mcz_hgr_mambasa_009.jpg,.jpg,1451781,6016,4016,2745f41bb3cad7c004b2052d17b0869d2ebe1df93448a6e3e5782db0dda24623,false,false,,Visite institutionnelle MCZ HGR Mambasa,Visite et seance de travail avec des responsables de sante au Hopital General de Reference de Mambasa.,visites_institutionnelles,sante; gouvernance; coordination,visite_mcz_hgr,visite_mcz_hgr,,MCZ Mambasa; HGR Mambasa,,Mambasa,Mambasa,structures_de_sante; communautes,personnel_sante; personnel_afd; responsables_institutionnels,visite_institutionnelle; sante; hgr; mcz; reunion; centre_sante; photo_groupe; panneau_visible,Hopital General de Reference de Mambasa visible sur le panneau.,2026-07-02 18:09:40,exif,false,eleve,"Planche-contact verifiee: panneau HGR Mambasa, reunion avec personnels et photos officielles.",visites_institutionnelles,afd_visites_institutionnelles_visite_mcz_hgr_mambasa_009,Equipe AFD en visite institutionnelle au HGR de Mambasa.,Visite institutionnelle et echanges avec des responsables de sante au HGR de Mambasa.,false,already_exists,,true,D:\Maquette_AFD\Banque des images AFD\Banque Images 1\Civilités avec MCZ HGR MAMBASA,2026-07-02T09:09:40,,true,,1a3a2b6464b5b4c0
3a0896f0-9d4b-4baf-b8f0-d10e145d39a4,DSC_1178.jpg,D:\Maquette_AFD\Banque des images AFD\Banque Images 1\Civilités avec MCZ HGR MAMBASA\DSC_1178.jpg,afd_visites_institutionnelles_visite_mcz_hgr_mambasa_010.jpg,D:\Maquette_AFD\Banque des images AFD - Classees\24_visites_institutionnelles\afd_visites_institutionnelles_visite_mcz_hgr_mambasa_010.jpg,.jpg,2057612,6016,4016,5deda45ae596ae7433969d0386bcea23523bdbd4bc47fd475bcfb01e9ca6d285,false,false,,Visite institutionnelle MCZ HGR Mambasa,Visite et seance de travail avec des responsables de sante au Hopital General de Reference de Mambasa.,visites_institutionnelles,sante; gouvernance; coordination,visite_mcz_hgr,visite_mcz_hgr,,MCZ Mambasa; HGR Mambasa,,Mambasa,Mambasa,structures_de_sante; communautes,personnel_sante; personnel_afd; responsables_institutionnels,visite_institutionnelle; sante; hgr; mcz; reunion; centre_sante; photo_groupe; panneau_visible,Hopital General de Reference de Mambasa visible sur le panneau.,2026-07-02 18:09:49,exif,false,eleve,"Planche-contact verifiee: panneau HGR Mambasa, reunion avec personnels et photos officielles.",visites_institutionnelles,afd_visites_institutionnelles_visite_mcz_hgr_mambasa_010,Equipe AFD en visite institutionnelle au HGR de Mambasa.,Visite institutionnelle et echanges avec des responsables de sante au HGR de Mambasa.,false,already_exists,,true,D:\Maquette_AFD\Banque des images AFD\Banque Images 1\Civilités avec MCZ HGR MAMBASA,2026-07-02T09:09:50,,true,,cb88aac39733e561
6b2ade7b-9bd2-4869-9fa9-6fc6db89680b,DSC_1181.jpg,D:\Maquette_AFD\Banque des images AFD\Banque Images 1\Civilités avec MCZ HGR MAMBASA\DSC_1181.jpg,afd_visites_institutionnelles_visite_mcz_hgr_mambasa_011.jpg,D:\Maquette_AFD\Banque des images AFD - Classees\24_visites_institutionnelles\afd_visites_institutionnelles_visite_mcz_hgr_mambasa_011.jpg,.jpg,2192891,6016,4016,f2bf9f4c4ae30e13632e8ae5c62d8081078aaac3f46a86bf060b381a0f07919e,false,false,,Visite institutionnelle MCZ HGR Mambasa,Visite et seance de travail avec des responsables de sante au Hopital General de Reference de Mambasa.,visites_institutionnelles,sante; gouvernance; coordination,visite_mcz_hgr,visite_mcz_hgr,,MCZ Mambasa; HGR Mambasa,,Mambasa,Mambasa,structures_de_sante; communautes,personnel_sante; personnel_afd; responsables_institutionnels,visite_institutionnelle; sante; hgr; mcz; reunion; centre_sante; photo_groupe; panneau_visible,Hopital General de Reference de Mambasa visible sur le panneau.,2026-07-02 18:09:49,exif,false,eleve,"Planche-contact verifiee: panneau HGR Mambasa, reunion avec personnels et photos officielles.",visites_institutionnelles,afd_visites_institutionnelles_visite_mcz_hgr_mambasa_011,Equipe AFD en visite institutionnelle au HGR de Mambasa.,Visite institutionnelle et echanges avec des responsables de sante au HGR de Mambasa.,false,already_exists,,true,D:\Maquette_AFD\Banque des images AFD\Banque Images 1\Civilités avec MCZ HGR MAMBASA,2026-07-02T09:09:50,,true,,0f27e6d6da591b3e
fc56f67a-8569-4613-b6df-b41fa7ad26f8,DSC_1186.jpg,D:\Maquette_AFD\Banque des images AFD\Banque Images 1\Civilités avec MCZ HGR MAMBASA\DSC_1186.jpg,afd_visites_institutionnelles_visite_mcz_hgr_mambasa_012.jpg,D:\Maquette_AFD\Banque des images AFD - Classees\24_visites_institutionnelles\afd_visites_institutionnelles_visite_mcz_hgr_mambasa_012.jpg,.jpg,2264785,6016,4016,e437cfe98c15463161425920d5f62074972e73a49a9302448fcbd21313a893fc,false,false,,Visite institutionnelle MCZ HGR Mambasa,Visite et seance de travail avec des responsables de sante au Hopital General de Reference de Mambasa.,visites_institutionnelles,sante; gouvernance; coordination,visite_mcz_hgr,visite_mcz_hgr,,MCZ Mambasa; HGR Mambasa,,Mambasa,Mambasa,structures_de_sante; communautes,personnel_sante; personnel_afd; responsables_institutionnels,visite_institutionnelle; sante; hgr; mcz; reunion; centre_sante; photo_groupe; panneau_visible,Hopital General de Reference de Mambasa visible sur le panneau.,2026-07-02 18:09:55,exif,false,eleve,"Planche-contact verifiee: panneau HGR Mambasa, reunion avec personnels et photos officielles.",visites_institutionnelles,afd_visites_institutionnelles_visite_mcz_hgr_mambasa_012,Equipe AFD en visite institutionnelle au HGR de Mambasa.,Visite institutionnelle et echanges avec des responsables de sante au HGR de Mambasa.,false,already_exists,,true,D:\Maquette_AFD\Banque des images AFD\Banque Images 1\Civilités avec MCZ HGR MAMBASA,2026-07-02T09:09:56,,true,,9b73338ce8ae2636
e7507113-49db-4614-aab1-fc3ab6ed1614,DSC_1192.jpg,D:\Maquette_AFD\Banque des images AFD\Banque Images 1\Civilités avec MCZ HGR MAMBASA\DSC_1192.jpg,afd_visites_institutionnelles_visite_mcz_hgr_mambasa_013.jpg,D:\Maquette_AFD\Banque des images AFD - Classees\24_visites_institutionnelles\afd_visites_institutionnelles_visite_mcz_hgr_mambasa_013.jpg,.jpg,2286766,6016,4016,3a3f218a78ae04622292477ebc11e0b1641b3a896ff4efd4e3a00bbd3c060230,false,false,,Visite institutionnelle MCZ HGR Mambasa,Visite et seance de travail avec des responsables de sante au Hopital General de Reference de Mambasa.,visites_institutionnelles,sante; gouvernance; coordination,visite_mcz_hgr,visite_mcz_hgr,,MCZ Mambasa; HGR Mambasa,,Mambasa,Mambasa,structures_de_sante; communautes,personnel_sante; personnel_afd; responsables_institutionnels,visite_institutionnelle; sante; hgr; mcz; reunion; centre_sante; photo_groupe; panneau_visible,Hopital General de Reference de Mambasa visible sur le panneau.,2026-07-03 14:00:53,exif,false,eleve,"Planche-contact verifiee: panneau HGR Mambasa, reunion avec personnels et photos officielles.",visites_institutionnelles,afd_visites_institutionnelles_visite_mcz_hgr_mambasa_013,Equipe AFD en visite institutionnelle au HGR de Mambasa.,Visite institutionnelle et echanges avec des responsables de sante au HGR de Mambasa.,false,already_exists,,true,D:\Maquette_AFD\Banque des images AFD\Banque Images 1\Civilités avec MCZ HGR MAMBASA,2026-07-03T05:00:52,,true,,0112928b194949d9
6181aff3-7606-49ed-a451-2e1e2a593203,DSC_1440.jpg,D:\Maquette_AFD\Banque des images AFD\Banque Images 1\Dotation de DDLM SALAMA\DSC_1440.jpg,afd_wash_dotation_dispositifs_lavage_mains_salama_001.jpg,D:\Maquette_AFD\Banque des images AFD - Classees\06_wash\afd_wash_dotation_dispositifs_lavage_mains_salama_001.jpg,.jpg,2770970,6016,4016,0d5b72585c956fd97de876724c7bfd2daaec2fd20851d10490008e8c16cb8475,false,false,,Dotation de dispositifs de lavage des mains SALAMA,"Remise de kits et dispositifs de lavage des mains a des beneficiaires, avec materiel, seaux, cartons et presence AFD.",wash,distribution_humanitaire; sante,dispositifs_lavage_mains,dotation_dispositifs_lavage_mains,SALAMA,,,,,structures_locales; communautes,beneficiaires; personnel_afd; personnel_sante,wash; dotation; distribution; lavage_des_mains; kits; equipements; documents; sante,Logos AFD visibles sur des seaux ou supports; mots au tableau visibles dans la salle.,2026-07-09 12:22:16,exif,false,eleve,Planche-contact verifiee: remise de seaux et kits de lavage des mains.,wash,afd_wash_dotation_dispositifs_lavage_mains_salama_001,Remise de dispositifs de lavage des mains dans le cadre du projet SALAMA.,"Dotation de dispositifs de lavage des mains et kits associes, avec presence de l'equipe AFD.",false,already_exists,,true,D:\Maquette_AFD\Banque des images AFD\Banque Images 1\Dotation de DDLM SALAMA,2026-07-09T03:22:16,,true,,32f09a98dcc4e4a4
fdb48f9c-c950-4ff4-a4f5-29507cb94d42,DSC_1441.jpg,D:\Maquette_AFD\Banque des images AFD\Banque Images 1\Dotation de DDLM SALAMA\DSC_1441.jpg,afd_wash_dotation_dispositifs_lavage_mains_salama_002.jpg,D:\Maquette_AFD\Banque des images AFD - Classees\06_wash\afd_wash_dotation_dispositifs_lavage_mains_salama_002.jpg,.jpg,3172871,6016,4016,d5de6ba6802e9baa91399f249e38cab954a38a4a8cc9c5d8d9ebcf172ad26a8d,false,false,,Dotation de dispositifs de lavage des mains SALAMA,"Remise de kits et dispositifs de lavage des mains a des beneficiaires, avec materiel, seaux, cartons et presence AFD.",wash,distribution_humanitaire; sante,dispositifs_lavage_mains,dotation_dispositifs_lavage_mains,SALAMA,,,,,structures_locales; communautes,beneficiaires; personnel_afd; personnel_sante,wash; dotation; distribution; lavage_des_mains; kits; equipements; documents; sante,Logos AFD visibles sur des seaux ou supports; mots au tableau visibles dans la salle.,2026-07-09 12:22:16,exif,false,eleve,Planche-contact verifiee: remise de seaux et kits de lavage des mains.,wash,afd_wash_dotation_dispositifs_lavage_mains_salama_002,Remise de dispositifs de lavage des mains dans le cadre du projet SALAMA.,"Dotation de dispositifs de lavage des mains et kits associes, avec presence de l'equipe AFD.",false,already_exists,,true,D:\Maquette_AFD\Banque des images AFD\Banque Images 1\Dotation de DDLM SALAMA,2026-07-09T03:22:16,,true,,053d3a6b56747647
4fc610f5-f433-4d5c-9771-58b1c25095b1,DSC_1442.jpg,D:\Maquette_AFD\Banque des images AFD\Banque Images 1\Dotation de DDLM SALAMA\DSC_1442.jpg,afd_wash_dotation_dispositifs_lavage_mains_salama_003.jpg,D:\Maquette_AFD\Banque des images AFD - Classees\06_wash\afd_wash_dotation_dispositifs_lavage_mains_salama_003.jpg,.jpg,2845312,6016,4016,748892192611e4b3f8a1b2308dfdaf3debf06e97a02470120c1161cadeeed0ad,false,false,,Dotation de dispositifs de lavage des mains SALAMA,"Remise de kits et dispositifs de lavage des mains a des beneficiaires, avec materiel, seaux, cartons et presence AFD.",wash,distribution_humanitaire; sante,dispositifs_lavage_mains,dotation_dispositifs_lavage_mains,SALAMA,,,,,structures_locales; communautes,beneficiaires; personnel_afd; personnel_sante,wash; dotation; distribution; lavage_des_mains; kits; equipements; documents; sante,Logos AFD visibles sur des seaux ou supports; mots au tableau visibles dans la salle.,2026-07-09 12:22:29,exif,false,eleve,Planche-contact verifiee: remise de seaux et kits de lavage des mains.,wash,afd_wash_dotation_dispositifs_lavage_mains_salama_003,Remise de dispositifs de lavage des mains dans le cadre du projet SALAMA.,"Dotation de dispositifs de lavage des mains et kits associes, avec presence de l'equipe AFD.",false,already_exists,,true,D:\Maquette_AFD\Banque des images AFD\Banque Images 1\Dotation de DDLM SALAMA,2026-07-09T03:22:28,,true,,381bda4a527652d2
11f93fc0-16bb-4aa3-af2c-6e812ae09c5c,DSC_1443.jpg,D:\Maquette_AFD\Banque des images AFD\Banque Images 1\Dotation de DDLM SALAMA\DSC_1443.jpg,afd_wash_dotation_dispositifs_lavage_mains_salama_004.jpg,D:\Maquette_AFD\Banque des images AFD - Classees\06_wash\afd_wash_dotation_dispositifs_lavage_mains_salama_004.jpg,.jpg,2875643,6016,4016,5e0d137dd88d9c321a1390b6770e9ff4345a49563123340a9eb439e93875793e,false,false,,Dotation de dispositifs de lavage des mains SALAMA,"Remise de kits et dispositifs de lavage des mains a des beneficiaires, avec materiel, seaux, cartons et presence AFD.",wash,distribution_humanitaire; sante,dispositifs_lavage_mains,dotation_dispositifs_lavage_mains,SALAMA,,,,,structures_locales; communautes,beneficiaires; personnel_afd; personnel_sante,wash; dotation; distribution; lavage_des_mains; kits; equipements; documents; sante,Logos AFD visibles sur des seaux ou supports; mots au tableau visibles dans la salle.,2026-07-09 12:22:29,exif,false,eleve,Planche-contact verifiee: remise de seaux et kits de lavage des mains.,wash,afd_wash_dotation_dispositifs_lavage_mains_salama_004,Remise de dispositifs de lavage des mains dans le cadre du projet SALAMA.,"Dotation de dispositifs de lavage des mains et kits associes, avec presence de l'equipe AFD.",false,already_exists,,true,D:\Maquette_AFD\Banque des images AFD\Banque Images 1\Dotation de DDLM SALAMA,2026-07-09T03:22:30,,true,,1b9b5e9a96e6b393
88c8e64e-100d-4e95-95ab-de41658f56a0,DSC_1444.jpg,D:\Maquette_AFD\Banque des images AFD\Banque Images 1\Dotation de DDLM SALAMA\DSC_1444.jpg,afd_wash_dotation_dispositifs_lavage_mains_salama_005.jpg,D:\Maquette_AFD\Banque des images AFD - Classees\06_wash\afd_wash_dotation_dispositifs_lavage_mains_salama_005.jpg,.jpg,2615827,6016,4016,9b9ee7ae29d206f7c559576510f297edf862d1e1594991645a44282ca27082d0,false,false,,Dotation de dispositifs de lavage des mains SALAMA,"Remise de kits et dispositifs de lavage des mains a des beneficiaires, avec materiel, seaux, cartons et presence AFD.",wash,distribution_humanitaire; sante,dispositifs_lavage_mains,dotation_dispositifs_lavage_mains,SALAMA,,,,,structures_locales; communautes,beneficiaires; personnel_afd; personnel_sante,wash; dotation; distribution; lavage_des_mains; kits; equipements; documents; sante,Logos AFD visibles sur des seaux ou supports; mots au tableau visibles dans la salle.,2026-07-09 12:22:41,exif,false,eleve,Planche-contact verifiee: remise de seaux et kits de lavage des mains.,wash,afd_wash_dotation_dispositifs_lavage_mains_salama_005,Remise de dispositifs de lavage des mains dans le cadre du projet SALAMA.,"Dotation de dispositifs de lavage des mains et kits associes, avec presence de l'equipe AFD.",false,already_exists,,true,D:\Maquette_AFD\Banque des images AFD\Banque Images 1\Dotation de DDLM SALAMA,2026-07-09T03:22:42,,true,,399b8abaa6e6b393
9e5b6ac2-fd4c-48a1-ad0b-78f2e960394b,DSC_1445.jpg,D:\Maquette_AFD\Banque des images AFD\Banque Images 1\Dotation de DDLM SALAMA\DSC_1445.jpg,afd_wash_dotation_dispositifs_lavage_mains_salama_006.jpg,D:\Maquette_AFD\Banque des images AFD - Classees\06_wash\afd_wash_dotation_dispositifs_lavage_mains_salama_006.jpg,.jpg,3077516,6016,4016,1e4be263485a00e8bea65302104dc00db1df78998063fb407bfc73c5917f68d3,false,false,,Dotation de dispositifs de lavage des mains SALAMA,"Remise de kits et dispositifs de lavage des mains a des beneficiaires, avec materiel, seaux, cartons et presence AFD.",wash,distribution_humanitaire; sante,dispositifs_lavage_mains,dotation_dispositifs_lavage_mains,SALAMA,,,,,structures_locales; communautes,beneficiaires; personnel_afd; personnel_sante,wash; dotation; distribution; lavage_des_mains; kits; equipements; documents; sante,Logos AFD visibles sur des seaux ou supports; mots au tableau visibles dans la salle.,2026-07-09 12:22:41,exif,false,eleve,Planche-contact verifiee: remise de seaux et kits de lavage des mains.,wash,afd_wash_dotation_dispositifs_lavage_mains_salama_006,Remise de dispositifs de lavage des mains dans le cadre du projet SALAMA.,"Dotation de dispositifs de lavage des mains et kits associes, avec presence de l'equipe AFD.",false,already_exists,,true,D:\Maquette_AFD\Banque des images AFD\Banque Images 1\Dotation de DDLM SALAMA,2026-07-09T03:22:42,,true,,56e6cad8d6c8898c
a4784e30-b716-4636-84b0-8b162fed7b07,DSC_1446.jpg,D:\Maquette_AFD\Banque des images AFD\Banque Images 1\Dotation de DDLM SALAMA\DSC_1446.jpg,afd_wash_dotation_dispositifs_lavage_mains_salama_007.jpg,D:\Maquette_AFD\Banque des images AFD - Classees\06_wash\afd_wash_dotation_dispositifs_lavage_mains_salama_007.jpg,.jpg,2588651,6016,4016,6818583e7a2f42522a20a24e7c48fc9e0aa79707d8a5c8b399be079f36505ba6,false,false,,Dotation de dispositifs de lavage des mains SALAMA,"Remise de kits et dispositifs de lavage des mains a des beneficiaires, avec materiel, seaux, cartons et presence AFD.",wash,distribution_humanitaire; sante,dispositifs_lavage_mains,dotation_dispositifs_lavage_mains,SALAMA,,,,,structures_locales; communautes,beneficiaires; personnel_afd; personnel_sante,wash; dotation; distribution; lavage_des_mains; kits; equipements; documents; sante,Logos AFD visibles sur des seaux ou supports; mots au tableau visibles dans la salle.,2026-07-09 12:22:55,exif,false,eleve,Planche-contact verifiee: remise de seaux et kits de lavage des mains.,wash,afd_wash_dotation_dispositifs_lavage_mains_salama_007,Remise de dispositifs de lavage des mains dans le cadre du projet SALAMA.,"Dotation de dispositifs de lavage des mains et kits associes, avec presence de l'equipe AFD.",false,already_exists,,true,D:\Maquette_AFD\Banque des images AFD\Banque Images 1\Dotation de DDLM SALAMA,2026-07-09T03:22:54,,true,,03c9a133c9893494
52457922-b279-497a-9466-f7f467f4ee38,DSC_1447.jpg,D:\Maquette_AFD\Banque des images AFD\Banque Images 1\Dotation de DDLM SALAMA\DSC_1447.jpg,afd_wash_dotation_dispositifs_lavage_mains_salama_008.jpg,D:\Maquette_AFD\Banque des images AFD - Classees\06_wash\afd_wash_dotation_dispositifs_lavage_mains_salama_008.jpg,.jpg,2853599,6016,4016,d710b0ec66cb4394455e99ecd66459c5b2cfe8fad869d56db2d43623c34b306d,false,false,,Dotation de dispositifs de lavage des mains SALAMA,"Remise de kits et dispositifs de lavage des mains a des beneficiaires, avec materiel, seaux, cartons et presence AFD.",wash,distribution_humanitaire; sante,dispositifs_lavage_mains,dotation_dispositifs_lavage_mains,SALAMA,,,,,structures_locales; communautes,beneficiaires; personnel_afd; personnel_sante,wash; dotation; distribution; lavage_des_mains; kits; equipements; documents; sante,Logos AFD visibles sur des seaux ou supports; mots au tableau visibles dans la salle.,2026-07-09 12:22:55,exif,false,eleve,Planche-contact verifiee: remise de seaux et kits de lavage des mains.,wash,afd_wash_dotation_dispositifs_lavage_mains_salama_008,Remise de dispositifs de lavage des mains dans le cadre du projet SALAMA.,"Dotation de dispositifs de lavage des mains et kits associes, avec presence de l'equipe AFD.",false,already_exists,,true,D:\Maquette_AFD\Banque des images AFD\Banque Images 1\Dotation de DDLM SALAMA,2026-07-09T03:22:56,,true,,03c9c5b9c9513494
c3f5fcb4-c73e-4b42-8197-0e2d8600fec5,DSC_1448.jpg,D:\Maquette_AFD\Banque des images AFD\Banque Images 1\Dotation de DDLM SALAMA\DSC_1448.jpg,afd_wash_dotation_dispositifs_lavage_mains_salama_009.jpg,D:\Maquette_AFD\Banque des images AFD - Classees\06_wash\afd_wash_dotation_dispositifs_lavage_mains_salama_009.jpg,.jpg,3072602,6016,4016,799a247d608b7545d50174caca1c2611ff9decf57d5e8a29e1aab8457db4883c,false,false,,Dotation de dispositifs de lavage des mains SALAMA,"Remise de kits et dispositifs de lavage des mains a des beneficiaires, avec materiel, seaux, cartons et presence AFD.",wash,distribution_humanitaire; sante,dispositifs_lavage_mains,dotation_dispositifs_lavage_mains,SALAMA,,,,,structures_locales; communautes,beneficiaires; personnel_afd; personnel_sante,wash; dotation; distribution; lavage_des_mains; kits; equipements; documents; sante,Logos AFD visibles sur des seaux ou supports; mots au tableau visibles dans la salle.,2026-07-09 12:23:08,exif,false,eleve,Planche-contact verifiee: remise de seaux et kits de lavage des mains.,wash,afd_wash_dotation_dispositifs_lavage_mains_salama_009,Remise de dispositifs de lavage des mains dans le cadre du projet SALAMA.,"Dotation de dispositifs de lavage des mains et kits associes, avec presence de l'equipe AFD.",false,already_exists,,true,D:\Maquette_AFD\Banque des images AFD\Banque Images 1\Dotation de DDLM SALAMA,2026-07-09T03:23:08,,true,,0374627c3c2cda5e
47affb3e-23fd-42d3-82a4-fab25ac27ef6,DSC_1449.jpg,D:\Maquette_AFD\Banque des images AFD\Banque Images 1\Dotation de DDLM SALAMA\DSC_1449.jpg,afd_wash_dotation_dispositifs_lavage_mains_salama_010.jpg,D:\Maquette_AFD\Banque des images AFD - Classees\06_wash\afd_wash_dotation_dispositifs_lavage_mains_salama_010.jpg,.jpg,2917290,6016,4016,21358d872b76b82879317ad53f6c5ce705c39673b43292e817667f16fa80b082,false,false,,Dotation de dispositifs de lavage des mains SALAMA,"Remise de kits et dispositifs de lavage des mains a des beneficiaires, avec materiel, seaux, cartons et presence AFD.",wash,distribution_humanitaire; sante,dispositifs_lavage_mains,dotation_dispositifs_lavage_mains,SALAMA,,,,,structures_locales; communautes,beneficiaires; personnel_afd; personnel_sante,wash; dotation; distribution; lavage_des_mains; kits; equipements; documents; sante,Logos AFD visibles sur des seaux ou supports; mots au tableau visibles dans la salle.,2026-07-09 12:23:09,exif,false,eleve,Planche-contact verifiee: remise de seaux et kits de lavage des mains.,wash,afd_wash_dotation_dispositifs_lavage_mains_salama_010,Remise de dispositifs de lavage des mains dans le cadre du projet SALAMA.,"Dotation de dispositifs de lavage des mains et kits associes, avec presence de l'equipe AFD.",false,already_exists,,true,D:\Maquette_AFD\Banque des images AFD\Banque Images 1\Dotation de DDLM SALAMA,2026-07-09T03:23:10,,true,,05607075288c5ada
7efb97ff-eaad-4290-84b4-ee38ef43ec0a,DSC_1450.jpg,D:\Maquette_AFD\Banque des images AFD\Banque Images 1\Dotation de DDLM SALAMA\DSC_1450.jpg,afd_wash_dotation_dispositifs_lavage_mains_salama_011.jpg,D:\Maquette_AFD\Banque des images AFD - Classees\06_wash\afd_wash_dotation_dispositifs_lavage_mains_salama_011.jpg,.jpg,2748762,6016,4016,e73942cbebbbeea0fb6c037b2217fde93921b894c174d8470e790465831997a9,false,false,,Dotation de dispositifs de lavage des mains SALAMA,"Remise de kits et dispositifs de lavage des mains a des beneficiaires, avec materiel, seaux, cartons et presence AFD.",wash,distribution_humanitaire; sante,dispositifs_lavage_mains,dotation_dispositifs_lavage_mains,SALAMA,,,,,structures_locales; communautes,beneficiaires; personnel_afd; personnel_sante,wash; dotation; distribution; lavage_des_mains; kits; equipements; documents; sante,Logos AFD visibles sur des seaux ou supports; mots au tableau visibles dans la salle.,2026-07-09 12:23:21,exif,false,eleve,Planche-contact verifiee: remise de seaux et kits de lavage des mains.,wash,afd_wash_dotation_dispositifs_lavage_mains_salama_011,Remise de dispositifs de lavage des mains dans le cadre du projet SALAMA.,"Dotation de dispositifs de lavage des mains et kits associes, avec presence de l'equipe AFD.",false,already_exists,,true,D:\Maquette_AFD\Banque des images AFD\Banque Images 1\Dotation de DDLM SALAMA,2026-07-09T03:23:22,,true,,01c9c5694551b494
d4423c62-1101-425e-9b2a-99790c0e298f,DSC_1451.jpg,D:\Maquette_AFD\Banque des images AFD\Banque Images 1\Dotation de DDLM SALAMA\DSC_1451.jpg,afd_wash_dotation_dispositifs_lavage_mains_salama_012.jpg,D:\Maquette_AFD\Banque des images AFD - Classees\06_wash\afd_wash_dotation_dispositifs_lavage_mains_salama_012.jpg,.jpg,2643824,6016,4016,9c485591e52a658fa241ce946d6763f3a9750324c00d2bf7b795a6630f11c1a4,false,false,,Dotation de dispositifs de lavage des mains SALAMA,"Remise de kits et dispositifs de lavage des mains a des beneficiaires, avec materiel, seaux, cartons et presence AFD.",wash,distribution_humanitaire; sante,dispositifs_lavage_mains,dotation_dispositifs_lavage_mains,SALAMA,,,,,structures_locales; communautes,beneficiaires; personnel_afd; personnel_sante,wash; dotation; distribution; lavage_des_mains; kits; equipements; documents; sante,Logos AFD visibles sur des seaux ou supports; mots au tableau visibles dans la salle.,2026-07-09 12:23:22,exif,false,eleve,Planche-contact verifiee: remise de seaux et kits de lavage des mains.,wash,afd_wash_dotation_dispositifs_lavage_mains_salama_012,Remise de dispositifs de lavage des mains dans le cadre du projet SALAMA.,"Dotation de dispositifs de lavage des mains et kits associes, avec presence de l'equipe AFD.",false,already_exists,,true,D:\Maquette_AFD\Banque des images AFD\Banque Images 1\Dotation de DDLM SALAMA,2026-07-09T03:23:24,,true,,0564203951d8529a
cac3f98f-4651-4038-b5ad-47f792c43187,DSC_1452.jpg,D:\Maquette_AFD\Banque des images AFD\Banque Images 1\Dotation de DDLM SALAMA\DSC_1452.jpg,afd_wash_dotation_dispositifs_lavage_mains_salama_013.jpg,D:\Maquette_AFD\Banque des images AFD - Classees\06_wash\afd_wash_dotation_dispositifs_lavage_mains_salama_013.jpg,.jpg,2746926,6016,4016,123857ee4254058598140370367b77eb7529257ca6fb144540b986774af98b89,false,false,,Dotation de dispositifs de lavage des mains SALAMA,"Remise de kits et dispositifs de lavage des mains a des beneficiaires, avec materiel, seaux, cartons et presence AFD.",wash,distribution_humanitaire; sante,dispositifs_lavage_mains,dotation_dispositifs_lavage_mains,SALAMA,,,,,structures_locales; communautes,beneficiaires; personnel_afd; personnel_sante,wash; dotation; distribution; lavage_des_mains; kits; equipements; documents; sante,Logos AFD visibles sur des seaux ou supports; mots au tableau visibles dans la salle.,2026-07-09 12:23:35,exif,false,eleve,Planche-contact verifiee: remise de seaux et kits de lavage des mains.,wash,afd_wash_dotation_dispositifs_lavage_mains_salama_013,Remise de dispositifs de lavage des mains dans le cadre du projet SALAMA.,"Dotation de dispositifs de lavage des mains et kits associes, avec presence de l'equipe AFD.",false,already_exists,,true,D:\Maquette_AFD\Banque des images AFD\Banque Images 1\Dotation de DDLM SALAMA,2026-07-09T03:23:36,,true,,03c9c4317151f494
68b8686e-bb4c-486c-95d2-8535437ad3bd,DSC_1453.jpg,D:\Maquette_AFD\Banque des images AFD\Banque Images 1\Dotation de DDLM SALAMA\DSC_1453.jpg,afd_wash_dotation_dispositifs_lavage_mains_salama_014.jpg,D:\Maquette_AFD\Banque des images AFD - Classees\06_wash\afd_wash_dotation_dispositifs_lavage_mains_salama_014.jpg,.jpg,3054444,6016,4016,c5e527d5e07b1beaf74d7ddc4151881e97394a85815a645e72e03f74d16426e3,false,false,,Dotation de dispositifs de lavage des mains SALAMA,"Remise de kits et dispositifs de lavage des mains a des beneficiaires, avec materiel, seaux, cartons et presence AFD.",wash,distribution_humanitaire; sante,dispositifs_lavage_mains,dotation_dispositifs_lavage_mains,SALAMA,,,,,structures_locales; communautes,beneficiaires; personnel_afd; personnel_sante,wash; dotation; distribution; lavage_des_mains; kits; equipements; documents; sante,Logos AFD visibles sur des seaux ou supports; mots au tableau visibles dans la salle.,2026-07-09 12:23:36,exif,false,eleve,Planche-contact verifiee: remise de seaux et kits de lavage des mains.,wash,afd_wash_dotation_dispositifs_lavage_mains_salama_014,Remise de dispositifs de lavage des mains dans le cadre du projet SALAMA.,"Dotation de dispositifs de lavage des mains et kits associes, avec presence de l'equipe AFD.",false,already_exists,,true,D:\Maquette_AFD\Banque des images AFD\Banque Images 1\Dotation de DDLM SALAMA,2026-07-09T03:23:38,,true,,0664727428487a0a
2f679928-4cb7-4f82-b257-e9643a0b2a64,DSC_1454.jpg,D:\Maquette_AFD\Banque des images AFD\Banque Images 1\Dotation de DDLM SALAMA\DSC_1454.jpg,afd_wash_dotation_dispositifs_lavage_mains_salama_015.jpg,D:\Maquette_AFD\Banque des images AFD - Classees\06_wash\afd_wash_dotation_dispositifs_lavage_mains_salama_015.jpg,.jpg,2925377,6016,4016,2e2b164f48dbe11f9b0403486f24571e56a88bc58e50e823158495f960184866,false,false,,Dotation de dispositifs de lavage des mains SALAMA,"Remise de kits et dispositifs de lavage des mains a des beneficiaires, avec materiel, seaux, cartons et presence AFD.",wash,distribution_humanitaire; sante,dispositifs_lavage_mains,dotation_dispositifs_lavage_mains,SALAMA,,,,,structures_locales; communautes,beneficiaires; personnel_afd; personnel_sante,wash; dotation; distribution; lavage_des_mains; kits; equipements; documents; sante,Logos AFD visibles sur des seaux ou supports; mots au tableau visibles dans la salle.,2026-07-09 12:23:50,exif,false,eleve,Planche-contact verifiee: remise de seaux et kits de lavage des mains.,wash,afd_wash_dotation_dispositifs_lavage_mains_salama_015,Remise de dispositifs de lavage des mains dans le cadre du projet SALAMA.,"Dotation de dispositifs de lavage des mains et kits associes, avec presence de l'equipe AFD.",false,already_exists,,true,D:\Maquette_AFD\Banque des images AFD\Banque Images 1\Dotation de DDLM SALAMA,2026-07-09T03:23:50,,true,,05e46479b150761e
1f0cf051-263c-43e4-a12c-c02e164aac96,DSC_1455.jpg,D:\Maquette_AFD\Banque des images AFD\Banque Images 1\Dotation de DDLM SALAMA\DSC_1455.jpg,afd_wash_dotation_dispositifs_lavage_mains_salama_016.jpg,D:\Maquette_AFD\Banque des images AFD - Classees\06_wash\afd_wash_dotation_dispositifs_lavage_mains_salama_016.jpg,.jpg,2862398,6016,4016,e92cf3e35e2ef170cf5ab9a5b7e0712409311d0e25531a3d6ca5633d3a9fad7b,false,false,,Dotation de dispositifs de lavage des mains SALAMA,"Remise de kits et dispositifs de lavage des mains a des beneficiaires, avec materiel, seaux, cartons et presence AFD.",wash,distribution_humanitaire; sante,dispositifs_lavage_mains,dotation_dispositifs_lavage_mains,SALAMA,,,,,structures_locales; communautes,beneficiaires; personnel_afd; personnel_sante,wash; dotation; distribution; lavage_des_mains; kits; equipements; documents; sante,Logos AFD visibles sur des seaux ou supports; mots au tableau visibles dans la salle.,2026-07-09 12:23:51,exif,false,eleve,Planche-contact verifiee: remise de seaux et kits de lavage des mains.,wash,afd_wash_dotation_dispositifs_lavage_mains_salama_016,Remise de dispositifs de lavage des mains dans le cadre du projet SALAMA.,"Dotation de dispositifs de lavage des mains et kits associes, avec presence de l'equipe AFD.",false,already_exists,,true,D:\Maquette_AFD\Banque des images AFD\Banque Images 1\Dotation de DDLM SALAMA,2026-07-09T03:23:52,,true,,01c9e1e95151f434
c91e7617-b2ed-44dd-a31d-c7f0181d2c4f,DSC_1456.jpg,D:\Maquette_AFD\Banque des images AFD\Banque Images 1\Dotation de DDLM SALAMA\DSC_1456.jpg,afd_wash_dotation_dispositifs_lavage_mains_salama_017.jpg,D:\Maquette_AFD\Banque des images AFD - Classees\06_wash\afd_wash_dotation_dispositifs_lavage_mains_salama_017.jpg,.jpg,3196267,6016,4016,34b2bad7336c476f382914344781069307d91928031021ea2c4fe7d3ff9f4d9d,false,false,,Dotation de dispositifs de lavage des mains SALAMA,"Remise de kits et dispositifs de lavage des mains a des beneficiaires, avec materiel, seaux, cartons et presence AFD.",wash,distribution_humanitaire; sante,dispositifs_lavage_mains,dotation_dispositifs_lavage_mains,SALAMA,,,,,structures_locales; communautes,beneficiaires; personnel_afd; personnel_sante,wash; dotation; distribution; lavage_des_mains; kits; equipements; documents; sante,Logos AFD visibles sur des seaux ou supports; mots au tableau visibles dans la salle.,2026-07-09 12:24:03,exif,false,eleve,Planche-contact verifiee: remise de seaux et kits de lavage des mains.,wash,afd_wash_dotation_dispositifs_lavage_mains_salama_017,Remise de dispositifs de lavage des mains dans le cadre du projet SALAMA.,"Dotation de dispositifs de lavage des mains et kits associes, avec presence de l'equipe AFD.",false,already_exists,,true,D:\Maquette_AFD\Banque des images AFD\Banque Images 1\Dotation de DDLM SALAMA,2026-07-09T03:24:04,,true,,8f38585b36261cc6
28aeb2c5-1b44-42c9-9857-628c7f6b1845,DSC_1457.jpg,D:\Maquette_AFD\Banque des images AFD\Banque Images 1\Dotation de DDLM SALAMA\DSC_1457.jpg,afd_wash_dotation_dispositifs_lavage_mains_salama_018.jpg,D:\Maquette_AFD\Banque des images AFD - Classees\06_wash\afd_wash_dotation_dispositifs_lavage_mains_salama_018.jpg,.jpg,2098417,6016,4016,7ea2325ab925265f553620cc511f22539fb81fb86f2f4549cf6f178a37e93224,false,false,,Dotation de dispositifs de lavage des mains SALAMA,"Remise de kits et dispositifs de lavage des mains a des beneficiaires, avec materiel, seaux, cartons et presence AFD.",wash,distribution_humanitaire; sante,dispositifs_lavage_mains,dotation_dispositifs_lavage_mains,SALAMA,,,,,structures_locales; communautes,beneficiaires; personnel_afd; personnel_sante,wash; dotation; distribution; lavage_des_mains; kits; equipements; documents; sante,Logos AFD visibles sur des seaux ou supports; mots au tableau visibles dans la salle.,2026-07-09 12:24:04,exif,false,eleve,Planche-contact verifiee: remise de seaux et kits de lavage des mains.,wash,afd_wash_dotation_dispositifs_lavage_mains_salama_018,Remise de dispositifs de lavage des mains dans le cadre du projet SALAMA.,"Dotation de dispositifs de lavage des mains et kits associes, avec presence de l'equipe AFD.",false,already_exists,,true,D:\Maquette_AFD\Banque des images AFD\Banque Images 1\Dotation de DDLM SALAMA,2026-07-09T03:24:04,,true,,636c6ccc6d6b3236
84791646-777c-41cc-96f1-3c67d81515dd,DSC_1458.jpg,D:\Maquette_AFD\Banque des images AFD\Banque Images 1\Dotation de DDLM SALAMA\DSC_1458.jpg,afd_wash_dotation_dispositifs_lavage_mains_salama_019.jpg,D:\Maquette_AFD\Banque des images AFD - Classees\06_wash\afd_wash_dotation_dispositifs_lavage_mains_salama_019.jpg,.jpg,2975523,6016,4016,2b4c243657a94fb8e84377d5ac46cbcc353b1b6ca291c00b812fff8e3f4d389c,false,false,,Dotation de dispositifs de lavage des mains SALAMA,"Remise de kits et dispositifs de lavage des mains a des beneficiaires, avec materiel, seaux, cartons et presence AFD.",wash,distribution_humanitaire; sante,dispositifs_lavage_mains,dotation_dispositifs_lavage_mains,SALAMA,,,,,structures_locales; communautes,beneficiaires; personnel_afd; personnel_sante,wash; dotation; distribution; lavage_des_mains; kits; equipements; documents; sante,Logos AFD visibles sur des seaux ou supports; mots au tableau visibles dans la salle.,2026-07-09 12:24:16,exif,false,eleve,Planche-contact verifiee: remise de seaux et kits de lavage des mains.,wash,afd_wash_dotation_dispositifs_lavage_mains_salama_019,Remise de dispositifs de lavage des mains dans le cadre du projet SALAMA.,"Dotation de dispositifs de lavage des mains et kits associes, avec presence de l'equipe AFD.",false,already_exists,,true,D:\Maquette_AFD\Banque des images AFD\Banque Images 1\Dotation de DDLM SALAMA,2026-07-09T03:24:18,,true,,14e479697964369c
b8bfde01-35bd-478f-ad9b-4c37c64ceeea,DSC_1459.jpg,D:\Maquette_AFD\Banque des images AFD\Banque Images 1\Dotation de DDLM SALAMA\DSC_1459.jpg,afd_wash_dotation_dispositifs_lavage_mains_salama_020.jpg,D:\Maquette_AFD\Banque des images AFD - Classees\06_wash\afd_wash_dotation_dispositifs_lavage_mains_salama_020.jpg,.jpg,2871746,6016,4016,a048a1efaabe1b09bb30fa82531bf1fe1ff3bb46c1469880475836dd9cb1bea3,false,false,,Dotation de dispositifs de lavage des mains SALAMA,"Remise de kits et dispositifs de lavage des mains a des beneficiaires, avec materiel, seaux, cartons et presence AFD.",wash,distribution_humanitaire; sante,dispositifs_lavage_mains,dotation_dispositifs_lavage_mains,SALAMA,,,,,structures_locales; communautes,beneficiaires; personnel_afd; personnel_sante,wash; dotation; distribution; lavage_des_mains; kits; equipements; documents; sante,Logos AFD visibles sur des seaux ou supports; mots au tableau visibles dans la salle.,2026-07-09 12:24:17,exif,false,eleve,Planche-contact verifiee: remise de seaux et kits de lavage des mains.,wash,afd_wash_dotation_dispositifs_lavage_mains_salama_020,Remise de dispositifs de lavage des mains dans le cadre du projet SALAMA.,"Dotation de dispositifs de lavage des mains et kits associes, avec presence de l'equipe AFD.",false,already_exists,,true,D:\Maquette_AFD\Banque des images AFD\Banque Images 1\Dotation de DDLM SALAMA,2026-07-09T03:24:18,,true,,156471797155541c
c445324e-9564-425d-b31f-c362e4161ef4,DSC_1460.jpg,D:\Maquette_AFD\Banque des images AFD\Banque Images 1\Dotation de DDLM SALAMA\DSC_1460.jpg,afd_wash_dotation_dispositifs_lavage_mains_salama_021.jpg,D:\Maquette_AFD\Banque des images AFD - Classees\06_wash\afd_wash_dotation_dispositifs_lavage_mains_salama_021.jpg,.jpg,3007749,6016,4016,32e555f4e7139f2571c2eb2737917960d1a5983b60c6d0f39664017a0dd712cd,false,false,,Dotation de dispositifs de lavage des mains SALAMA,"Remise de kits et dispositifs de lavage des mains a des beneficiaires, avec materiel, seaux, cartons et presence AFD.",wash,distribution_humanitaire; sante,dispositifs_lavage_mains,dotation_dispositifs_lavage_mains,SALAMA,,,,,structures_locales; communautes,beneficiaires; personnel_afd; personnel_sante,wash; dotation; distribution; lavage_des_mains; kits; equipements; documents; sante,Logos AFD visibles sur des seaux ou supports; mots au tableau visibles dans la salle.,2026-07-09 12:24:31,exif,false,eleve,Planche-contact verifiee: remise de seaux et kits de lavage des mains.,wash,afd_wash_dotation_dispositifs_lavage_mains_salama_021,Remise de dispositifs de lavage des mains dans le cadre du projet SALAMA.,"Dotation de dispositifs de lavage des mains et kits associes, avec presence de l'equipe AFD.",false,already_exists,,true,D:\Maquette_AFD\Banque des images AFD\Banque Images 1\Dotation de DDLM SALAMA,2026-07-09T03:24:32,,true,,80a5a991a589b474
1c0a89a1-1447-4364-b2c5-b7f17bd70fa2,DSC_1461.jpg,D:\Maquette_AFD\Banque des images AFD\Banque Images 1\Dotation de DDLM SALAMA\DSC_1461.jpg,afd_wash_dotation_dispositifs_lavage_mains_salama_022.jpg,D:\Maquette_AFD\Banque des images AFD - Classees\06_wash\afd_wash_dotation_dispositifs_lavage_mains_salama_022.jpg,.jpg,2878765,6016,4016,32a14be90205332c6a79a0202057462ea1753788d7b6fa9e9f7729b0bfc7e7db,false,false,,Dotation de dispositifs de lavage des mains SALAMA,"Remise de kits et dispositifs de lavage des mains a des beneficiaires, avec materiel, seaux, cartons et presence AFD.",wash,distribution_humanitaire; sante,dispositifs_lavage_mains,dotation_dispositifs_lavage_mains,SALAMA,,,,,structures_locales; communautes,beneficiaires; personnel_afd; personnel_sante,wash; dotation; distribution; lavage_des_mains; kits; equipements; documents; sante,Logos AFD visibles sur des seaux ou supports; mots au tableau visibles dans la salle.,2026-07-09 12:24:31,exif,false,eleve,Planche-contact verifiee: remise de seaux et kits de lavage des mains.,wash,afd_wash_dotation_dispositifs_lavage_mains_salama_022,Remise de dispositifs de lavage des mains dans le cadre du projet SALAMA.,"Dotation de dispositifs de lavage des mains et kits associes, avec presence de l'equipe AFD.",false,already_exists,,true,D:\Maquette_AFD\Banque des images AFD\Banque Images 1\Dotation de DDLM SALAMA,2026-07-09T03:24:30,,true,,84a5a9f392d1f464
a521b549-b746-4e48-9a1c-3ab1ef806139,DSC_1464.jpg,D:\Maquette_AFD\Banque des images AFD\Banque Images 1\Dotation de DDLM SALAMA\DSC_1464.jpg,afd_wash_dotation_dispositifs_lavage_mains_salama_023.jpg,D:\Maquette_AFD\Banque des images AFD - Classees\06_wash\afd_wash_dotation_dispositifs_lavage_mains_salama_023.jpg,.jpg,3329617,6016,4016,9cb6a0cdf4d4ae315e9cfbb0d035bd581ddb7a1cb41263f8a6507340925b05d3,false,false,,Dotation de dispositifs de lavage des mains SALAMA,"Remise de kits et dispositifs de lavage des mains a des beneficiaires, avec materiel, seaux, cartons et presence AFD.",wash,distribution_humanitaire; sante,dispositifs_lavage_mains,dotation_dispositifs_lavage_mains,SALAMA,,,,,structures_locales; communautes,beneficiaires; personnel_afd; personnel_sante,wash; dotation; distribution; lavage_des_mains; kits; equipements; documents; sante,Logos AFD visibles sur des seaux ou supports; mots au tableau visibles dans la salle.,2026-07-09 12:24:44,exif,false,eleve,Planche-contact verifiee: remise de seaux et kits de lavage des mains.,wash,afd_wash_dotation_dispositifs_lavage_mains_salama_023,Remise de dispositifs de lavage des mains dans le cadre du projet SALAMA.,"Dotation de dispositifs de lavage des mains et kits associes, avec presence de l'equipe AFD.",false,already_exists,,true,D:\Maquette_AFD\Banque des images AFD\Banque Images 1\Dotation de DDLM SALAMA,2026-07-09T03:24:44,,true,,323234894998cece
cc7615d5-3445-4851-9e02-45501c223794,DSC_1465.jpg,D:\Maquette_AFD\Banque des images AFD\Banque Images 1\Dotation de DDLM SALAMA\DSC_1465.jpg,afd_wash_dotation_dispositifs_lavage_mains_salama_024.jpg,D:\Maquette_AFD\Banque des images AFD - Classees\06_wash\afd_wash_dotation_dispositifs_lavage_mains_salama_024.jpg,.jpg,1818131,6016,4016,4de7a5fbb1c307df4a932e2663e63dfcda0c0c923bd2c1ac6c549dae8d3e5aa8,false,false,,Dotation de dispositifs de lavage des mains SALAMA,"Remise de kits et dispositifs de lavage des mains a des beneficiaires, avec materiel, seaux, cartons et presence AFD.",wash,distribution_humanitaire; sante,dispositifs_lavage_mains,dotation_dispositifs_lavage_mains,SALAMA,,,,,structures_locales; communautes,beneficiaires; personnel_afd; personnel_sante,wash; dotation; distribution; lavage_des_mains; kits; equipements; documents; sante,Logos AFD visibles sur des seaux ou supports; mots au tableau visibles dans la salle.,2026-07-09 12:24:44,exif,false,eleve,Planche-contact verifiee: remise de seaux et kits de lavage des mains.,wash,afd_wash_dotation_dispositifs_lavage_mains_salama_024,Remise de dispositifs de lavage des mains dans le cadre du projet SALAMA.,"Dotation de dispositifs de lavage des mains et kits associes, avec presence de l'equipe AFD.",false,already_exists,,true,D:\Maquette_AFD\Banque des images AFD\Banque Images 1\Dotation de DDLM SALAMA,2026-07-09T03:24:44,,true,,8ecacbc122b69294
3b070e50-c848-450c-8134-593678e66189,DSC_1120.jpg,D:\Maquette_AFD\Banque des images AFD\Banque Images 1\Remise de documents coordination Tshopo\DSC_1120.jpg,afd_gouvernance_remise_documents_coordination_tshopo_001.jpg,D:\Maquette_AFD\Banque des images AFD - Classees\19_gouvernance\afd_gouvernance_remise_documents_coordination_tshopo_001.jpg,.jpg,2855570,6016,4016,db3529974431bbf8f34cbd56b592314af2bf1a9cf9cc7da1f73da81d6d14fb09,false,false,,Remise de documents a la coordination Tshopo,"Remise officielle de documents dans un cadre institutionnel, avec bureau, mairie, equipes et supports visibles.",gouvernance,coordination; visites_institutionnelles; partenariats,remise_documents_officiels,remise_documents,,,Tshopo,,Kisangani,institutions_locales; coordination,autorites; personnel_afd; partenaires,gouvernance; coordination; remise_documents; visite_institutionnelle; mairie; photo_groupe,"Ville de Kisangani, Mairie et APROCM visibles sur certaines images.",2026-06-29 23:18:07,exif,false,eleve,"Planche-contact verifiee: documents remis, bureau officiel et panneaux institutionnels visibles.",gouvernance,afd_gouvernance_remise_documents_coordination_tshopo_001,Remise officielle de documents a la coordination provinciale de la Tshopo.,Remise de documents et rencontre institutionnelle avec la coordination de la Tshopo.,false,already_exists,,true,D:\Maquette_AFD\Banque des images AFD\Banque Images 1\Remise de documents coordination Tshopo,2026-06-29T14:18:08,,true,,6b6a727b99b7f2be
a3a66497-0fe8-46fb-81e7-4df9dd6f53c3,DSC_1122.jpg,D:\Maquette_AFD\Banque des images AFD\Banque Images 1\Remise de documents coordination Tshopo\DSC_1122.jpg,afd_gouvernance_remise_documents_coordination_tshopo_002.jpg,D:\Maquette_AFD\Banque des images AFD - Classees\19_gouvernance\afd_gouvernance_remise_documents_coordination_tshopo_002.jpg,.jpg,2796974,6016,4016,4e2d9be7feb0cdb7b814712db2cbfe058822093c66c903f2f518267ebb8f665b,false,false,,Remise de documents a la coordination Tshopo,"Remise officielle de documents dans un cadre institutionnel, avec bureau, mairie, equipes et supports visibles.",gouvernance,coordination; visites_institutionnelles; partenariats,remise_documents_officiels,remise_documents,,,Tshopo,,Kisangani,institutions_locales; coordination,autorites; personnel_afd; partenaires,gouvernance; coordination; remise_documents; visite_institutionnelle; mairie; photo_groupe,"Ville de Kisangani, Mairie et APROCM visibles sur certaines images.",2026-06-29 23:18:18,exif,false,eleve,"Planche-contact verifiee: documents remis, bureau officiel et panneaux institutionnels visibles.",gouvernance,afd_gouvernance_remise_documents_coordination_tshopo_002,Remise officielle de documents a la coordination provinciale de la Tshopo.,Remise de documents et rencontre institutionnelle avec la coordination de la Tshopo.,false,already_exists,,true,D:\Maquette_AFD\Banque des images AFD\Banque Images 1\Remise de documents coordination Tshopo,2026-06-29T14:18:20,,true,,4a6af2db7d2c6c73
7ac8ce72-3908-46ba-ae35-0d2877c8926e,DSC_1133.jpg,D:\Maquette_AFD\Banque des images AFD\Banque Images 1\Remise de documents coordination Tshopo\DSC_1133.jpg,afd_gouvernance_remise_documents_coordination_tshopo_003.jpg,D:\Maquette_AFD\Banque des images AFD - Classees\19_gouvernance\afd_gouvernance_remise_documents_coordination_tshopo_003.jpg,.jpg,1507710,6016,4016,5ba8c1322ffc69ceeca90e85fee0c2e0fce37e0cc9e152da47f1d79615317817,false,false,,Remise de documents a la coordination Tshopo,"Remise officielle de documents dans un cadre institutionnel, avec bureau, mairie, equipes et supports visibles.",gouvernance,coordination; visites_institutionnelles; partenariats,remise_documents_officiels,remise_documents,,,Tshopo,,Kisangani,institutions_locales; coordination,autorites; personnel_afd; partenaires,gouvernance; coordination; remise_documents; visite_institutionnelle; mairie; photo_groupe,"Ville de Kisangani, Mairie et APROCM visibles sur certaines images.",2026-06-29 23:18:25,exif,false,eleve,"Planche-contact verifiee: documents remis, bureau officiel et panneaux institutionnels visibles.",gouvernance,afd_gouvernance_remise_documents_coordination_tshopo_003,Remise officielle de documents a la coordination provinciale de la Tshopo.,Remise de documents et rencontre institutionnelle avec la coordination de la Tshopo.,false,already_exists,,true,D:\Maquette_AFD\Banque des images AFD\Banque Images 1\Remise de documents coordination Tshopo,2026-06-29T14:18:26,,true,,5575336969496969
cdcb61cb-aad5-4833-bea2-dbfdb4ee09a1,DSC_1135.jpg,D:\Maquette_AFD\Banque des images AFD\Banque Images 1\Remise de documents coordination Tshopo\DSC_1135.jpg,afd_gouvernance_remise_documents_coordination_tshopo_004.jpg,D:\Maquette_AFD\Banque des images AFD - Classees\19_gouvernance\afd_gouvernance_remise_documents_coordination_tshopo_004.jpg,.jpg,1779732,6016,4016,2e46f87c26037c4966e47e15af04813251ec44472700563a217e5b57f2be66f8,false,false,,Remise de documents a la coordination Tshopo,"Remise officielle de documents dans un cadre institutionnel, avec bureau, mairie, equipes et supports visibles.",gouvernance,coordination; visites_institutionnelles; partenariats,remise_documents_officiels,remise_documents,,,Tshopo,,Kisangani,institutions_locales; coordination,autorites; personnel_afd; partenaires,gouvernance; coordination; remise_documents; visite_institutionnelle; mairie; photo_groupe,"Ville de Kisangani, Mairie et APROCM visibles sur certaines images.",2026-06-29 23:18:36,exif,false,eleve,"Planche-contact verifiee: documents remis, bureau officiel et panneaux institutionnels visibles.",gouvernance,afd_gouvernance_remise_documents_coordination_tshopo_004,Remise officielle de documents a la coordination provinciale de la Tshopo.,Remise de documents et rencontre institutionnelle avec la coordination de la Tshopo.,false,already_exists,,true,D:\Maquette_AFD\Banque des images AFD\Banque Images 1\Remise de documents coordination Tshopo,2026-06-29T14:18:38,,true,,6766a6aaadf296fe
b2412a61-3ec1-4db0-b0c2-3d327d17f1c2,DSC_1142.jpg,D:\Maquette_AFD\Banque des images AFD\Banque Images 1\Remise de documents coordination Tshopo\DSC_1142.jpg,afd_gouvernance_remise_documents_coordination_tshopo_005.jpg,D:\Maquette_AFD\Banque des images AFD - Classees\19_gouvernance\afd_gouvernance_remise_documents_coordination_tshopo_005.jpg,.jpg,2078711,6016,4016,353b7964a54174f767a9358b72083ded7174247a063ab9675621f1a630768f47,false,false,,Remise de documents a la coordination Tshopo,"Remise officielle de documents dans un cadre institutionnel, avec bureau, mairie, equipes et supports visibles.",gouvernance,coordination; visites_institutionnelles; partenariats,remise_documents_officiels,remise_documents,,,Tshopo,,Kisangani,institutions_locales; coordination,autorites; personnel_afd; partenaires,gouvernance; coordination; remise_documents; visite_institutionnelle; mairie; photo_groupe,"Ville de Kisangani, Mairie et APROCM visibles sur certaines images.",2026-06-29 23:18:44,exif,false,eleve,"Planche-contact verifiee: documents remis, bureau officiel et panneaux institutionnels visibles.",gouvernance,afd_gouvernance_remise_documents_coordination_tshopo_005,Remise officielle de documents a la coordination provinciale de la Tshopo.,Remise de documents et rencontre institutionnelle avec la coordination de la Tshopo.,false,already_exists,,true,D:\Maquette_AFD\Banque des images AFD\Banque Images 1\Remise de documents coordination Tshopo,2026-06-29T14:18:44,,true,,a290949c84e06322
50e27b76-bb0c-40dd-81a3-664cefcb55e6,DSC_1022.jpg,D:\Maquette_AFD\Banque des images AFD\Banque Images 1\séance de travail avec CARITAS kisangani\DSC_1022.jpg,afd_coordination_seance_travail_caritas_kisangani_001.jpg,D:\Maquette_AFD\Banque des images AFD - Classees\18_coordination\afd_coordination_seance_travail_caritas_kisangani_001.jpg,.jpg,1556611,6016,4016,b69f94d393010e5199d2655c87a820426f4376e310b50cce582acd7f41512527,false,false,,Seance de travail avec CARITAS Kisangani,"Seance de travail en salle avec partenaires, personnel AFD, ordinateurs, documents et photo de groupe devant un batiment diocesan.",coordination,reunions; partenariats; gouvernance,seance_travail_partenaire,seance_travail,,CARITAS,,,Kisangani,partenaires_techniques; communautes,personnel_afd; partenaires; participants,coordination; reunion; partenariat; caritas; documents; ordinateurs; salle_reunion; photo_groupe,CARITAS/Bureaux diocesains visibles sur le batiment dans certaines images.,2026-06-29 23:11:47,exif,false,eleve,Planche-contact verifiee: reunion technique en salle et batiment partenaire visible.,coordination,afd_coordination_seance_travail_caritas_kisangani_001,Reunion de coordination entre l'AFD et CARITAS a Kisangani.,"Seance de travail entre l'AFD et CARITAS a Kisangani, avec echanges techniques et documentation.",false,already_exists,,true,D:\Maquette_AFD\Banque des images AFD\Banque Images 1\séance de travail avec CARITAS kisangani,2026-06-29T14:11:48,,true,,323272305258b4e6
fe29a567-eb0a-46b9-9c07-a9071d98aeed,DSC_1024.jpg,D:\Maquette_AFD\Banque des images AFD\Banque Images 1\séance de travail avec CARITAS kisangani\DSC_1024.jpg,afd_coordination_seance_travail_caritas_kisangani_002.jpg,D:\Maquette_AFD\Banque des images AFD - Classees\18_coordination\afd_coordination_seance_travail_caritas_kisangani_002.jpg,.jpg,1168583,6016,4016,93339e457ff330766c94d577d5287f0e129cc69b91a7c6b8ef8257c140b4b080,false,false,,Seance de travail avec CARITAS Kisangani,"Seance de travail en salle avec partenaires, personnel AFD, ordinateurs, documents et photo de groupe devant un batiment diocesan.",coordination,reunions; partenariats; gouvernance,seance_travail_partenaire,seance_travail,,CARITAS,,,Kisangani,partenaires_techniques; communautes,personnel_afd; partenaires; participants,coordination; reunion; partenariat; caritas; documents; ordinateurs; salle_reunion; photo_groupe,CARITAS/Bureaux diocesains visibles sur le batiment dans certaines images.,2026-06-29 23:11:47,exif,false,eleve,Planche-contact verifiee: reunion technique en salle et batiment partenaire visible.,coordination,afd_coordination_seance_travail_caritas_kisangani_002,Reunion de coordination entre l'AFD et CARITAS a Kisangani.,"Seance de travail entre l'AFD et CARITAS a Kisangani, avec echanges techniques et documentation.",false,already_exists,,true,D:\Maquette_AFD\Banque des images AFD\Banque Images 1\séance de travail avec CARITAS kisangani,2026-06-29T14:11:48,,true,,07131313393939a0
101f6509-a627-4b02-81f5-f8e8765dacfa,DSC_1025.jpg,D:\Maquette_AFD\Banque des images AFD\Banque Images 1\séance de travail avec CARITAS kisangani\DSC_1025.jpg,afd_coordination_seance_travail_caritas_kisangani_003.jpg,D:\Maquette_AFD\Banque des images AFD - Classees\18_coordination\afd_coordination_seance_travail_caritas_kisangani_003.jpg,.jpg,1778275,6016,4016,07b7a4541c35949d542d37c7453d55bb670aabd101b5161f9803de4d964e9347,false,false,,Seance de travail avec CARITAS Kisangani,"Seance de travail en salle avec partenaires, personnel AFD, ordinateurs, documents et photo de groupe devant un batiment diocesan.",coordination,reunions; partenariats; gouvernance,seance_travail_partenaire,seance_travail,,CARITAS,,,Kisangani,partenaires_techniques; communautes,personnel_afd; partenaires; participants,coordination; reunion; partenariat; caritas; documents; ordinateurs; salle_reunion; photo_groupe,CARITAS/Bureaux diocesains visibles sur le batiment dans certaines images.,2026-06-29 23:12:00,exif,false,eleve,Planche-contact verifiee: reunion technique en salle et batiment partenaire visible.,coordination,afd_coordination_seance_travail_caritas_kisangani_003,Reunion de coordination entre l'AFD et CARITAS a Kisangani.,"Seance de travail entre l'AFD et CARITAS a Kisangani, avec echanges techniques et documentation.",false,already_exists,,true,D:\Maquette_AFD\Banque des images AFD\Banque Images 1\séance de travail avec CARITAS kisangani,2026-06-29T14:12:00,,true,,2b1919099bcecd4d
a3f42d37-3e1d-46c5-a59d-1214fd901c4e,DSC_1026.jpg,D:\Maquette_AFD\Banque des images AFD\Banque Images 1\séance de travail avec CARITAS kisangani\DSC_1026.jpg,afd_coordination_seance_travail_caritas_kisangani_004.jpg,D:\Maquette_AFD\Banque des images AFD - Classees\18_coordination\afd_coordination_seance_travail_caritas_kisangani_004.jpg,.jpg,2357861,6016,4016,56412b74ba12444cf08f719e54c7d08df352ca4af18e726b1528bd5092aa8759,false,false,,Seance de travail avec CARITAS Kisangani,"Seance de travail en salle avec partenaires, personnel AFD, ordinateurs, documents et photo de groupe devant un batiment diocesan.",coordination,reunions; partenariats; gouvernance,seance_travail_partenaire,seance_travail,,CARITAS,,,Kisangani,partenaires_techniques; communautes,personnel_afd; partenaires; participants,coordination; reunion; partenariat; caritas; documents; ordinateurs; salle_reunion; photo_groupe,CARITAS/Bureaux diocesains visibles sur le batiment dans certaines images.,2026-06-29 23:12:00,exif,false,eleve,Planche-contact verifiee: reunion technique en salle et batiment partenaire visible.,coordination,afd_coordination_seance_travail_caritas_kisangani_004,Reunion de coordination entre l'AFD et CARITAS a Kisangani.,"Seance de travail entre l'AFD et CARITAS a Kisangani, avec echanges techniques et documentation.",false,already_exists,,true,D:\Maquette_AFD\Banque des images AFD\Banque Images 1\séance de travail avec CARITAS kisangani,2026-06-29T14:12:02,,true,,021a0a9a1cc4dbfb
7bce440e-6c76-4f46-ab79-7178965ad166,DSC_1030.jpg,D:\Maquette_AFD\Banque des images AFD\Banque Images 1\séance de travail avec CARITAS kisangani\DSC_1030.jpg,afd_coordination_seance_travail_caritas_kisangani_005.jpg,D:\Maquette_AFD\Banque des images AFD - Classees\18_coordination\afd_coordination_seance_travail_caritas_kisangani_005.jpg,.jpg,1401684,6016,4016,e7e08f5248fdab116a677bc0b974f6361afabd1ca62603b5450101c325d0bafb,false,false,,Seance de travail avec CARITAS Kisangani,"Seance de travail en salle avec partenaires, personnel AFD, ordinateurs, documents et photo de groupe devant un batiment diocesan.",coordination,reunions; partenariats; gouvernance,seance_travail_partenaire,seance_travail,,CARITAS,,,Kisangani,partenaires_techniques; communautes,personnel_afd; partenaires; participants,coordination; reunion; partenariat; caritas; documents; ordinateurs; salle_reunion; photo_groupe,CARITAS/Bureaux diocesains visibles sur le batiment dans certaines images.,2026-06-29 23:12:15,exif,false,eleve,Planche-contact verifiee: reunion technique en salle et batiment partenaire visible.,coordination,afd_coordination_seance_travail_caritas_kisangani_005,Reunion de coordination entre l'AFD et CARITAS a Kisangani.,"Seance de travail entre l'AFD et CARITAS a Kisangani, avec echanges techniques et documentation.",false,already_exists,,true,D:\Maquette_AFD\Banque des images AFD\Banque Images 1\séance de travail avec CARITAS kisangani,2026-06-29T14:12:16,,true,,0f33333169edede4
50af041a-c867-493a-b0d4-2b4e53e199fe,DSC_1031.jpg,D:\Maquette_AFD\Banque des images AFD\Banque Images 1\séance de travail avec CARITAS kisangani\DSC_1031.jpg,afd_coordination_seance_travail_caritas_kisangani_006.jpg,D:\Maquette_AFD\Banque des images AFD - Classees\18_coordination\afd_coordination_seance_travail_caritas_kisangani_006.jpg,.jpg,1283716,6016,4016,2e98736c59c2f5ba0645b664e67b9d35860b4985fd4f7b1491757d1d5bc747be,false,false,,Seance de travail avec CARITAS Kisangani,"Seance de travail en salle avec partenaires, personnel AFD, ordinateurs, documents et photo de groupe devant un batiment diocesan.",coordination,reunions; partenariats; gouvernance,seance_travail_partenaire,seance_travail,,CARITAS,,,Kisangani,partenaires_techniques; communautes,personnel_afd; partenaires; participants,coordination; reunion; partenariat; caritas; documents; ordinateurs; salle_reunion; photo_groupe,CARITAS/Bureaux diocesains visibles sur le batiment dans certaines images.,2026-06-29 23:12:20,exif,false,eleve,Planche-contact verifiee: reunion technique en salle et batiment partenaire visible.,coordination,afd_coordination_seance_travail_caritas_kisangani_006,Reunion de coordination entre l'AFD et CARITAS a Kisangani.,"Seance de travail entre l'AFD et CARITAS a Kisangani, avec echanges techniques et documentation.",false,already_exists,,true,D:\Maquette_AFD\Banque des images AFD\Banque Images 1\séance de travail avec CARITAS kisangani,2026-06-29T14:12:22,,true,,581266694a8646c6
0d6c0606-077d-4aa5-9e3d-e8dc470fd960,DSC_1032.jpg,D:\Maquette_AFD\Banque des images AFD\Banque Images 1\séance de travail avec CARITAS kisangani\DSC_1032.jpg,afd_coordination_seance_travail_caritas_kisangani_007.jpg,D:\Maquette_AFD\Banque des images AFD - Classees\18_coordination\afd_coordination_seance_travail_caritas_kisangani_007.jpg,.jpg,1817995,6016,4016,6b86f6c9e815c935236121fa8671afa25795b754ed596a4a5086ad2cb7f05b50,false,false,,Seance de travail avec CARITAS Kisangani,"Seance de travail en salle avec partenaires, personnel AFD, ordinateurs, documents et photo de groupe devant un batiment diocesan.",coordination,reunions; partenariats; gouvernance,seance_travail_partenaire,seance_travail,,CARITAS,,,Kisangani,partenaires_techniques; communautes,personnel_afd; partenaires; participants,coordination; reunion; partenariat; caritas; documents; ordinateurs; salle_reunion; photo_groupe,CARITAS/Bureaux diocesains visibles sur le batiment dans certaines images.,2026-06-29 23:12:35,exif,false,eleve,Planche-contact verifiee: reunion technique en salle et batiment partenaire visible.,coordination,afd_coordination_seance_travail_caritas_kisangani_007,Reunion de coordination entre l'AFD et CARITAS a Kisangani.,"Seance de travail entre l'AFD et CARITAS a Kisangani, avec echanges techniques et documentation.",false,already_exists,,true,D:\Maquette_AFD\Banque des images AFD\Banque Images 1\séance de travail avec CARITAS kisangani,2026-06-29T14:12:36,,true,,6763a9a9a566e1e1
1ae0bd46-deb5-453c-96f1-d07a4e2d008f,DSC_1033.jpg,D:\Maquette_AFD\Banque des images AFD\Banque Images 1\séance de travail avec CARITAS kisangani\DSC_1033.jpg,afd_coordination_seance_travail_caritas_kisangani_008.jpg,D:\Maquette_AFD\Banque des images AFD - Classees\18_coordination\afd_coordination_seance_travail_caritas_kisangani_008.jpg,.jpg,1331963,6016,4016,01473b9b5cfe2d12ec7b4625595fad257dfa018617197aaf3a09325a28f90c3c,false,false,,Seance de travail avec CARITAS Kisangani,"Seance de travail en salle avec partenaires, personnel AFD, ordinateurs, documents et photo de groupe devant un batiment diocesan.",coordination,reunions; partenariats; gouvernance,seance_travail_partenaire,seance_travail,,CARITAS,,,Kisangani,partenaires_techniques; communautes,personnel_afd; partenaires; participants,coordination; reunion; partenariat; caritas; documents; ordinateurs; salle_reunion; photo_groupe,CARITAS/Bureaux diocesains visibles sur le batiment dans certaines images.,2026-06-29 23:12:37,exif,false,eleve,Planche-contact verifiee: reunion technique en salle et batiment partenaire visible.,coordination,afd_coordination_seance_travail_caritas_kisangani_008,Reunion de coordination entre l'AFD et CARITAS a Kisangani.,"Seance de travail entre l'AFD et CARITAS a Kisangani, avec echanges techniques et documentation.",false,already_exists,,true,D:\Maquette_AFD\Banque des images AFD\Banque Images 1\séance de travail avec CARITAS kisangani,2026-06-29T14:12:38,,true,,333333313133b3b1
8b6fcda0-72fa-489c-b4ab-609bc3c0af0e,DSC_1034.jpg,D:\Maquette_AFD\Banque des images AFD\Banque Images 1\séance de travail avec CARITAS kisangani\DSC_1034.jpg,afd_coordination_seance_travail_caritas_kisangani_009.jpg,D:\Maquette_AFD\Banque des images AFD - Classees\18_coordination\afd_coordination_seance_travail_caritas_kisangani_009.jpg,.jpg,1493721,6016,4016,4ec03af420946cfa18efee3269be60ac6b93c8ae31e16cf37477b049d63f5f95,false,false,,Seance de travail avec CARITAS Kisangani,"Seance de travail en salle avec partenaires, personnel AFD, ordinateurs, documents et photo de groupe devant un batiment diocesan.",coordination,reunions; partenariats; gouvernance,seance_travail_partenaire,seance_travail,,CARITAS,,,Kisangani,partenaires_techniques; communautes,personnel_afd; partenaires; participants,coordination; reunion; partenariat; caritas; documents; ordinateurs; salle_reunion; photo_groupe,CARITAS/Bureaux diocesains visibles sur le batiment dans certaines images.,2026-06-29 23:12:50,exif,false,eleve,Planche-contact verifiee: reunion technique en salle et batiment partenaire visible.,coordination,afd_coordination_seance_travail_caritas_kisangani_009,Reunion de coordination entre l'AFD et CARITAS a Kisangani.,"Seance de travail entre l'AFD et CARITAS a Kisangani, avec echanges techniques et documentation.",false,already_exists,,true,D:\Maquette_AFD\Banque des images AFD\Banque Images 1\séance de travail avec CARITAS kisangani,2026-06-29T14:12:52,,true,,0f173b1926260303
e569b9a9-ffdb-4c77-939b-9214b49a8e4c,DSC_1035.jpg,D:\Maquette_AFD\Banque des images AFD\Banque Images 1\séance de travail avec CARITAS kisangani\DSC_1035.jpg,afd_coordination_seance_travail_caritas_kisangani_010.jpg,D:\Maquette_AFD\Banque des images AFD - Classees\18_coordination\afd_coordination_seance_travail_caritas_kisangani_010.jpg,.jpg,1636686,6016,4016,5f582decd360c5846217322d483d15dde7bba169591436d9632b46cc5d6fce7b,false,false,,Seance de travail avec CARITAS Kisangani,"Seance de travail en salle avec partenaires, personnel AFD, ordinateurs, documents et photo de groupe devant un batiment diocesan.",coordination,reunions; partenariats; gouvernance,seance_travail_partenaire,seance_travail,,CARITAS,,,Kisangani,partenaires_techniques; communautes,personnel_afd; partenaires; participants,coordination; reunion; partenariat; caritas; documents; ordinateurs; salle_reunion; photo_groupe,CARITAS/Bureaux diocesains visibles sur le batiment dans certaines images.,2026-06-29 23:12:53,exif,false,eleve,Planche-contact verifiee: reunion technique en salle et batiment partenaire visible.,coordination,afd_coordination_seance_travail_caritas_kisangani_010,Reunion de coordination entre l'AFD et CARITAS a Kisangani.,"Seance de travail entre l'AFD et CARITAS a Kisangani, avec echanges techniques et documentation.",false,already_exists,,true,D:\Maquette_AFD\Banque des images AFD\Banque Images 1\séance de travail avec CARITAS kisangani,2026-06-29T14:12:54,,true,,f9bddf3fe353d281
ce070910-6a01-454e-a02b-2410b8e4e062,DSC_1036.jpg,D:\Maquette_AFD\Banque des images AFD\Banque Images 1\séance de travail avec CARITAS kisangani\DSC_1036.jpg,afd_coordination_seance_travail_caritas_kisangani_011.jpg,D:\Maquette_AFD\Banque des images AFD - Classees\18_coordination\afd_coordination_seance_travail_caritas_kisangani_011.jpg,.jpg,1908669,6016,4016,4d34b4c7ef701624d5a039a08a9d897f21cb7992e032355a1c816b8e75433c15,false,false,,Seance de travail avec CARITAS Kisangani,"Seance de travail en salle avec partenaires, personnel AFD, ordinateurs, documents et photo de groupe devant un batiment diocesan.",coordination,reunions; partenariats; gouvernance,seance_travail_partenaire,seance_travail,,CARITAS,,,Kisangani,partenaires_techniques; communautes,personnel_afd; partenaires; participants,coordination; reunion; partenariat; caritas; documents; ordinateurs; salle_reunion; photo_groupe,CARITAS/Bureaux diocesains visibles sur le batiment dans certaines images.,2026-06-29 23:13:19,exif,false,eleve,Planche-contact verifiee: reunion technique en salle et batiment partenaire visible.,coordination,afd_coordination_seance_travail_caritas_kisangani_011,Reunion de coordination entre l'AFD et CARITAS a Kisangani.,"Seance de travail entre l'AFD et CARITAS a Kisangani, avec echanges techniques et documentation.",false,already_exists,,true,D:\Maquette_AFD\Banque des images AFD\Banque Images 1\séance de travail avec CARITAS kisangani,2026-06-29T14:13:20,,true,,7f6fd696b4b7ecc4
523f42fb-3888-4c5f-a154-dc36658d47bd,DSC_1038.jpg,D:\Maquette_AFD\Banque des images AFD\Banque Images 1\séance de travail avec CARITAS kisangani\DSC_1038.jpg,afd_coordination_seance_travail_caritas_kisangani_012.jpg,D:\Maquette_AFD\Banque des images AFD - Classees\18_coordination\afd_coordination_seance_travail_caritas_kisangani_012.jpg,.jpg,1780022,6016,4016,9c2a022cfe3f45bc9eff53355e85b628a68b82687b0102be2e1a4becea2bd363,false,false,,Seance de travail avec CARITAS Kisangani,"Seance de travail en salle avec partenaires, personnel AFD, ordinateurs, documents et photo de groupe devant un batiment diocesan.",coordination,reunions; partenariats; gouvernance,seance_travail_partenaire,seance_travail,,CARITAS,,,Kisangani,partenaires_techniques; communautes,personnel_afd; partenaires; participants,coordination; reunion; partenariat; caritas; documents; ordinateurs; salle_reunion; photo_groupe,CARITAS/Bureaux diocesains visibles sur le batiment dans certaines images.,2026-06-29 23:13:20,exif,false,eleve,Planche-contact verifiee: reunion technique en salle et batiment partenaire visible.,coordination,afd_coordination_seance_travail_caritas_kisangani_012,Reunion de coordination entre l'AFD et CARITAS a Kisangani.,"Seance de travail entre l'AFD et CARITAS a Kisangani, avec echanges techniques et documentation.",false,already_exists,,true,D:\Maquette_AFD\Banque des images AFD\Banque Images 1\séance de travail avec CARITAS kisangani,2026-06-29T14:13:22,,true,,2b3b3b5bdbcfe72b
decf192a-1465-4893-9188-eb5c8e380f5a,DSC_1039.jpg,D:\Maquette_AFD\Banque des images AFD\Banque Images 1\séance de travail avec CARITAS kisangani\DSC_1039.jpg,afd_coordination_seance_travail_caritas_kisangani_013.jpg,D:\Maquette_AFD\Banque des images AFD - Classees\18_coordination\afd_coordination_seance_travail_caritas_kisangani_013.jpg,.jpg,1257356,6016,4016,9338a0ba21bd3281ef9fcf2abc64bb5d245c40f8362e84d09812af7c5bca5721,false,false,,Seance de travail avec CARITAS Kisangani,"Seance de travail en salle avec partenaires, personnel AFD, ordinateurs, documents et photo de groupe devant un batiment diocesan.",coordination,reunions; partenariats; gouvernance,seance_travail_partenaire,seance_travail,,CARITAS,,,Kisangani,partenaires_techniques; communautes,personnel_afd; partenaires; participants,coordination; reunion; partenariat; caritas; documents; ordinateurs; salle_reunion; photo_groupe,CARITAS/Bureaux diocesains visibles sur le batiment dans certaines images.,2026-06-29 23:13:36,exif,false,eleve,Planche-contact verifiee: reunion technique en salle et batiment partenaire visible.,coordination,afd_coordination_seance_travail_caritas_kisangani_013,Reunion de coordination entre l'AFD et CARITAS a Kisangani.,"Seance de travail entre l'AFD et CARITAS a Kisangani, avec echanges techniques et documentation.",false,already_exists,,true,D:\Maquette_AFD\Banque des images AFD\Banque Images 1\séance de travail avec CARITAS kisangani,2026-06-29T14:13:38,,true,,0f17333293cdd592
f66663aa-4d72-4de4-823f-caa20c820e93,DSC_1040.jpg,D:\Maquette_AFD\Banque des images AFD\Banque Images 1\séance de travail avec CARITAS kisangani\DSC_1040.jpg,afd_coordination_seance_travail_caritas_kisangani_014.jpg,D:\Maquette_AFD\Banque des images AFD - Classees\18_coordination\afd_coordination_seance_travail_caritas_kisangani_014.jpg,.jpg,1201018,6016,4016,24f0dfe39ce647244fe07170c86d16fa78f8ff35a0619540c343ad9ceaef3727,false,false,,Seance de travail avec CARITAS Kisangani,"Seance de travail en salle avec partenaires, personnel AFD, ordinateurs, documents et photo de groupe devant un batiment diocesan.",coordination,reunions; partenariats; gouvernance,seance_travail_partenaire,seance_travail,,CARITAS,,,Kisangani,partenaires_techniques; communautes,personnel_afd; partenaires; participants,coordination; reunion; partenariat; caritas; documents; ordinateurs; salle_reunion; photo_groupe,CARITAS/Bureaux diocesains visibles sur le batiment dans certaines images.,2026-06-29 23:13:38,exif,false,eleve,Planche-contact verifiee: reunion technique en salle et batiment partenaire visible.,coordination,afd_coordination_seance_travail_caritas_kisangani_014,Reunion de coordination entre l'AFD et CARITAS a Kisangani.,"Seance de travail entre l'AFD et CARITAS a Kisangani, avec echanges techniques et documentation.",false,already_exists,,true,D:\Maquette_AFD\Banque des images AFD\Banque Images 1\séance de travail avec CARITAS kisangani,2026-06-29T14:13:38,,true,,37376536b6727173
7b40a6c4-fed9-447d-a2b3-3d30a41fd934,DSC_1041.jpg,D:\Maquette_AFD\Banque des images AFD\Banque Images 1\séance de travail avec CARITAS kisangani\DSC_1041.jpg,afd_coordination_seance_travail_caritas_kisangani_015.jpg,D:\Maquette_AFD\Banque des images AFD - Classees\18_coordination\afd_coordination_seance_travail_caritas_kisangani_015.jpg,.jpg,2075195,6016,4016,2f6641d5627edd8e241bb28f48aa3c03c7b109f8a8c49ed6eb600e1f9791cd03,false,false,,Seance de travail avec CARITAS Kisangani,"Seance de travail en salle avec partenaires, personnel AFD, ordinateurs, documents et photo de groupe devant un batiment diocesan.",coordination,reunions; partenariats; gouvernance,seance_travail_partenaire,seance_travail,,CARITAS,,,Kisangani,partenaires_techniques; communautes,personnel_afd; partenaires; participants,coordination; reunion; partenariat; caritas; documents; ordinateurs; salle_reunion; photo_groupe,CARITAS/Bureaux diocesains visibles sur le batiment dans certaines images.,2026-06-29 23:13:55,exif,false,eleve,Planche-contact verifiee: reunion technique en salle et batiment partenaire visible.,coordination,afd_coordination_seance_travail_caritas_kisangani_015,Reunion de coordination entre l'AFD et CARITAS a Kisangani.,"Seance de travail entre l'AFD et CARITAS a Kisangani, avec echanges techniques et documentation.",false,already_exists,,true,D:\Maquette_AFD\Banque des images AFD\Banque Images 1\séance de travail avec CARITAS kisangani,2026-06-29T14:13:56,,true,,b6cccccddec88c9d
c7225812-f160-4549-9c04-2deb8bec21e5,DSC_1042.jpg,D:\Maquette_AFD\Banque des images AFD\Banque Images 1\séance de travail avec CARITAS kisangani\DSC_1042.jpg,afd_coordination_seance_travail_caritas_kisangani_016.jpg,D:\Maquette_AFD\Banque des images AFD - Classees\18_coordination\afd_coordination_seance_travail_caritas_kisangani_016.jpg,.jpg,1751042,6016,4016,d71190e63923b3dc8d0c7cf79399542e65291aa0f5f3251e37f2ac659863621f,false,false,,Seance de travail avec CARITAS Kisangani,"Seance de travail en salle avec partenaires, personnel AFD, ordinateurs, documents et photo de groupe devant un batiment diocesan.",coordination,reunions; partenariats; gouvernance,seance_travail_partenaire,seance_travail,,CARITAS,,,Kisangani,partenaires_techniques; communautes,personnel_afd; partenaires; participants,coordination; reunion; partenariat; caritas; documents; ordinateurs; salle_reunion; photo_groupe,CARITAS/Bureaux diocesains visibles sur le batiment dans certaines images.,2026-06-29 23:13:56,exif,false,eleve,Planche-contact verifiee: reunion technique en salle et batiment partenaire visible.,coordination,afd_coordination_seance_travail_caritas_kisangani_016,Reunion de coordination entre l'AFD et CARITAS a Kisangani.,"Seance de travail entre l'AFD et CARITAS a Kisangani, avec echanges techniques et documentation.",false,already_exists,,true,D:\Maquette_AFD\Banque des images AFD\Banque Images 1\séance de travail avec CARITAS kisangani,2026-06-29T14:13:56,,true,,7f1f7fadad37dee4
08254f73-9c0a-401f-bb7e-58dd463aa093,DSC_1045.jpg,D:\Maquette_AFD\Banque des images AFD\Banque Images 1\séance de travail avec CARITAS kisangani\DSC_1045.jpg,afd_coordination_seance_travail_caritas_kisangani_017.jpg,D:\Maquette_AFD\Banque des images AFD - Classees\18_coordination\afd_coordination_seance_travail_caritas_kisangani_017.jpg,.jpg,1401293,6016,4016,a757109fadc52b428414b5b5e5099e58abe6510f58ed9ae36f28e345e28f22a6,false,false,,Seance de travail avec CARITAS Kisangani,"Seance de travail en salle avec partenaires, personnel AFD, ordinateurs, documents et photo de groupe devant un batiment diocesan.",coordination,reunions; partenariats; gouvernance,seance_travail_partenaire,seance_travail,,CARITAS,,,Kisangani,partenaires_techniques; communautes,personnel_afd; partenaires; participants,coordination; reunion; partenariat; caritas; documents; ordinateurs; salle_reunion; photo_groupe,CARITAS/Bureaux diocesains visibles sur le batiment dans certaines images.,2026-06-29 23:14:19,exif,false,eleve,Planche-contact verifiee: reunion technique en salle et batiment partenaire visible.,coordination,afd_coordination_seance_travail_caritas_kisangani_017,Reunion de coordination entre l'AFD et CARITAS a Kisangani.,"Seance de travail entre l'AFD et CARITAS a Kisangani, avec echanges techniques et documentation.",false,already_exists,,true,D:\Maquette_AFD\Banque des images AFD\Banque Images 1\séance de travail avec CARITAS kisangani,2026-06-29T14:14:20,,true,,5f3b4949cbb6dfcf
5ab5b530-1a7c-4210-a31d-2ce475588984,DSC_1046.jpg,D:\Maquette_AFD\Banque des images AFD\Banque Images 1\séance de travail avec CARITAS kisangani\DSC_1046.jpg,afd_coordination_seance_travail_caritas_kisangani_018.jpg,D:\Maquette_AFD\Banque des images AFD - Classees\18_coordination\afd_coordination_seance_travail_caritas_kisangani_018.jpg,.jpg,1506937,6016,4016,53f6ea8dd99ab908ec216c6742bef7e969cb55d4d9bb28c5c4ed881701747691,false,false,,Seance de travail avec CARITAS Kisangani,"Seance de travail en salle avec partenaires, personnel AFD, ordinateurs, documents et photo de groupe devant un batiment diocesan.",coordination,reunions; partenariats; gouvernance,seance_travail_partenaire,seance_travail,,CARITAS,,,Kisangani,partenaires_techniques; communautes,personnel_afd; partenaires; participants,coordination; reunion; partenariat; caritas; documents; ordinateurs; salle_reunion; photo_groupe,CARITAS/Bureaux diocesains visibles sur le batiment dans certaines images.,2026-06-29 23:14:19,exif,false,eleve,Planche-contact verifiee: reunion technique en salle et batiment partenaire visible.,coordination,afd_coordination_seance_travail_caritas_kisangani_018,Reunion de coordination entre l'AFD et CARITAS a Kisangani.,"Seance de travail entre l'AFD et CARITAS a Kisangani, avec echanges techniques et documentation.",false,already_exists,,true,D:\Maquette_AFD\Banque des images AFD\Banque Images 1\séance de travail avec CARITAS kisangani,2026-06-29T14:14:20,,true,,060b27a6b2732e0c
e1c89b33-7560-44e5-8e4e-e53a0046503d,DSC_1048.jpg,D:\Maquette_AFD\Banque des images AFD\Banque Images 1\séance de travail avec CARITAS kisangani\DSC_1048.jpg,afd_coordination_seance_travail_caritas_kisangani_019.jpg,D:\Maquette_AFD\Banque des images AFD - Classees\18_coordination\afd_coordination_seance_travail_caritas_kisangani_019.jpg,.jpg,1392876,6016,4016,eb91596183fecab2c112d13108e50586933ad7d2a3ab169a8e0fde89e3415fb3,false,false,,Seance de travail avec CARITAS Kisangani,"Seance de travail en salle avec partenaires, personnel AFD, ordinateurs, documents et photo de groupe devant un batiment diocesan.",coordination,reunions; partenariats; gouvernance,seance_travail_partenaire,seance_travail,,CARITAS,,,Kisangani,partenaires_techniques; communautes,personnel_afd; partenaires; participants,coordination; reunion; partenariat; caritas; documents; ordinateurs; salle_reunion; photo_groupe,CARITAS/Bureaux diocesains visibles sur le batiment dans certaines images.,2026-06-29 23:14:40,exif,false,eleve,Planche-contact verifiee: reunion technique en salle et batiment partenaire visible.,coordination,afd_coordination_seance_travail_caritas_kisangani_019,Reunion de coordination entre l'AFD et CARITAS a Kisangani.,"Seance de travail entre l'AFD et CARITAS a Kisangani, avec echanges techniques et documentation.",false,already_exists,,true,D:\Maquette_AFD\Banque des images AFD\Banque Images 1\séance de travail avec CARITAS kisangani,2026-06-29T14:14:40,,true,,230b3315cf931393
cac4d857-509f-4549-a996-c90fb6baf948,DSC_1049.jpg,D:\Maquette_AFD\Banque des images AFD\Banque Images 1\séance de travail avec CARITAS kisangani\DSC_1049.jpg,afd_coordination_seance_travail_caritas_kisangani_020.jpg,D:\Maquette_AFD\Banque des images AFD - Classees\18_coordination\afd_coordination_seance_travail_caritas_kisangani_020.jpg,.jpg,1393760,6016,4016,bb33cd5c51c2637e27ad0b02b5463e78bd3b4da2ec5a2c6d2eec4d33409cb772,false,false,,Seance de travail avec CARITAS Kisangani,"Seance de travail en salle avec partenaires, personnel AFD, ordinateurs, documents et photo de groupe devant un batiment diocesan.",coordination,reunions; partenariats; gouvernance,seance_travail_partenaire,seance_travail,,CARITAS,,,Kisangani,partenaires_techniques; communautes,personnel_afd; partenaires; participants,coordination; reunion; partenariat; caritas; documents; ordinateurs; salle_reunion; photo_groupe,CARITAS/Bureaux diocesains visibles sur le batiment dans certaines images.,2026-06-29 23:14:40,exif,false,eleve,Planche-contact verifiee: reunion technique en salle et batiment partenaire visible.,coordination,afd_coordination_seance_travail_caritas_kisangani_020,Reunion de coordination entre l'AFD et CARITAS a Kisangani.,"Seance de travail entre l'AFD et CARITAS a Kisangani, avec echanges techniques et documentation.",false,already_exists,,true,D:\Maquette_AFD\Banque des images AFD\Banque Images 1\séance de travail avec CARITAS kisangani,2026-06-29T14:14:40,,true,,27b3393152431313
c17dcce2-b6ef-4bf6-985a-6d22e8a719f7,DSC_1050.jpg,D:\Maquette_AFD\Banque des images AFD\Banque Images 1\séance de travail avec CARITAS kisangani\DSC_1050.jpg,afd_coordination_seance_travail_caritas_kisangani_021.jpg,D:\Maquette_AFD\Banque des images AFD - Classees\18_coordination\afd_coordination_seance_travail_caritas_kisangani_021.jpg,.jpg,873426,6016,4016,18b7053b9cf0a1bfdad5386984a2e6936c6c09fc688af81a8db72686ddc55023,false,false,,Seance de travail avec CARITAS Kisangani,"Seance de travail en salle avec partenaires, personnel AFD, ordinateurs, documents et photo de groupe devant un batiment diocesan.",coordination,reunions; partenariats; gouvernance,seance_travail_partenaire,seance_travail,,CARITAS,,,Kisangani,partenaires_techniques; communautes,personnel_afd; partenaires; participants,coordination; reunion; partenariat; caritas; documents; ordinateurs; salle_reunion; photo_groupe,CARITAS/Bureaux diocesains visibles sur le batiment dans certaines images.,2026-06-29 23:14:57,exif,false,eleve,Planche-contact verifiee: reunion technique en salle et batiment partenaire visible.,coordination,afd_coordination_seance_travail_caritas_kisangani_021,Reunion de coordination entre l'AFD et CARITAS a Kisangani.,"Seance de travail entre l'AFD et CARITAS a Kisangani, avec echanges techniques et documentation.",false,already_exists,,true,D:\Maquette_AFD\Banque des images AFD\Banque Images 1\séance de travail avec CARITAS kisangani,2026-06-29T14:14:58,,true,,3432323232760c4c
33189c76-3c34-449a-bc93-07789f332e28,DSC_1051.jpg,D:\Maquette_AFD\Banque des images AFD\Banque Images 1\séance de travail avec CARITAS kisangani\DSC_1051.jpg,afd_coordination_seance_travail_caritas_kisangani_022.jpg,D:\Maquette_AFD\Banque des images AFD - Classees\18_coordination\afd_coordination_seance_travail_caritas_kisangani_022.jpg,.jpg,1083139,6016,4016,47957638afd443bcadb0ffb09e9c0a522eb9cd5d049289784bf2d78c40aa24fa,false,false,,Seance de travail avec CARITAS Kisangani,"Seance de travail en salle avec partenaires, personnel AFD, ordinateurs, documents et photo de groupe devant un batiment diocesan.",coordination,reunions; partenariats; gouvernance,seance_travail_partenaire,seance_travail,,CARITAS,,,Kisangani,partenaires_techniques; communautes,personnel_afd; partenaires; participants,coordination; reunion; partenariat; caritas; documents; ordinateurs; salle_reunion; photo_groupe,CARITAS/Bureaux diocesains visibles sur le batiment dans certaines images.,2026-06-29 23:14:58,exif,false,eleve,Planche-contact verifiee: reunion technique en salle et batiment partenaire visible.,coordination,afd_coordination_seance_travail_caritas_kisangani_022,Reunion de coordination entre l'AFD et CARITAS a Kisangani.,"Seance de travail entre l'AFD et CARITAS a Kisangani, avec echanges techniques et documentation.",false,already_exists,,true,D:\Maquette_AFD\Banque des images AFD\Banque Images 1\séance de travail avec CARITAS kisangani,2026-06-29T14:15:00,,true,,36363636340c1ed6
3ff53b4f-bd3a-4b4a-81dd-26f67e91234d,DSC_1054.jpg,D:\Maquette_AFD\Banque des images AFD\Banque Images 1\séance de travail avec CARITAS kisangani\DSC_1054.jpg,afd_coordination_seance_travail_caritas_kisangani_023.jpg,D:\Maquette_AFD\Banque des images AFD - Classees\18_coordination\afd_coordination_seance_travail_caritas_kisangani_023.jpg,.jpg,1376920,6016,4016,119fd04e0ee8dda8dc25aad2e843fbcfec849f5152af651fd5c40899e9a4c88e,false,false,,Seance de travail avec CARITAS Kisangani,"Seance de travail en salle avec partenaires, personnel AFD, ordinateurs, documents et photo de groupe devant un batiment diocesan.",coordination,reunions; partenariats; gouvernance,seance_travail_partenaire,seance_travail,,CARITAS,,,Kisangani,partenaires_techniques; communautes,personnel_afd; partenaires; participants,coordination; reunion; partenariat; caritas; documents; ordinateurs; salle_reunion; photo_groupe,CARITAS/Bureaux diocesains visibles sur le batiment dans certaines images.,2026-06-29 23:15:17,exif,false,eleve,Planche-contact verifiee: reunion technique en salle et batiment partenaire visible.,coordination,afd_coordination_seance_travail_caritas_kisangani_023,Reunion de coordination entre l'AFD et CARITAS a Kisangani.,"Seance de travail entre l'AFD et CARITAS a Kisangani, avec echanges techniques et documentation.",false,already_exists,,true,D:\Maquette_AFD\Banque des images AFD\Banque Images 1\séance de travail avec CARITAS kisangani,2026-06-29T14:15:18,,true,,0d0d092832d7cd47
40ef4d4c-44ba-4061-89c7-9188816de695,DSC_1055.jpg,D:\Maquette_AFD\Banque des images AFD\Banque Images 1\séance de travail avec CARITAS kisangani\DSC_1055.jpg,afd_coordination_seance_travail_caritas_kisangani_024.jpg,D:\Maquette_AFD\Banque des images AFD - Classees\18_coordination\afd_coordination_seance_travail_caritas_kisangani_024.jpg,.jpg,1951883,6016,4016,a666d38eee2862a37dfbcd232f7e5b113f66e9ea196121e96ba20ce147a18adb,false,false,,Seance de travail avec CARITAS Kisangani,"Seance de travail en salle avec partenaires, personnel AFD, ordinateurs, documents et photo de groupe devant un batiment diocesan.",coordination,reunions; partenariats; gouvernance,seance_travail_partenaire,seance_travail,,CARITAS,,,Kisangani,partenaires_techniques; communautes,personnel_afd; partenaires; participants,coordination; reunion; partenariat; caritas; documents; ordinateurs; salle_reunion; photo_groupe,CARITAS/Bureaux diocesains visibles sur le batiment dans certaines images.,2026-06-29 23:15:19,exif,false,eleve,Planche-contact verifiee: reunion technique en salle et batiment partenaire visible.,coordination,afd_coordination_seance_travail_caritas_kisangani_024,Reunion de coordination entre l'AFD et CARITAS a Kisangani.,"Seance de travail entre l'AFD et CARITAS a Kisangani, avec echanges techniques et documentation.",false,already_exists,,true,D:\Maquette_AFD\Banque des images AFD\Banque Images 1\séance de travail avec CARITAS kisangani,2026-06-29T14:15:20,,true,,f9f9e9c9e18b0c6c
c747bc76-64a0-48d4-81ee-0c1f7c502f9f,DSC_1056.jpg,D:\Maquette_AFD\Banque des images AFD\Banque Images 1\séance de travail avec CARITAS kisangani\DSC_1056.jpg,afd_coordination_seance_travail_caritas_kisangani_025.jpg,D:\Maquette_AFD\Banque des images AFD - Classees\18_coordination\afd_coordination_seance_travail_caritas_kisangani_025.jpg,.jpg,2013692,6016,4016,a56fea0468feb41d1d8fe63fecd391d1a4a4ce8cda041bc216daec887fa842ed,false,false,,Seance de travail avec CARITAS Kisangani,"Seance de travail en salle avec partenaires, personnel AFD, ordinateurs, documents et photo de groupe devant un batiment diocesan.",coordination,reunions; partenariats; gouvernance,seance_travail_partenaire,seance_travail,,CARITAS,,,Kisangani,partenaires_techniques; communautes,personnel_afd; partenaires; participants,coordination; reunion; partenariat; caritas; documents; ordinateurs; salle_reunion; photo_groupe,CARITAS/Bureaux diocesains visibles sur le batiment dans certaines images.,2026-06-29 23:15:34,exif,false,eleve,Planche-contact verifiee: reunion technique en salle et batiment partenaire visible.,coordination,afd_coordination_seance_travail_caritas_kisangani_025,Reunion de coordination entre l'AFD et CARITAS a Kisangani.,"Seance de travail entre l'AFD et CARITAS a Kisangani, avec echanges techniques et documentation.",false,already_exists,,true,D:\Maquette_AFD\Banque des images AFD\Banque Images 1\séance de travail avec CARITAS kisangani,2026-06-29T14:15:36,,true,,ebe2e6e7e7666d73
fe9a9c89-dbe2-48e0-91ed-6613134e8366,DSC_1058.jpg,D:\Maquette_AFD\Banque des images AFD\Banque Images 1\séance de travail avec CARITAS kisangani\DSC_1058.jpg,afd_coordination_seance_travail_caritas_kisangani_026.jpg,D:\Maquette_AFD\Banque des images AFD - Classees\18_coordination\afd_coordination_seance_travail_caritas_kisangani_026.jpg,.jpg,1668253,6016,4016,abb95522df1c564a7ccd372547a8e759546d01d4c3eafa2240977256d6b58213,false,false,,Seance de travail avec CARITAS Kisangani,"Seance de travail en salle avec partenaires, personnel AFD, ordinateurs, documents et photo de groupe devant un batiment diocesan.",coordination,reunions; partenariats; gouvernance,seance_travail_partenaire,seance_travail,,CARITAS,,,Kisangani,partenaires_techniques; communautes,personnel_afd; partenaires; participants,coordination; reunion; partenariat; caritas; documents; ordinateurs; salle_reunion; photo_groupe,CARITAS/Bureaux diocesains visibles sur le batiment dans certaines images.,2026-06-29 23:15:36,exif,false,eleve,Planche-contact verifiee: reunion technique en salle et batiment partenaire visible.,coordination,afd_coordination_seance_travail_caritas_kisangani_026,Reunion de coordination entre l'AFD et CARITAS a Kisangani.,"Seance de travail entre l'AFD et CARITAS a Kisangani, avec echanges techniques et documentation.",false,already_exists,,true,D:\Maquette_AFD\Banque des images AFD\Banque Images 1\séance de travail avec CARITAS kisangani,2026-06-29T14:15:36,,true,,070319a3a3b79782
a85efeb8-57ce-42fc-81ee-8124af2e6bf3,DSC_1060.jpg,D:\Maquette_AFD\Banque des images AFD\Banque Images 1\séance de travail avec CARITAS kisangani\DSC_1060.jpg,afd_coordination_seance_travail_caritas_kisangani_027.jpg,D:\Maquette_AFD\Banque des images AFD - Classees\18_coordination\afd_coordination_seance_travail_caritas_kisangani_027.jpg,.jpg,1647685,6016,4016,d983a1fe3fe8fb0bcfdf3e6df95b48c1b0912920131c5dde214e2d73ffcb4470,false,false,,Seance de travail avec CARITAS Kisangani,"Seance de travail en salle avec partenaires, personnel AFD, ordinateurs, documents et photo de groupe devant un batiment diocesan.",coordination,reunions; partenariats; gouvernance,seance_travail_partenaire,seance_travail,,CARITAS,,,Kisangani,partenaires_techniques; communautes,personnel_afd; partenaires; participants,coordination; reunion; partenariat; caritas; documents; ordinateurs; salle_reunion; photo_groupe,CARITAS/Bureaux diocesains visibles sur le batiment dans certaines images.,2026-06-29 23:15:52,exif,false,eleve,Planche-contact verifiee: reunion technique en salle et batiment partenaire visible.,coordination,afd_coordination_seance_travail_caritas_kisangani_027,Reunion de coordination entre l'AFD et CARITAS a Kisangani.,"Seance de travail entre l'AFD et CARITAS a Kisangani, avec echanges techniques et documentation.",false,already_exists,,true,D:\Maquette_AFD\Banque des images AFD\Banque Images 1\séance de travail avec CARITAS kisangani,2026-06-29T14:15:54,,true,,37373363ebe96961
066b2cc3-3ff3-4939-9322-014c0384fc4b,DSC_1062.jpg,D:\Maquette_AFD\Banque des images AFD\Banque Images 1\séance de travail avec CARITAS kisangani\DSC_1062.jpg,afd_coordination_seance_travail_caritas_kisangani_028.jpg,D:\Maquette_AFD\Banque des images AFD - Classees\18_coordination\afd_coordination_seance_travail_caritas_kisangani_028.jpg,.jpg,1501607,6016,4016,0d79bc729e32f59da58b5d145c881f7f9b122a1fb10d76af09164c5f74d8dfac,false,false,,Seance de travail avec CARITAS Kisangani,"Seance de travail en salle avec partenaires, personnel AFD, ordinateurs, documents et photo de groupe devant un batiment diocesan.",coordination,reunions; partenariats; gouvernance,seance_travail_partenaire,seance_travail,,CARITAS,,,Kisangani,partenaires_techniques; communautes,personnel_afd; partenaires; participants,coordination; reunion; partenariat; caritas; documents; ordinateurs; salle_reunion; photo_groupe,CARITAS/Bureaux diocesains visibles sur le batiment dans certaines images.,2026-06-29 23:15:52,exif,false,eleve,Planche-contact verifiee: reunion technique en salle et batiment partenaire visible.,coordination,afd_coordination_seance_travail_caritas_kisangani_028,Reunion de coordination entre l'AFD et CARITAS a Kisangani.,"Seance de travail entre l'AFD et CARITAS a Kisangani, avec echanges techniques et documentation.",false,already_exists,,true,D:\Maquette_AFD\Banque des images AFD\Banque Images 1\séance de travail avec CARITAS kisangani,2026-06-29T14:15:54,,true,,254d4c4c5e92921e
03c51f46-9586-4b9a-a5be-5f2437cc6c55,DSC_1066.jpg,D:\Maquette_AFD\Banque des images AFD\Banque Images 1\séance de travail avec CARITAS kisangani\DSC_1066.jpg,afd_coordination_seance_travail_caritas_kisangani_029.jpg,D:\Maquette_AFD\Banque des images AFD - Classees\18_coordination\afd_coordination_seance_travail_caritas_kisangani_029.jpg,.jpg,1498853,6016,4016,8180ab86ddcc7c57ec8e40841cde4d5267fb34e4a99b8617bd2e99b3ad441003,false,false,,Seance de travail avec CARITAS Kisangani,"Seance de travail en salle avec partenaires, personnel AFD, ordinateurs, documents et photo de groupe devant un batiment diocesan.",coordination,reunions; partenariats; gouvernance,seance_travail_partenaire,seance_travail,,CARITAS,,,Kisangani,partenaires_techniques; communautes,personnel_afd; partenaires; participants,coordination; reunion; partenariat; caritas; documents; ordinateurs; salle_reunion; photo_groupe,CARITAS/Bureaux diocesains visibles sur le batiment dans certaines images.,2026-06-29 23:16:08,exif,false,eleve,Planche-contact verifiee: reunion technique en salle et batiment partenaire visible.,coordination,afd_coordination_seance_travail_caritas_kisangani_029,Reunion de coordination entre l'AFD et CARITAS a Kisangani.,"Seance de travail entre l'AFD et CARITAS a Kisangani, avec echanges techniques et documentation.",false,already_exists,,true,D:\Maquette_AFD\Banque des images AFD\Banque Images 1\séance de travail avec CARITAS kisangani,2026-06-29T14:16:08,,true,,6d6d2464696b7964
8ff68133-fdf9-4ef4-aaf2-94913d64d337,DSC_1072.jpg,D:\Maquette_AFD\Banque des images AFD\Banque Images 1\séance de travail avec CARITAS kisangani\DSC_1072.jpg,afd_coordination_seance_travail_caritas_kisangani_030.jpg,D:\Maquette_AFD\Banque des images AFD - Classees\18_coordination\afd_coordination_seance_travail_caritas_kisangani_030.jpg,.jpg,2500435,5912,4016,82ef341632cf5f9d9e1cc1aa0e36ff964885b411e46a77c348a6021e07ec4d1a,false,false,,Seance de travail avec CARITAS Kisangani,"Seance de travail en salle avec partenaires, personnel AFD, ordinateurs, documents et photo de groupe devant un batiment diocesan.",coordination,reunions; partenariats; gouvernance,seance_travail_partenaire,seance_travail,,CARITAS,,,Kisangani,partenaires_techniques; communautes,personnel_afd; partenaires; participants,coordination; reunion; partenariat; caritas; documents; ordinateurs; salle_reunion; photo_groupe,CARITAS/Bureaux diocesains visibles sur le batiment dans certaines images.,2026-06-29 23:16:08,exif,false,eleve,Planche-contact verifiee: reunion technique en salle et batiment partenaire visible.,coordination,afd_coordination_seance_travail_caritas_kisangani_030,Reunion de coordination entre l'AFD et CARITAS a Kisangani.,"Seance de travail entre l'AFD et CARITAS a Kisangani, avec echanges techniques et documentation.",false,already_exists,,true,D:\Maquette_AFD\Banque des images AFD\Banque Images 1\séance de travail avec CARITAS kisangani,2026-06-29T14:16:08,,true,,365a8e84a2eba80f
f29092b5-0550-4d7a-80c3-247f5b0c372f,DSC_1076.jpg,D:\Maquette_AFD\Banque des images AFD\Banque Images 1\séance de travail avec CARITAS kisangani\DSC_1076.jpg,afd_coordination_seance_travail_caritas_kisangani_031.jpg,D:\Maquette_AFD\Banque des images AFD - Classees\18_coordination\afd_coordination_seance_travail_caritas_kisangani_031.jpg,.jpg,2250081,6016,4016,a00f35a0cc35567aee73dbd5da67d6910fb48154c616b5ca40149728477db753,false,false,,Seance de travail avec CARITAS Kisangani,"Seance de travail en salle avec partenaires, personnel AFD, ordinateurs, documents et photo de groupe devant un batiment diocesan.",coordination,reunions; partenariats; gouvernance,seance_travail_partenaire,seance_travail,,CARITAS,,,Kisangani,partenaires_techniques; communautes,personnel_afd; partenaires; participants,coordination; reunion; partenariat; caritas; documents; ordinateurs; salle_reunion; photo_groupe,CARITAS/Bureaux diocesains visibles sur le batiment dans certaines images.,2026-06-29 23:16:21,exif,false,eleve,Planche-contact verifiee: reunion technique en salle et batiment partenaire visible.,coordination,afd_coordination_seance_travail_caritas_kisangani_031,Reunion de coordination entre l'AFD et CARITAS a Kisangani.,"Seance de travail entre l'AFD et CARITAS a Kisangani, avec echanges techniques et documentation.",false,already_exists,,true,D:\Maquette_AFD\Banque des images AFD\Banque Images 1\séance de travail avec CARITAS kisangani,2026-06-29T14:16:22,,true,,e61919639d9db139
e8d26de0-9d1e-4429-9d78-326a9d36c04f,DSC_1079.jpg,D:\Maquette_AFD\Banque des images AFD\Banque Images 1\séance de travail avec CARITAS kisangani\DSC_1079.jpg,afd_coordination_seance_travail_caritas_kisangani_032.jpg,D:\Maquette_AFD\Banque des images AFD - Classees\18_coordination\afd_coordination_seance_travail_caritas_kisangani_032.jpg,.jpg,2335141,6016,4016,e6c5b36a0f6fe7d9f55692f1cb8cbebbedf159d455448e22919f5b758f8d1e10,false,false,,Seance de travail avec CARITAS Kisangani,"Seance de travail en salle avec partenaires, personnel AFD, ordinateurs, documents et photo de groupe devant un batiment diocesan.",coordination,reunions; partenariats; gouvernance,seance_travail_partenaire,seance_travail,,CARITAS,,,Kisangani,partenaires_techniques; communautes,personnel_afd; partenaires; participants,coordination; reunion; partenariat; caritas; documents; ordinateurs; salle_reunion; photo_groupe,CARITAS/Bureaux diocesains visibles sur le batiment dans certaines images.,2026-06-29 23:16:22,exif,false,eleve,Planche-contact verifiee: reunion technique en salle et batiment partenaire visible.,coordination,afd_coordination_seance_travail_caritas_kisangani_032,Reunion de coordination entre l'AFD et CARITAS a Kisangani.,"Seance de travail entre l'AFD et CARITAS a Kisangani, avec echanges techniques et documentation.",false,already_exists,,true,D:\Maquette_AFD\Banque des images AFD\Banque Images 1\séance de travail avec CARITAS kisangani,2026-06-29T14:16:22,,true,,6d5dddedb5cb4391
3981f699-e7a6-488d-861f-31b0191b7b82,DSC_1085.jpg,D:\Maquette_AFD\Banque des images AFD\Banque Images 1\séance de travail avec CARITAS kisangani\DSC_1085.jpg,afd_coordination_seance_travail_caritas_kisangani_033.jpg,D:\Maquette_AFD\Banque des images AFD - Classees\18_coordination\afd_coordination_seance_travail_caritas_kisangani_033.jpg,.jpg,3024092,4016,6016,dd57db0f4709826a512f041008f19118125e2fcf38c20810ec06e270158f521d,false,false,,Seance de travail avec CARITAS Kisangani,"Seance de travail en salle avec partenaires, personnel AFD, ordinateurs, documents et photo de groupe devant un batiment diocesan.",coordination,reunions; partenariats; gouvernance,seance_travail_partenaire,seance_travail,,CARITAS,,,Kisangani,partenaires_techniques; communautes,personnel_afd; partenaires; participants,coordination; reunion; partenariat; caritas; documents; ordinateurs; salle_reunion; photo_groupe,CARITAS/Bureaux diocesains visibles sur le batiment dans certaines images.,2026-06-29 23:16:36,exif,false,eleve,Planche-contact verifiee: reunion technique en salle et batiment partenaire visible.,coordination,afd_coordination_seance_travail_caritas_kisangani_033,Reunion de coordination entre l'AFD et CARITAS a Kisangani.,"Seance de travail entre l'AFD et CARITAS a Kisangani, avec echanges techniques et documentation.",false,already_exists,,true,D:\Maquette_AFD\Banque des images AFD\Banque Images 1\séance de travail avec CARITAS kisangani,2026-06-29T14:16:38,,true,,2b5bbb6cc9c3d7d1
e4b35c0e-7634-4f3b-ad41-b39cd18fac54,DSC_1094.jpg,D:\Maquette_AFD\Banque des images AFD\Banque Images 1\séance de travail avec CARITAS kisangani\DSC_1094.jpg,afd_coordination_seance_travail_caritas_kisangani_034.jpg,D:\Maquette_AFD\Banque des images AFD - Classees\18_coordination\afd_coordination_seance_travail_caritas_kisangani_034.jpg,.jpg,1857654,6016,4016,08c57859372a052176c63c155379c4d7d186fa335bd13f49fd0cb8a427907a20,false,false,,Seance de travail avec CARITAS Kisangani,"Seance de travail en salle avec partenaires, personnel AFD, ordinateurs, documents et photo de groupe devant un batiment diocesan.",coordination,reunions; partenariats; gouvernance,seance_travail_partenaire,seance_travail,,CARITAS,,,Kisangani,partenaires_techniques; communautes,personnel_afd; partenaires; participants,coordination; reunion; partenariat; caritas; documents; ordinateurs; salle_reunion; photo_groupe,CARITAS/Bureaux diocesains visibles sur le batiment dans certaines images.,2026-06-29 23:16:37,exif,false,eleve,Planche-contact verifiee: reunion technique en salle et batiment partenaire visible.,coordination,afd_coordination_seance_travail_caritas_kisangani_034,Reunion de coordination entre l'AFD et CARITAS a Kisangani.,"Seance de travail entre l'AFD et CARITAS a Kisangani, avec echanges techniques et documentation.",false,already_exists,,true,D:\Maquette_AFD\Banque des images AFD\Banque Images 1\séance de travail avec CARITAS kisangani,2026-06-29T14:16:38,,true,,0c36e6cf4d353b6c
675ecc89-29a2-4e31-8576-08bdc8a2ecbd,DSC_1095.jpg,D:\Maquette_AFD\Banque des images AFD\Banque Images 1\séance de travail avec CARITAS kisangani\DSC_1095.jpg,afd_coordination_seance_travail_caritas_kisangani_035.jpg,D:\Maquette_AFD\Banque des images AFD - Classees\18_coordination\afd_coordination_seance_travail_caritas_kisangani_035.jpg,.jpg,2048700,6016,4016,d4d1659d72ce0f50afea9a08c20d9858cf4080ef370b9859993e25544c964322,false,false,,Seance de travail avec CARITAS Kisangani,"Seance de travail en salle avec partenaires, personnel AFD, ordinateurs, documents et photo de groupe devant un batiment diocesan.",coordination,reunions; partenariats; gouvernance,seance_travail_partenaire,seance_travail,,CARITAS,,,Kisangani,partenaires_techniques; communautes,personnel_afd; partenaires; participants,coordination; reunion; partenariat; caritas; documents; ordinateurs; salle_reunion; photo_groupe,CARITAS/Bureaux diocesains visibles sur le batiment dans certaines images.,2026-06-29 23:16:52,exif,false,eleve,Planche-contact verifiee: reunion technique en salle et batiment partenaire visible.,coordination,afd_coordination_seance_travail_caritas_kisangani_035,Reunion de coordination entre l'AFD et CARITAS a Kisangani.,"Seance de travail entre l'AFD et CARITAS a Kisangani, avec echanges techniques et documentation.",false,already_exists,,true,D:\Maquette_AFD\Banque des images AFD\Banque Images 1\séance de travail avec CARITAS kisangani,2026-06-29T14:16:52,,true,,bcbc7c48d9f9fdd6
8df45638-b029-4add-9146-b0d8555d8ef6,DSC_1096.jpg,D:\Maquette_AFD\Banque des images AFD\Banque Images 1\séance de travail avec CARITAS kisangani\DSC_1096.jpg,afd_coordination_seance_travail_caritas_kisangani_036.jpg,D:\Maquette_AFD\Banque des images AFD - Classees\18_coordination\afd_coordination_seance_travail_caritas_kisangani_036.jpg,.jpg,1786670,6016,4016,993224b6f047be23281528f22d59dfec871e2fe7f3479fceb20b9fce2b5bceb7,false,false,,Seance de travail avec CARITAS Kisangani,"Seance de travail en salle avec partenaires, personnel AFD, ordinateurs, documents et photo de groupe devant un batiment diocesan.",coordination,reunions; partenariats; gouvernance,seance_travail_partenaire,seance_travail,,CARITAS,,,Kisangani,partenaires_techniques; communautes,personnel_afd; partenaires; participants,coordination; reunion; partenariat; caritas; documents; ordinateurs; salle_reunion; photo_groupe,CARITAS/Bureaux diocesains visibles sur le batiment dans certaines images.,2026-06-29 23:16:52,exif,false,eleve,Planche-contact verifiee: reunion technique en salle et batiment partenaire visible.,coordination,afd_coordination_seance_travail_caritas_kisangani_036,Reunion de coordination entre l'AFD et CARITAS a Kisangani.,"Seance de travail entre l'AFD et CARITAS a Kisangani, avec echanges techniques et documentation.",false,already_exists,,true,D:\Maquette_AFD\Banque des images AFD\Banque Images 1\séance de travail avec CARITAS kisangani,2026-06-29T14:16:52,,true,,d2ca4b7151431e92
7e5a7ae4-83cb-4723-8a4e-a0476d8e14e3,DSC_1097.jpg,D:\Maquette_AFD\Banque des images AFD\Banque Images 1\séance de travail avec CARITAS kisangani\DSC_1097.jpg,afd_coordination_seance_travail_caritas_kisangani_037.jpg,D:\Maquette_AFD\Banque des images AFD - Classees\18_coordination\afd_coordination_seance_travail_caritas_kisangani_037.jpg,.jpg,2327863,6016,4016,d3f6551a255cf53c540e9977d7a4396ac2e4d95c84feaa8a28dee61fda5aaa4e,false,false,,Seance de travail avec CARITAS Kisangani,"Seance de travail en salle avec partenaires, personnel AFD, ordinateurs, documents et photo de groupe devant un batiment diocesan.",coordination,reunions; partenariats; gouvernance,seance_travail_partenaire,seance_travail,,CARITAS,,,Kisangani,partenaires_techniques; communautes,personnel_afd; partenaires; participants,coordination; reunion; partenariat; caritas; documents; ordinateurs; salle_reunion; photo_groupe,CARITAS/Bureaux diocesains visibles sur le batiment dans certaines images.,2026-06-29 23:17:05,exif,false,eleve,Planche-contact verifiee: reunion technique en salle et batiment partenaire visible.,coordination,afd_coordination_seance_travail_caritas_kisangani_037,Reunion de coordination entre l'AFD et CARITAS a Kisangani.,"Seance de travail entre l'AFD et CARITAS a Kisangani, avec echanges techniques et documentation.",false,already_exists,,true,D:\Maquette_AFD\Banque des images AFD\Banque Images 1\séance de travail avec CARITAS kisangani,2026-06-29T14:17:06,,true,,cececf9ab40d0e0e
9a4b06e6-889d-49e4-b2d6-74235fbd94f9,DSC_1098.jpg,D:\Maquette_AFD\Banque des images AFD\Banque Images 1\séance de travail avec CARITAS kisangani\DSC_1098.jpg,afd_coordination_seance_travail_caritas_kisangani_038.jpg,D:\Maquette_AFD\Banque des images AFD - Classees\18_coordination\afd_coordination_seance_travail_caritas_kisangani_038.jpg,.jpg,2139112,6016,4016,972cd3015be6e634673d1ea1922c776020bdd2768587681e0602a9af6deadfaf,false,false,,Seance de travail avec CARITAS Kisangani,"Seance de travail en salle avec partenaires, personnel AFD, ordinateurs, documents et photo de groupe devant un batiment diocesan.",coordination,reunions; partenariats; gouvernance,seance_travail_partenaire,seance_travail,,CARITAS,,,Kisangani,partenaires_techniques; communautes,personnel_afd; partenaires; participants,coordination; reunion; partenariat; caritas; documents; ordinateurs; salle_reunion; photo_groupe,CARITAS/Bureaux diocesains visibles sur le batiment dans certaines images.,2026-06-29 23:17:05,exif,false,eleve,Planche-contact verifiee: reunion technique en salle et batiment partenaire visible.,coordination,afd_coordination_seance_travail_caritas_kisangani_038,Reunion de coordination entre l'AFD et CARITAS a Kisangani.,"Seance de travail entre l'AFD et CARITAS a Kisangani, avec echanges techniques et documentation.",false,already_exists,,true,D:\Maquette_AFD\Banque des images AFD\Banque Images 1\séance de travail avec CARITAS kisangani,2026-06-29T14:17:06,,true,,8e9595953985256c
91cc642d-6e8e-4015-827e-0d2c1dbc83c5,DSC_1102.jpg,D:\Maquette_AFD\Banque des images AFD\Banque Images 1\séance de travail avec CARITAS kisangani\DSC_1102.jpg,afd_coordination_seance_travail_caritas_kisangani_039.jpg,D:\Maquette_AFD\Banque des images AFD - Classees\18_coordination\afd_coordination_seance_travail_caritas_kisangani_039.jpg,.jpg,2062047,4016,6016,772ebb62e75a07eecf65254fc238c70629ce3111039b40685a740c50ae793913,false,false,,Seance de travail avec CARITAS Kisangani,"Seance de travail en salle avec partenaires, personnel AFD, ordinateurs, documents et photo de groupe devant un batiment diocesan.",coordination,reunions; partenariats; gouvernance,seance_travail_partenaire,seance_travail,,CARITAS,,,Kisangani,partenaires_techniques; communautes,personnel_afd; partenaires; participants,coordination; reunion; partenariat; caritas; documents; ordinateurs; salle_reunion; photo_groupe,CARITAS/Bureaux diocesains visibles sur le batiment dans certaines images.,2026-06-29 23:17:18,exif,false,eleve,Planche-contact verifiee: reunion technique en salle et batiment partenaire visible.,coordination,afd_coordination_seance_travail_caritas_kisangani_039,Reunion de coordination entre l'AFD et CARITAS a Kisangani.,"Seance de travail entre l'AFD et CARITAS a Kisangani, avec echanges techniques et documentation.",false,already_exists,,true,D:\Maquette_AFD\Banque des images AFD\Banque Images 1\séance de travail avec CARITAS kisangani,2026-06-29T14:17:18,,true,,3373b33357d57179
0a1c0a42-ec38-49da-a5f1-46c459ca3843,DSC_1104.jpg,D:\Maquette_AFD\Banque des images AFD\Banque Images 1\séance de travail avec CARITAS kisangani\DSC_1104.jpg,afd_coordination_seance_travail_caritas_kisangani_040.jpg,D:\Maquette_AFD\Banque des images AFD - Classees\18_coordination\afd_coordination_seance_travail_caritas_kisangani_040.jpg,.jpg,1335630,5413,4016,f2862399fa184aedaea44b7e133ef153abe04b6f72bd11bde2d43f0151b138c0,false,false,,Seance de travail avec CARITAS Kisangani,"Seance de travail en salle avec partenaires, personnel AFD, ordinateurs, documents et photo de groupe devant un batiment diocesan.",coordination,reunions; partenariats; gouvernance,seance_travail_partenaire,seance_travail,,CARITAS,,,Kisangani,partenaires_techniques; communautes,personnel_afd; partenaires; participants,coordination; reunion; partenariat; caritas; documents; ordinateurs; salle_reunion; photo_groupe,CARITAS/Bureaux diocesains visibles sur le batiment dans certaines images.,2026-06-29 23:17:18,exif,false,eleve,Planche-contact verifiee: reunion technique en salle et batiment partenaire visible.,coordination,afd_coordination_seance_travail_caritas_kisangani_040,Reunion de coordination entre l'AFD et CARITAS a Kisangani.,"Seance de travail entre l'AFD et CARITAS a Kisangani, avec echanges techniques et documentation.",false,already_exists,,true,D:\Maquette_AFD\Banque des images AFD\Banque Images 1\séance de travail avec CARITAS kisangani,2026-06-29T14:17:18,,true,,7b2b323232eacaa3
cb7a3fcc-4abb-4aff-aac4-1501e237f86e,DSC_1108.jpg,D:\Maquette_AFD\Banque des images AFD\Banque Images 1\séance de travail avec CARITAS kisangani\DSC_1108.jpg,afd_coordination_seance_travail_caritas_kisangani_041.jpg,D:\Maquette_AFD\Banque des images AFD - Classees\18_coordination\afd_coordination_seance_travail_caritas_kisangani_041.jpg,.jpg,1864257,5622,3784,b5d6f930f66bbc1d95c9caa66e2f5cd02c40db9515305d5d85948948970b6523,false,false,,Seance de travail avec CARITAS Kisangani,"Seance de travail en salle avec partenaires, personnel AFD, ordinateurs, documents et photo de groupe devant un batiment diocesan.",coordination,reunions; partenariats; gouvernance,seance_travail_partenaire,seance_travail,,CARITAS,,,Kisangani,partenaires_techniques; communautes,personnel_afd; partenaires; participants,coordination; reunion; partenariat; caritas; documents; ordinateurs; salle_reunion; photo_groupe,CARITAS/Bureaux diocesains visibles sur le batiment dans certaines images.,2026-06-29 23:17:31,exif,false,eleve,Planche-contact verifiee: reunion technique en salle et batiment partenaire visible.,coordination,afd_coordination_seance_travail_caritas_kisangani_041,Reunion de coordination entre l'AFD et CARITAS a Kisangani.,"Seance de travail entre l'AFD et CARITAS a Kisangani, avec echanges techniques et documentation.",false,already_exists,,true,D:\Maquette_AFD\Banque des images AFD\Banque Images 1\séance de travail avec CARITAS kisangani,2026-06-29T14:17:30,,true,,7931b3326a6aeaea
5f41a565-d411-46cf-acfd-f0a3330c74ef,DSC_1114.jpg,D:\Maquette_AFD\Banque des images AFD\Banque Images 1\séance de travail avec CARITAS kisangani\DSC_1114.jpg,afd_coordination_seance_travail_caritas_kisangani_042.jpg,D:\Maquette_AFD\Banque des images AFD - Classees\18_coordination\afd_coordination_seance_travail_caritas_kisangani_042.jpg,.jpg,2441777,6016,4016,93ffc2693e08243703b44809130362859244d39b801ac09e9d13cc85545ce881,false,false,,Seance de travail avec CARITAS Kisangani,"Seance de travail en salle avec partenaires, personnel AFD, ordinateurs, documents et photo de groupe devant un batiment diocesan.",coordination,reunions; partenariats; gouvernance,seance_travail_partenaire,seance_travail,,CARITAS,,,Kisangani,partenaires_techniques; communautes,personnel_afd; partenaires; participants,coordination; reunion; partenariat; caritas; documents; ordinateurs; salle_reunion; photo_groupe,CARITAS/Bureaux diocesains visibles sur le batiment dans certaines images.,2026-06-29 23:17:31,exif,false,eleve,Planche-contact verifiee: reunion technique en salle et batiment partenaire visible.,coordination,afd_coordination_seance_travail_caritas_kisangani_042,Reunion de coordination entre l'AFD et CARITAS a Kisangani.,"Seance de travail entre l'AFD et CARITAS a Kisangani, avec echanges techniques et documentation.",false,already_exists,,true,D:\Maquette_AFD\Banque des images AFD\Banque Images 1\séance de travail avec CARITAS kisangani,2026-06-29T14:17:32,,true,,3c5cc95959df54d9
f81460c7-dd5f-4599-b9a8-6f1be1543193,DSC_1115.jpg,D:\Maquette_AFD\Banque des images AFD\Banque Images 1\séance de travail avec CARITAS kisangani\DSC_1115.jpg,afd_coordination_seance_travail_caritas_kisangani_043.jpg,D:\Maquette_AFD\Banque des images AFD - Classees\18_coordination\afd_coordination_seance_travail_caritas_kisangani_043.jpg,.jpg,2290529,6016,4016,2cfe00eb6b02df2da96551f96af2a3948e0678362a381148737ec0e0d50c2650,false,false,,Seance de travail avec CARITAS Kisangani,"Seance de travail en salle avec partenaires, personnel AFD, ordinateurs, documents et photo de groupe devant un batiment diocesan.",coordination,reunions; partenariats; gouvernance,seance_travail_partenaire,seance_travail,,CARITAS,,,Kisangani,partenaires_techniques; communautes,personnel_afd; partenaires; participants,coordination; reunion; partenariat; caritas; documents; ordinateurs; salle_reunion; photo_groupe,CARITAS/Bureaux diocesains visibles sur le batiment dans certaines images.,2026-06-29 23:17:42,exif,false,eleve,Planche-contact verifiee: reunion technique en salle et batiment partenaire visible.,coordination,afd_coordination_seance_travail_caritas_kisangani_043,Reunion de coordination entre l'AFD et CARITAS a Kisangani.,"Seance de travail entre l'AFD et CARITAS a Kisangani, avec echanges techniques et documentation.",false,already_exists,,true,D:\Maquette_AFD\Banque des images AFD\Banque Images 1\séance de travail avec CARITAS kisangani,2026-06-29T14:17:44,,true,,ab4b23b397963b2b
bc008889-e625-4659-bd5d-b25e2a8829de,DSC_1116.jpg,D:\Maquette_AFD\Banque des images AFD\Banque Images 1\séance de travail avec CARITAS kisangani\DSC_1116.jpg,afd_coordination_seance_travail_caritas_kisangani_044.jpg,D:\Maquette_AFD\Banque des images AFD - Classees\18_coordination\afd_coordination_seance_travail_caritas_kisangani_044.jpg,.jpg,2357676,6016,4016,4ca166b450c53c68038181552b886fb7d614264f97bb4cf416b690b9c61b3ca7,false,false,,Seance de travail avec CARITAS Kisangani,"Seance de travail en salle avec partenaires, personnel AFD, ordinateurs, documents et photo de groupe devant un batiment diocesan.",coordination,reunions; partenariats; gouvernance,seance_travail_partenaire,seance_travail,,CARITAS,,,Kisangani,partenaires_techniques; communautes,personnel_afd; partenaires; participants,coordination; reunion; partenariat; caritas; documents; ordinateurs; salle_reunion; photo_groupe,CARITAS/Bureaux diocesains visibles sur le batiment dans certaines images.,2026-06-29 23:17:45,exif,false,eleve,Planche-contact verifiee: reunion technique en salle et batiment partenaire visible.,coordination,afd_coordination_seance_travail_caritas_kisangani_044,Reunion de coordination entre l'AFD et CARITAS a Kisangani.,"Seance de travail entre l'AFD et CARITAS a Kisangani, avec echanges techniques et documentation.",false,already_exists,,true,D:\Maquette_AFD\Banque des images AFD\Banque Images 1\séance de travail avec CARITAS kisangani,2026-06-29T14:17:46,,true,,0f4f33c7943d0f17
049377c7-5a79-4272-9028-78f3cc4e9e24,DSC_1117.jpg,D:\Maquette_AFD\Banque des images AFD\Banque Images 1\séance de travail avec CARITAS kisangani\DSC_1117.jpg,afd_coordination_seance_travail_caritas_kisangani_045.jpg,D:\Maquette_AFD\Banque des images AFD - Classees\18_coordination\afd_coordination_seance_travail_caritas_kisangani_045.jpg,.jpg,2608141,6016,4016,98cc6450050af16e11488b56d83d57dc14e878666fecc191dcc7d119ff4eb168,false,false,,Seance de travail avec CARITAS Kisangani,"Seance de travail en salle avec partenaires, personnel AFD, ordinateurs, documents et photo de groupe devant un batiment diocesan.",coordination,reunions; partenariats; gouvernance,seance_travail_partenaire,seance_travail,,CARITAS,,,Kisangani,partenaires_techniques; communautes,personnel_afd; partenaires; participants,coordination; reunion; partenariat; caritas; documents; ordinateurs; salle_reunion; photo_groupe,CARITAS/Bureaux diocesains visibles sur le batiment dans certaines images.,2026-06-29 23:18:02,exif,false,eleve,Planche-contact verifiee: reunion technique en salle et batiment partenaire visible.,coordination,afd_coordination_seance_travail_caritas_kisangani_045,Reunion de coordination entre l'AFD et CARITAS a Kisangani.,"Seance de travail entre l'AFD et CARITAS a Kisangani, avec echanges techniques et documentation.",false,already_exists,,true,D:\Maquette_AFD\Banque des images AFD\Banque Images 1\séance de travail avec CARITAS kisangani,2026-06-29T14:18:04,,true,,996d6dcd93a72262
e7b7093b-0009-4dad-bd71-f75a83efe5bf,IMG_20260224_114034_755.jpg,D:\Maquette_AFD\Banque des images AFD\Banque Images 2\Sensibilisation 8 mars CAMP KABILA\IMG_20260224_114034_755.jpg,afd_sensibilisation_sensibilisation_8_mars_camp_kabila_001.jpg,D:\Maquette_AFD\Banque des images AFD - Classees\22_sensibilisation\afd_sensibilisation_sensibilisation_8_mars_camp_kabila_001.jpg,.jpg,2833552,3264,2448,1f6bd96455aa835c77673586e4c31ad9ad51c8121a66fcd0539570b0bc82d4f4,false,false,,Sensibilisation du 8 mars au Camp Kabila,"Activite de sensibilisation autour du 8 mars dans un cadre de sante ou communautaire, avec remise de materiel et banderole.",sensibilisation,vbg; protection; sante; evenements,sensibilisation_journee_femme,sensibilisation_8_mars,,,,,Camp Kabila,femmes; communautes,femmes; personnel_sante; personnel_afd,sensibilisation; 8_mars; femmes; protection; vbg; sante; banderole; kits,Banderole de sensibilisation et panneau de maternite visibles sur certaines images.,2026-02-24 11:40:34,exif,false,eleve,"Planche-contact verifiee: banderole, activite du 8 mars et groupe de femmes/personnel visible.",sensibilisation,afd_sensibilisation_sensibilisation_8_mars_camp_kabila_001,Sensibilisation communautaire organisee le 8 mars au Camp Kabila.,"Activite de sensibilisation du 8 mars au Camp Kabila avec equipe AFD, participants et supports visibles.",false,already_exists,,true,D:\Maquette_AFD\Banque des images AFD\Banque Images 2\Sensibilisation 8 mars CAMP KABILA,2026-06-26T01:53:32,,true,,cdc5c8abedcc4cc5
da2d6b7e-e56b-480e-a08f-ea9893af1531,IMG_20260308_101758_878.jpg,D:\Maquette_AFD\Banque des images AFD\Banque Images 2\Sensibilisation 8 mars CAMP KABILA\IMG_20260308_101758_878.jpg,afd_sensibilisation_sensibilisation_8_mars_camp_kabila_002.jpg,D:\Maquette_AFD\Banque des images AFD - Classees\22_sensibilisation\afd_sensibilisation_sensibilisation_8_mars_camp_kabila_002.jpg,.jpg,2541911,3264,2448,79c51c9326c4dfb3e6cfc01c5e1e2c91a7695e69e5e6ac84549b27bc155f0ca6,false,false,,Sensibilisation du 8 mars au Camp Kabila,"Activite de sensibilisation autour du 8 mars dans un cadre de sante ou communautaire, avec remise de materiel et banderole.",sensibilisation,vbg; protection; sante; evenements,sensibilisation_journee_femme,sensibilisation_8_mars,,,,,Camp Kabila,femmes; communautes,femmes; personnel_sante; personnel_afd,sensibilisation; 8_mars; femmes; protection; vbg; sante; banderole; kits,Banderole de sensibilisation et panneau de maternite visibles sur certaines images.,2026-03-08 10:17:58,exif,false,eleve,"Planche-contact verifiee: banderole, activite du 8 mars et groupe de femmes/personnel visible.",sensibilisation,afd_sensibilisation_sensibilisation_8_mars_camp_kabila_002,Sensibilisation communautaire organisee le 8 mars au Camp Kabila.,"Activite de sensibilisation du 8 mars au Camp Kabila avec equipe AFD, participants et supports visibles.",false,already_exists,,true,D:\Maquette_AFD\Banque des images AFD\Banque Images 2\Sensibilisation 8 mars CAMP KABILA,2026-06-26T01:54:36,,true,,969ed6d6561e193a
8c7c0a31-86c2-4866-b72f-1f0249b50b76,IMG_20260308_110240_651.jpg,D:\Maquette_AFD\Banque des images AFD\Banque Images 2\Sensibilisation 8 mars CAMP KABILA\IMG_20260308_110240_651.jpg,afd_sensibilisation_sensibilisation_8_mars_camp_kabila_003.jpg,D:\Maquette_AFD\Banque des images AFD - Classees\22_sensibilisation\afd_sensibilisation_sensibilisation_8_mars_camp_kabila_003.jpg,.jpg,2896253,3264,2448,b26683048ccb559108e175ffcffc6fcfc7ffdb1992b7fb17975c8c9cd84b148d,false,false,,Sensibilisation du 8 mars au Camp Kabila,"Activite de sensibilisation autour du 8 mars dans un cadre de sante ou communautaire, avec remise de materiel et banderole.",sensibilisation,vbg; protection; sante; evenements,sensibilisation_journee_femme,sensibilisation_8_mars,,,,,Camp Kabila,femmes; communautes,femmes; personnel_sante; personnel_afd,sensibilisation; 8_mars; femmes; protection; vbg; sante; banderole; kits,Banderole de sensibilisation et panneau de maternite visibles sur certaines images.,2026-03-08 11:02:40,exif,false,eleve,"Planche-contact verifiee: banderole, activite du 8 mars et groupe de femmes/personnel visible.",sensibilisation,afd_sensibilisation_sensibilisation_8_mars_camp_kabila_003,Sensibilisation communautaire organisee le 8 mars au Camp Kabila.,"Activite de sensibilisation du 8 mars au Camp Kabila avec equipe AFD, participants et supports visibles.",false,already_exists,,true,D:\Maquette_AFD\Banque des images AFD\Banque Images 2\Sensibilisation 8 mars CAMP KABILA,2026-06-26T01:53:58,,true,,adb0b0b2ecb2a6a6
fcde5eba-d786-4be1-978a-300920d4df27,IMG_20260308_110255_814.jpg,D:\Maquette_AFD\Banque des images AFD\Banque Images 2\Sensibilisation 8 mars CAMP KABILA\IMG_20260308_110255_814.jpg,afd_sensibilisation_sensibilisation_8_mars_camp_kabila_004.jpg,D:\Maquette_AFD\Banque des images AFD - Classees\22_sensibilisation\afd_sensibilisation_sensibilisation_8_mars_camp_kabila_004.jpg,.jpg,3230988,3264,2448,74ffa35769ed5a8c1ae58044667a910569f407cfd685b58f973b1b15213b2b89,false,false,,Sensibilisation du 8 mars au Camp Kabila,"Activite de sensibilisation autour du 8 mars dans un cadre de sante ou communautaire, avec remise de materiel et banderole.",sensibilisation,vbg; protection; sante; evenements,sensibilisation_journee_femme,sensibilisation_8_mars,,,,,Camp Kabila,femmes; communautes,femmes; personnel_sante; personnel_afd,sensibilisation; 8_mars; femmes; protection; vbg; sante; banderole; kits,Banderole de sensibilisation et panneau de maternite visibles sur certaines images.,2026-03-08 11:02:55,exif,false,eleve,"Planche-contact verifiee: banderole, activite du 8 mars et groupe de femmes/personnel visible.",sensibilisation,afd_sensibilisation_sensibilisation_8_mars_camp_kabila_004,Sensibilisation communautaire organisee le 8 mars au Camp Kabila.,"Activite de sensibilisation du 8 mars au Camp Kabila avec equipe AFD, participants et supports visibles.",false,already_exists,,true,D:\Maquette_AFD\Banque des images AFD\Banque Images 2\Sensibilisation 8 mars CAMP KABILA,2026-06-26T01:53:06,,true,,288e13438f34294c
11dca259-196f-4b91-be24-69e31b9a17cf,IMG_20260308_110619_436.jpg,D:\Maquette_AFD\Banque des images AFD\Banque Images 2\Sensibilisation 8 mars CAMP KABILA\IMG_20260308_110619_436.jpg,afd_sensibilisation_sensibilisation_8_mars_camp_kabila_005.jpg,D:\Maquette_AFD\Banque des images AFD - Classees\22_sensibilisation\afd_sensibilisation_sensibilisation_8_mars_camp_kabila_005.jpg,.jpg,2872817,3264,2448,8cd334d7f214ef81b630f6320480aba922e43a561a52a9772e2af8b45755f0d7,false,false,,Sensibilisation du 8 mars au Camp Kabila,"Activite de sensibilisation autour du 8 mars dans un cadre de sante ou communautaire, avec remise de materiel et banderole.",sensibilisation,vbg; protection; sante; evenements,sensibilisation_journee_femme,sensibilisation_8_mars,,,,,Camp Kabila,femmes; communautes,femmes; personnel_sante; personnel_afd,sensibilisation; 8_mars; femmes; protection; vbg; sante; banderole; kits,Banderole de sensibilisation et panneau de maternite visibles sur certaines images.,2026-03-08 11:06:19,exif,false,eleve,"Planche-contact verifiee: banderole, activite du 8 mars et groupe de femmes/personnel visible.",sensibilisation,afd_sensibilisation_sensibilisation_8_mars_camp_kabila_005,Sensibilisation communautaire organisee le 8 mars au Camp Kabila.,"Activite de sensibilisation du 8 mars au Camp Kabila avec equipe AFD, participants et supports visibles.",false,already_exists,,true,D:\Maquette_AFD\Banque des images AFD\Banque Images 2\Sensibilisation 8 mars CAMP KABILA,2026-06-26T01:52:08,,true,,06e8695b5b5b8c00
acd511be-1853-4074-b749-222c29c2d302,IMG_20260308_111514_440.jpg,D:\Maquette_AFD\Banque des images AFD\Banque Images 2\Sensibilisation 8 mars CAMP KABILA\IMG_20260308_111514_440.jpg,afd_sensibilisation_sensibilisation_8_mars_camp_kabila_006.jpg,D:\Maquette_AFD\Banque des images AFD - Classees\22_sensibilisation\afd_sensibilisation_sensibilisation_8_mars_camp_kabila_006.jpg,.jpg,3156610,3264,2448,8237cb418a81d57e6363ded21480ff6131dfe589cc35ec7b5d88162a73a4fc71,false,false,,Sensibilisation du 8 mars au Camp Kabila,"Activite de sensibilisation autour du 8 mars dans un cadre de sante ou communautaire, avec remise de materiel et banderole.",sensibilisation,vbg; protection; sante; evenements,sensibilisation_journee_femme,sensibilisation_8_mars,,,,,Camp Kabila,femmes; communautes,femmes; personnel_sante; personnel_afd,sensibilisation; 8_mars; femmes; protection; vbg; sante; banderole; kits,Banderole de sensibilisation et panneau de maternite visibles sur certaines images.,2026-03-08 11:15:14,exif,false,eleve,"Planche-contact verifiee: banderole, activite du 8 mars et groupe de femmes/personnel visible.",sensibilisation,afd_sensibilisation_sensibilisation_8_mars_camp_kabila_006,Sensibilisation communautaire organisee le 8 mars au Camp Kabila.,"Activite de sensibilisation du 8 mars au Camp Kabila avec equipe AFD, participants et supports visibles.",false,already_exists,,true,D:\Maquette_AFD\Banque des images AFD\Banque Images 2\Sensibilisation 8 mars CAMP KABILA,2026-06-26T01:52:30,,true,,2c2dc4e32361a526
560799b8-1d8a-4fd6-8550-9e020f7647a5,IMG_20260308_123640_070.jpg,D:\Maquette_AFD\Banque des images AFD\Banque Images 2\Sensibilisation 8 mars CAMP KABILA\IMG_20260308_123640_070.jpg,afd_sensibilisation_sensibilisation_8_mars_camp_kabila_007.jpg,D:\Maquette_AFD\Banque des images AFD - Classees\22_sensibilisation\afd_sensibilisation_sensibilisation_8_mars_camp_kabila_007.jpg,.jpg,2923116,3264,2448,2cd1d055a1d2f7ebbdb8cb00c34a706a25ba875318a98a4881fd278ecd39c687,false,false,,Sensibilisation du 8 mars au Camp Kabila,"Activite de sensibilisation autour du 8 mars dans un cadre de sante ou communautaire, avec remise de materiel et banderole.",sensibilisation,vbg; protection; sante; evenements,sensibilisation_journee_femme,sensibilisation_8_mars,,,,,Camp Kabila,femmes; communautes,femmes; personnel_sante; personnel_afd,sensibilisation; 8_mars; femmes; protection; vbg; sante; banderole; kits,Banderole de sensibilisation et panneau de maternite visibles sur certaines images.,2026-03-08 12:36:40,exif,false,eleve,"Planche-contact verifiee: banderole, activite du 8 mars et groupe de femmes/personnel visible.",sensibilisation,afd_sensibilisation_sensibilisation_8_mars_camp_kabila_007,Sensibilisation communautaire organisee le 8 mars au Camp Kabila.,"Activite de sensibilisation du 8 mars au Camp Kabila avec equipe AFD, participants et supports visibles.",false,already_exists,,true,D:\Maquette_AFD\Banque des images AFD\Banque Images 2\Sensibilisation 8 mars CAMP KABILA,2026-06-26T01:52:50,,true,,b22e6d61dbd37308
c86c8a08-cf3d-450b-a286-0a5ccbb6985f,DSC_1281.jpg,D:\Maquette_AFD\Banque des images AFD\Banque Images 2\Sensibilisation et dotation DDLM au site CECA 20 MAKOKO 1\DSC_1281.jpg,afd_wash_sensibilisation_dotation_lavage_mains_site_ceca_20_makoko_1_001.jpg,D:\Maquette_AFD\Banque des images AFD - Classees\06_wash\afd_wash_sensibilisation_dotation_lavage_mains_site_ceca_20_makoko_1_001.jpg,.jpg,2591530,6016,4016,6e8c6d930d435df4d06d7d057bb96d82daab01bcbbdeeb50476255acc3770046,false,false,,Sensibilisation et dotation DDLM au site CECA-20 Makoko 1,"Sensibilisation communautaire et dotation de dispositifs de lavage des mains sur un site avec abris, beneficiaires et materiel WASH.",wash,sensibilisation; distribution_humanitaire; protection; enfance,lavage_mains_site_deplaces,sensibilisation_dotation_lavage_mains,,,,,CECA-20 Makoko 1,personnes_deplacees; communautes; enfants,beneficiaires; enfants; femmes; personnel_afd; animateurs,wash; sensibilisation; lavage_des_mains; dotation; ddlm; site_deplaces; abris; kits; activite_communautaire,Logos AFD visibles sur les dispositifs; panneaux de site visibles sur certaines images.,2026-07-07 10:40:15,exif,false,eleve,"Planche-contact verifiee: dispositifs de lavage des mains, demonstration et site avec abris visibles.",wash,afd_wash_sensibilisation_dotation_lavage_mains_site_ceca_20_makoko_1_001,Sensibilisation et dotation de dispositifs de lavage des mains au site CECA-20 Makoko 1.,Activite WASH de sensibilisation et dotation de dispositifs de lavage des mains au site CECA-20 Makoko 1.,false,already_exists,,true,D:\Maquette_AFD\Banque des images AFD\Banque Images 2\Sensibilisation et dotation DDLM au site CECA 20 MAKOKO 1,2026-07-07T01:40:16,,true,,c989d8505273b212
b37a90db-c961-4759-98a5-08e833308dae,DSC_1283.jpg,D:\Maquette_AFD\Banque des images AFD\Banque Images 2\Sensibilisation et dotation DDLM au site CECA 20 MAKOKO 1\DSC_1283.jpg,afd_wash_sensibilisation_dotation_lavage_mains_site_ceca_20_makoko_1_002.jpg,D:\Maquette_AFD\Banque des images AFD - Classees\06_wash\afd_wash_sensibilisation_dotation_lavage_mains_site_ceca_20_makoko_1_002.jpg,.jpg,2079569,6016,4016,d24188f6e99cb896014cdbf4d6fa43c2d360722179fdb07eb6c615444c4f5b03,false,false,,Sensibilisation et dotation DDLM au site CECA-20 Makoko 1,"Sensibilisation communautaire et dotation de dispositifs de lavage des mains sur un site avec abris, beneficiaires et materiel WASH.",wash,sensibilisation; distribution_humanitaire; protection; enfance,lavage_mains_site_deplaces,sensibilisation_dotation_lavage_mains,,,,,CECA-20 Makoko 1,personnes_deplacees; communautes; enfants,beneficiaires; enfants; femmes; personnel_afd; animateurs,wash; sensibilisation; lavage_des_mains; dotation; ddlm; site_deplaces; abris; kits; activite_communautaire,Logos AFD visibles sur les dispositifs; panneaux de site visibles sur certaines images.,2026-07-07 10:40:15,exif,false,eleve,"Planche-contact verifiee: dispositifs de lavage des mains, demonstration et site avec abris visibles.",wash,afd_wash_sensibilisation_dotation_lavage_mains_site_ceca_20_makoko_1_002,Sensibilisation et dotation de dispositifs de lavage des mains au site CECA-20 Makoko 1.,Activite WASH de sensibilisation et dotation de dispositifs de lavage des mains au site CECA-20 Makoko 1.,false,already_exists,,true,D:\Maquette_AFD\Banque des images AFD\Banque Images 2\Sensibilisation et dotation DDLM au site CECA 20 MAKOKO 1,2026-07-07T01:40:16,,true,,18b0b4f7f2741611
b3a2beaa-e369-4231-adc8-b61c8cd95e14,DSC_1284.jpg,D:\Maquette_AFD\Banque des images AFD\Banque Images 2\Sensibilisation et dotation DDLM au site CECA 20 MAKOKO 1\DSC_1284.jpg,afd_wash_sensibilisation_dotation_lavage_mains_site_ceca_20_makoko_1_003.jpg,D:\Maquette_AFD\Banque des images AFD - Classees\06_wash\afd_wash_sensibilisation_dotation_lavage_mains_site_ceca_20_makoko_1_003.jpg,.jpg,1870486,6016,4016,7470770d5bfc04f2290273889fdc6944aa1f507b68505ead1bb9c4c69d396be5,false,false,,Sensibilisation et dotation DDLM au site CECA-20 Makoko 1,"Sensibilisation communautaire et dotation de dispositifs de lavage des mains sur un site avec abris, beneficiaires et materiel WASH.",wash,sensibilisation; distribution_humanitaire; protection; enfance,lavage_mains_site_deplaces,sensibilisation_dotation_lavage_mains,,,,,CECA-20 Makoko 1,personnes_deplacees; communautes; enfants,beneficiaires; enfants; femmes; personnel_afd; animateurs,wash; sensibilisation; lavage_des_mains; dotation; ddlm; site_deplaces; abris; kits; activite_communautaire,Logos AFD visibles sur les dispositifs; panneaux de site visibles sur certaines images.,2026-07-07 10:40:25,exif,false,eleve,"Planche-contact verifiee: dispositifs de lavage des mains, demonstration et site avec abris visibles.",wash,afd_wash_sensibilisation_dotation_lavage_mains_site_ceca_20_makoko_1_003,Sensibilisation et dotation de dispositifs de lavage des mains au site CECA-20 Makoko 1.,Activite WASH de sensibilisation et dotation de dispositifs de lavage des mains au site CECA-20 Makoko 1.,false,already_exists,,true,D:\Maquette_AFD\Banque des images AFD\Banque Images 2\Sensibilisation et dotation DDLM au site CECA 20 MAKOKO 1,2026-07-07T01:40:26,,true,,2d1c983ada2b4934
16d9864c-1656-4863-b8a6-e1e82ee6152d,DSC_1291.jpg,D:\Maquette_AFD\Banque des images AFD\Banque Images 2\Sensibilisation et dotation DDLM au site CECA 20 MAKOKO 1\DSC_1291.jpg,afd_wash_sensibilisation_dotation_lavage_mains_site_ceca_20_makoko_1_004.jpg,D:\Maquette_AFD\Banque des images AFD - Classees\06_wash\afd_wash_sensibilisation_dotation_lavage_mains_site_ceca_20_makoko_1_004.jpg,.jpg,1959092,6016,4016,4686d62b33b42c4a50a0137246c08e7b7b5e65813089e0e3edb623db606521eb,false,false,,Sensibilisation et dotation DDLM au site CECA-20 Makoko 1,"Sensibilisation communautaire et dotation de dispositifs de lavage des mains sur un site avec abris, beneficiaires et materiel WASH.",wash,sensibilisation; distribution_humanitaire; protection; enfance,lavage_mains_site_deplaces,sensibilisation_dotation_lavage_mains,,,,,CECA-20 Makoko 1,personnes_deplacees; communautes; enfants,beneficiaires; enfants; femmes; personnel_afd; animateurs,wash; sensibilisation; lavage_des_mains; dotation; ddlm; site_deplaces; abris; kits; activite_communautaire,Logos AFD visibles sur les dispositifs; panneaux de site visibles sur certaines images.,2026-07-07 10:41:53,exif,false,eleve,"Planche-contact verifiee: dispositifs de lavage des mains, demonstration et site avec abris visibles.",wash,afd_wash_sensibilisation_dotation_lavage_mains_site_ceca_20_makoko_1_004,Sensibilisation et dotation de dispositifs de lavage des mains au site CECA-20 Makoko 1.,Activite WASH de sensibilisation et dotation de dispositifs de lavage des mains au site CECA-20 Makoko 1.,false,already_exists,,true,D:\Maquette_AFD\Banque des images AFD\Banque Images 2\Sensibilisation et dotation DDLM au site CECA 20 MAKOKO 1,2026-07-07T01:41:54,,true,,1b96c599ca82f662
8365239b-97e1-48fc-977e-2d1d8af07685,DSC_1309.jpg,D:\Maquette_AFD\Banque des images AFD\Banque Images 2\Sensibilisation et dotation DDLM au site CECA 20 MAKOKO 1\DSC_1309.jpg,afd_wash_sensibilisation_dotation_lavage_mains_site_ceca_20_makoko_1_005.jpg,D:\Maquette_AFD\Banque des images AFD - Classees\06_wash\afd_wash_sensibilisation_dotation_lavage_mains_site_ceca_20_makoko_1_005.jpg,.jpg,2351764,6016,4016,08d80b5fb3b7032a269a1619fe4af3d1d4d1f4705fe51383f54f27e670fd8028,false,false,,Sensibilisation et dotation DDLM au site CECA-20 Makoko 1,"Sensibilisation communautaire et dotation de dispositifs de lavage des mains sur un site avec abris, beneficiaires et materiel WASH.",wash,sensibilisation; distribution_humanitaire; protection; enfance,lavage_mains_site_deplaces,sensibilisation_dotation_lavage_mains,,,,,CECA-20 Makoko 1,personnes_deplacees; communautes; enfants,beneficiaires; enfants; femmes; personnel_afd; animateurs,wash; sensibilisation; lavage_des_mains; dotation; ddlm; site_deplaces; abris; kits; activite_communautaire,Logos AFD visibles sur les dispositifs; panneaux de site visibles sur certaines images.,2026-07-07 10:44:30,exif,false,eleve,"Planche-contact verifiee: dispositifs de lavage des mains, demonstration et site avec abris visibles.",wash,afd_wash_sensibilisation_dotation_lavage_mains_site_ceca_20_makoko_1_005,Sensibilisation et dotation de dispositifs de lavage des mains au site CECA-20 Makoko 1.,Activite WASH de sensibilisation et dotation de dispositifs de lavage des mains au site CECA-20 Makoko 1.,false,already_exists,,true,D:\Maquette_AFD\Banque des images AFD\Banque Images 2\Sensibilisation et dotation DDLM au site CECA 20 MAKOKO 1,2026-07-07T01:44:30,,true,,c4e5556e20868087
be170698-655a-43c8-b234-c7b22ce68291,DSC_1310.jpg,D:\Maquette_AFD\Banque des images AFD\Banque Images 2\Sensibilisation et dotation DDLM au site CECA 20 MAKOKO 1\DSC_1310.jpg,afd_wash_sensibilisation_dotation_lavage_mains_site_ceca_20_makoko_1_006.jpg,D:\Maquette_AFD\Banque des images AFD - Classees\06_wash\afd_wash_sensibilisation_dotation_lavage_mains_site_ceca_20_makoko_1_006.jpg,.jpg,1788874,6016,4016,70f22afcc75f3eec043018efc643cfec182078903a5929efda1e0cd6c96eaba0,false,false,,Sensibilisation et dotation DDLM au site CECA-20 Makoko 1,"Sensibilisation communautaire et dotation de dispositifs de lavage des mains sur un site avec abris, beneficiaires et materiel WASH.",wash,sensibilisation; distribution_humanitaire; protection; enfance,lavage_mains_site_deplaces,sensibilisation_dotation_lavage_mains,,,,,CECA-20 Makoko 1,personnes_deplacees; communautes; enfants,beneficiaires; enfants; femmes; personnel_afd; animateurs,wash; sensibilisation; lavage_des_mains; dotation; ddlm; site_deplaces; abris; kits; activite_communautaire,Logos AFD visibles sur les dispositifs; panneaux de site visibles sur certaines images.,2026-07-07 10:44:30,exif,false,eleve,"Planche-contact verifiee: dispositifs de lavage des mains, demonstration et site avec abris visibles.",wash,afd_wash_sensibilisation_dotation_lavage_mains_site_ceca_20_makoko_1_006,Sensibilisation et dotation de dispositifs de lavage des mains au site CECA-20 Makoko 1.,Activite WASH de sensibilisation et dotation de dispositifs de lavage des mains au site CECA-20 Makoko 1.,false,already_exists,,true,D:\Maquette_AFD\Banque des images AFD\Banque Images 2\Sensibilisation et dotation DDLM au site CECA 20 MAKOKO 1,2026-07-07T01:44:30,,true,,3e18c9da5b55b52f
68c839af-3ccf-4329-8472-7d9b61ac11f8,DSC_1311.jpg,D:\Maquette_AFD\Banque des images AFD\Banque Images 2\Sensibilisation et dotation DDLM au site CECA 20 MAKOKO 1\DSC_1311.jpg,afd_wash_sensibilisation_dotation_lavage_mains_site_ceca_20_makoko_1_007.jpg,D:\Maquette_AFD\Banque des images AFD - Classees\06_wash\afd_wash_sensibilisation_dotation_lavage_mains_site_ceca_20_makoko_1_007.jpg,.jpg,1549061,6016,4016,9dc34c775070a61442896f7e82d22452ce05f31d1909c96c06e056e8f2bb8752,false,false,,Sensibilisation et dotation DDLM au site CECA-20 Makoko 1,"Sensibilisation communautaire et dotation de dispositifs de lavage des mains sur un site avec abris, beneficiaires et materiel WASH.",wash,sensibilisation; distribution_humanitaire; protection; enfance,lavage_mains_site_deplaces,sensibilisation_dotation_lavage_mains,,,,,CECA-20 Makoko 1,personnes_deplacees; communautes; enfants,beneficiaires; enfants; femmes; personnel_afd; animateurs,wash; sensibilisation; lavage_des_mains; dotation; ddlm; site_deplaces; abris; kits; activite_communautaire,Logos AFD visibles sur les dispositifs; panneaux de site visibles sur certaines images.,2026-07-07 10:44:40,exif,false,eleve,"Planche-contact verifiee: dispositifs de lavage des mains, demonstration et site avec abris visibles.",wash,afd_wash_sensibilisation_dotation_lavage_mains_site_ceca_20_makoko_1_007,Sensibilisation et dotation de dispositifs de lavage des mains au site CECA-20 Makoko 1.,Activite WASH de sensibilisation et dotation de dispositifs de lavage des mains au site CECA-20 Makoko 1.,false,already_exists,,true,D:\Maquette_AFD\Banque des images AFD\Banque Images 2\Sensibilisation et dotation DDLM au site CECA 20 MAKOKO 1,2026-07-07T01:44:40,,true,,7c6e5b8b9a92f27c
4acbbac8-51c0-4291-9890-d22f2a3f00bc,DSC_1312.jpg,D:\Maquette_AFD\Banque des images AFD\Banque Images 2\Sensibilisation et dotation DDLM au site CECA 20 MAKOKO 1\DSC_1312.jpg,afd_wash_sensibilisation_dotation_lavage_mains_site_ceca_20_makoko_1_008.jpg,D:\Maquette_AFD\Banque des images AFD - Classees\06_wash\afd_wash_sensibilisation_dotation_lavage_mains_site_ceca_20_makoko_1_008.jpg,.jpg,1983064,6016,4016,6ca6a2ffef361b1367d5fedfd2e35043c83c82876e72a7545d2b68360d2ec4fb,false,false,,Sensibilisation et dotation DDLM au site CECA-20 Makoko 1,"Sensibilisation communautaire et dotation de dispositifs de lavage des mains sur un site avec abris, beneficiaires et materiel WASH.",wash,sensibilisation; distribution_humanitaire; protection; enfance,lavage_mains_site_deplaces,sensibilisation_dotation_lavage_mains,,,,,CECA-20 Makoko 1,personnes_deplacees; communautes; enfants,beneficiaires; enfants; femmes; personnel_afd; animateurs,wash; sensibilisation; lavage_des_mains; dotation; ddlm; site_deplaces; abris; kits; activite_communautaire,Logos AFD visibles sur les dispositifs; panneaux de site visibles sur certaines images.,2026-07-07 10:44:41,exif,false,eleve,"Planche-contact verifiee: dispositifs de lavage des mains, demonstration et site avec abris visibles.",wash,afd_wash_sensibilisation_dotation_lavage_mains_site_ceca_20_makoko_1_008,Sensibilisation et dotation de dispositifs de lavage des mains au site CECA-20 Makoko 1.,Activite WASH de sensibilisation et dotation de dispositifs de lavage des mains au site CECA-20 Makoko 1.,false,already_exists,,true,D:\Maquette_AFD\Banque des images AFD\Banque Images 2\Sensibilisation et dotation DDLM au site CECA 20 MAKOKO 1,2026-07-07T01:44:42,,true,,b3bb5454a8aaa095
9a75984e-aab8-4a78-aee3-9067250cde3d,DSC_1313.jpg,D:\Maquette_AFD\Banque des images AFD\Banque Images 2\Sensibilisation et dotation DDLM au site CECA 20 MAKOKO 1\DSC_1313.jpg,afd_wash_sensibilisation_dotation_lavage_mains_site_ceca_20_makoko_1_009.jpg,D:\Maquette_AFD\Banque des images AFD - Classees\06_wash\afd_wash_sensibilisation_dotation_lavage_mains_site_ceca_20_makoko_1_009.jpg,.jpg,1382489,6016,4016,4a4251b61fcc01181a66d2d3bd28f9fef376731e9824c5f970cb6c65c3078fe5,false,false,,Sensibilisation et dotation DDLM au site CECA-20 Makoko 1,"Sensibilisation communautaire et dotation de dispositifs de lavage des mains sur un site avec abris, beneficiaires et materiel WASH.",wash,sensibilisation; distribution_humanitaire; protection; enfance,lavage_mains_site_deplaces,sensibilisation_dotation_lavage_mains,,,,,CECA-20 Makoko 1,personnes_deplacees; communautes; enfants,beneficiaires; enfants; femmes; personnel_afd; animateurs,wash; sensibilisation; lavage_des_mains; dotation; ddlm; site_deplaces; abris; kits; activite_communautaire,Logos AFD visibles sur les dispositifs; panneaux de site visibles sur certaines images.,2026-07-07 10:44:47,exif,false,eleve,"Planche-contact verifiee: dispositifs de lavage des mains, demonstration et site avec abris visibles.",wash,afd_wash_sensibilisation_dotation_lavage_mains_site_ceca_20_makoko_1_009,Sensibilisation et dotation de dispositifs de lavage des mains au site CECA-20 Makoko 1.,Activite WASH de sensibilisation et dotation de dispositifs de lavage des mains au site CECA-20 Makoko 1.,false,already_exists,,true,D:\Maquette_AFD\Banque des images AFD\Banque Images 2\Sensibilisation et dotation DDLM au site CECA 20 MAKOKO 1,2026-07-07T01:44:46,,true,,33c5c9c9c969381c
1d1f3fac-2a33-47e9-aa0a-95354138e077,DSC_1314.jpg,D:\Maquette_AFD\Banque des images AFD\Banque Images 2\Sensibilisation et dotation DDLM au site CECA 20 MAKOKO 1\DSC_1314.jpg,afd_wash_sensibilisation_dotation_lavage_mains_site_ceca_20_makoko_1_010.jpg,D:\Maquette_AFD\Banque des images AFD - Classees\06_wash\afd_wash_sensibilisation_dotation_lavage_mains_site_ceca_20_makoko_1_010.jpg,.jpg,1744307,6016,4016,c4de413d3b0149586771d3d53076010633d2a5aa1a80d6531d10b624bbd6c91a,false,false,,Sensibilisation et dotation DDLM au site CECA-20 Makoko 1,"Sensibilisation communautaire et dotation de dispositifs de lavage des mains sur un site avec abris, beneficiaires et materiel WASH.",wash,sensibilisation; distribution_humanitaire; protection; enfance,lavage_mains_site_deplaces,sensibilisation_dotation_lavage_mains,,,,,CECA-20 Makoko 1,personnes_deplacees; communautes; enfants,beneficiaires; enfants; femmes; personnel_afd; animateurs,wash; sensibilisation; lavage_des_mains; dotation; ddlm; site_deplaces; abris; kits; activite_communautaire,Logos AFD visibles sur les dispositifs; panneaux de site visibles sur certaines images.,2026-07-07 10:53:50,exif,false,eleve,"Planche-contact verifiee: dispositifs de lavage des mains, demonstration et site avec abris visibles.",wash,afd_wash_sensibilisation_dotation_lavage_mains_site_ceca_20_makoko_1_010,Sensibilisation et dotation de dispositifs de lavage des mains au site CECA-20 Makoko 1.,Activite WASH de sensibilisation et dotation de dispositifs de lavage des mains au site CECA-20 Makoko 1.,false,already_exists,,true,D:\Maquette_AFD\Banque des images AFD\Banque Images 2\Sensibilisation et dotation DDLM au site CECA 20 MAKOKO 1,2026-07-07T01:53:50,,true,,899b111939767583
16f19f65-ffd7-4a3e-bcdf-9d0ffc6c943b,DSC_1315.jpg,D:\Maquette_AFD\Banque des images AFD\Banque Images 2\Sensibilisation et dotation DDLM au site CECA 20 MAKOKO 1\DSC_1315.jpg,afd_wash_sensibilisation_dotation_lavage_mains_site_ceca_20_makoko_1_011.jpg,D:\Maquette_AFD\Banque des images AFD - Classees\06_wash\afd_wash_sensibilisation_dotation_lavage_mains_site_ceca_20_makoko_1_011.jpg,.jpg,2576133,6016,4016,47c9141f6166ad3278e160c35f12a9451cf63b704e6035415bb84027132fbd71,false,false,,Sensibilisation et dotation DDLM au site CECA-20 Makoko 1,"Sensibilisation communautaire et dotation de dispositifs de lavage des mains sur un site avec abris, beneficiaires et materiel WASH.",wash,sensibilisation; distribution_humanitaire; protection; enfance,lavage_mains_site_deplaces,sensibilisation_dotation_lavage_mains,,,,,CECA-20 Makoko 1,personnes_deplacees; communautes; enfants,beneficiaires; enfants; femmes; personnel_afd; animateurs,wash; sensibilisation; lavage_des_mains; dotation; ddlm; site_deplaces; abris; kits; activite_communautaire,Logos AFD visibles sur les dispositifs; panneaux de site visibles sur certaines images.,2026-07-07 10:53:50,exif,false,eleve,"Planche-contact verifiee: dispositifs de lavage des mains, demonstration et site avec abris visibles.",wash,afd_wash_sensibilisation_dotation_lavage_mains_site_ceca_20_makoko_1_011,Sensibilisation et dotation de dispositifs de lavage des mains au site CECA-20 Makoko 1.,Activite WASH de sensibilisation et dotation de dispositifs de lavage des mains au site CECA-20 Makoko 1.,false,already_exists,,true,D:\Maquette_AFD\Banque des images AFD\Banque Images 2\Sensibilisation et dotation DDLM au site CECA 20 MAKOKO 1,2026-07-07T01:53:50,,true,,853162d3959a1933
3a4b0e9e-ffda-4294-8d34-e9284f01bd81,DSC_1316.jpg,D:\Maquette_AFD\Banque des images AFD\Banque Images 2\Sensibilisation et dotation DDLM au site CECA 20 MAKOKO 1\DSC_1316.jpg,afd_wash_sensibilisation_dotation_lavage_mains_site_ceca_20_makoko_1_012.jpg,D:\Maquette_AFD\Banque des images AFD - Classees\06_wash\afd_wash_sensibilisation_dotation_lavage_mains_site_ceca_20_makoko_1_012.jpg,.jpg,2211539,6016,4016,d2339a0938f0a5c256d77da2aa4e49740f33b8617231ac0c8379fe749e569de5,false,false,,Sensibilisation et dotation DDLM au site CECA-20 Makoko 1,"Sensibilisation communautaire et dotation de dispositifs de lavage des mains sur un site avec abris, beneficiaires et materiel WASH.",wash,sensibilisation; distribution_humanitaire; protection; enfance,lavage_mains_site_deplaces,sensibilisation_dotation_lavage_mains,,,,,CECA-20 Makoko 1,personnes_deplacees; communautes; enfants,beneficiaires; enfants; femmes; personnel_afd; animateurs,wash; sensibilisation; lavage_des_mains; dotation; ddlm; site_deplaces; abris; kits; activite_communautaire,Logos AFD visibles sur les dispositifs; panneaux de site visibles sur certaines images.,2026-07-07 10:54:00,exif,false,eleve,"Planche-contact verifiee: dispositifs de lavage des mains, demonstration et site avec abris visibles.",wash,afd_wash_sensibilisation_dotation_lavage_mains_site_ceca_20_makoko_1_012,Sensibilisation et dotation de dispositifs de lavage des mains au site CECA-20 Makoko 1.,Activite WASH de sensibilisation et dotation de dispositifs de lavage des mains au site CECA-20 Makoko 1.,false,already_exists,,true,D:\Maquette_AFD\Banque des images AFD\Banque Images 2\Sensibilisation et dotation DDLM au site CECA 20 MAKOKO 1,2026-07-07T01:54:00,,true,,606061dccc40829b
9b33ca32-ad84-4c72-a55c-d10047b0bbbd,DSC_1317.jpg,D:\Maquette_AFD\Banque des images AFD\Banque Images 2\Sensibilisation et dotation DDLM au site CECA 20 MAKOKO 1\DSC_1317.jpg,afd_wash_sensibilisation_dotation_lavage_mains_site_ceca_20_makoko_1_013.jpg,D:\Maquette_AFD\Banque des images AFD - Classees\06_wash\afd_wash_sensibilisation_dotation_lavage_mains_site_ceca_20_makoko_1_013.jpg,.jpg,2742687,6016,4016,2223a2affa7325698e53616e3a28aa2ebada4b498cd098eea771abc88007f309,false,false,,Sensibilisation et dotation DDLM au site CECA-20 Makoko 1,"Sensibilisation communautaire et dotation de dispositifs de lavage des mains sur un site avec abris, beneficiaires et materiel WASH.",wash,sensibilisation; distribution_humanitaire; protection; enfance,lavage_mains_site_deplaces,sensibilisation_dotation_lavage_mains,,,,,CECA-20 Makoko 1,personnes_deplacees; communautes; enfants,beneficiaires; enfants; femmes; personnel_afd; animateurs,wash; sensibilisation; lavage_des_mains; dotation; ddlm; site_deplaces; abris; kits; activite_communautaire,Logos AFD visibles sur les dispositifs; panneaux de site visibles sur certaines images.,2026-07-07 10:54:00,exif,false,eleve,"Planche-contact verifiee: dispositifs de lavage des mains, demonstration et site avec abris visibles.",wash,afd_wash_sensibilisation_dotation_lavage_mains_site_ceca_20_makoko_1_013,Sensibilisation et dotation de dispositifs de lavage des mains au site CECA-20 Makoko 1.,Activite WASH de sensibilisation et dotation de dispositifs de lavage des mains au site CECA-20 Makoko 1.,false,already_exists,,true,D:\Maquette_AFD\Banque des images AFD\Banque Images 2\Sensibilisation et dotation DDLM au site CECA 20 MAKOKO 1,2026-07-07T01:54:00,,true,,1b199919ece9c9d9
70969eb2-c96a-4635-8006-2a7ef03eb375,DSC_1320.jpg,D:\Maquette_AFD\Banque des images AFD\Banque Images 2\Sensibilisation et dotation DDLM au site CECA 20 MAKOKO 1\DSC_1320.jpg,afd_wash_sensibilisation_dotation_lavage_mains_site_ceca_20_makoko_1_014.jpg,D:\Maquette_AFD\Banque des images AFD - Classees\06_wash\afd_wash_sensibilisation_dotation_lavage_mains_site_ceca_20_makoko_1_014.jpg,.jpg,2710701,6016,4016,e46a59f513479bf7a178d26128395a4f379630de3bdea870ecac87d6f36cf268,false,false,,Sensibilisation et dotation DDLM au site CECA-20 Makoko 1,"Sensibilisation communautaire et dotation de dispositifs de lavage des mains sur un site avec abris, beneficiaires et materiel WASH.",wash,sensibilisation; distribution_humanitaire; protection; enfance,lavage_mains_site_deplaces,sensibilisation_dotation_lavage_mains,,,,,CECA-20 Makoko 1,personnes_deplacees; communautes; enfants,beneficiaires; enfants; femmes; personnel_afd; animateurs,wash; sensibilisation; lavage_des_mains; dotation; ddlm; site_deplaces; abris; kits; activite_communautaire,Logos AFD visibles sur les dispositifs; panneaux de site visibles sur certaines images.,2026-07-07 10:54:40,exif,false,eleve,"Planche-contact verifiee: dispositifs de lavage des mains, demonstration et site avec abris visibles.",wash,afd_wash_sensibilisation_dotation_lavage_mains_site_ceca_20_makoko_1_014,Sensibilisation et dotation de dispositifs de lavage des mains au site CECA-20 Makoko 1.,Activite WASH de sensibilisation et dotation de dispositifs de lavage des mains au site CECA-20 Makoko 1.,false,already_exists,,true,D:\Maquette_AFD\Banque des images AFD\Banque Images 2\Sensibilisation et dotation DDLM au site CECA 20 MAKOKO 1,2026-07-07T01:54:40,,true,,8cfcd0e8d89e3911
9e4a2940-c1a4-4bf3-b6cf-307512f1d18d,DSC_1330.jpg,D:\Maquette_AFD\Banque des images AFD\Banque Images 2\Sensibilisation et dotation DDLM au site CECA 20 MAKOKO 1\DSC_1330.jpg,afd_wash_sensibilisation_dotation_lavage_mains_site_ceca_20_makoko_1_015.jpg,D:\Maquette_AFD\Banque des images AFD - Classees\06_wash\afd_wash_sensibilisation_dotation_lavage_mains_site_ceca_20_makoko_1_015.jpg,.jpg,1329851,4949,4016,47c4efd03aaf48907613a44413d1884864280fa5fb155e303cef3df3e750a3bf,false,false,,Sensibilisation et dotation DDLM au site CECA-20 Makoko 1,"Sensibilisation communautaire et dotation de dispositifs de lavage des mains sur un site avec abris, beneficiaires et materiel WASH.",wash,sensibilisation; distribution_humanitaire; protection; enfance,lavage_mains_site_deplaces,sensibilisation_dotation_lavage_mains,,,,,CECA-20 Makoko 1,personnes_deplacees; communautes; enfants,beneficiaires; enfants; femmes; personnel_afd; animateurs,wash; sensibilisation; lavage_des_mains; dotation; ddlm; site_deplaces; abris; kits; activite_communautaire,Logos AFD visibles sur les dispositifs; panneaux de site visibles sur certaines images.,2026-07-07 10:56:06,exif,false,eleve,"Planche-contact verifiee: dispositifs de lavage des mains, demonstration et site avec abris visibles.",wash,afd_wash_sensibilisation_dotation_lavage_mains_site_ceca_20_makoko_1_015,Sensibilisation et dotation de dispositifs de lavage des mains au site CECA-20 Makoko 1.,Activite WASH de sensibilisation et dotation de dispositifs de lavage des mains au site CECA-20 Makoko 1.,false,already_exists,,true,D:\Maquette_AFD\Banque des images AFD\Banque Images 2\Sensibilisation et dotation DDLM au site CECA 20 MAKOKO 1,2026-07-07T01:56:08,,true,,cd6514a48cd9abc9
c998d00d-5357-45d5-a09f-4cff0cdf22a9,DSC_1331.jpg,D:\Maquette_AFD\Banque des images AFD\Banque Images 2\Sensibilisation et dotation DDLM au site CECA 20 MAKOKO 1\DSC_1331.jpg,afd_wash_sensibilisation_dotation_lavage_mains_site_ceca_20_makoko_1_016.jpg,D:\Maquette_AFD\Banque des images AFD - Classees\06_wash\afd_wash_sensibilisation_dotation_lavage_mains_site_ceca_20_makoko_1_016.jpg,.jpg,1637768,6016,4016,5242aa9d6975d401c3ae2bda6945c83265c46236ade800f4865e60fb9be12600,false,false,,Sensibilisation et dotation DDLM au site CECA-20 Makoko 1,"Sensibilisation communautaire et dotation de dispositifs de lavage des mains sur un site avec abris, beneficiaires et materiel WASH.",wash,sensibilisation; distribution_humanitaire; protection; enfance,lavage_mains_site_deplaces,sensibilisation_dotation_lavage_mains,,,,,CECA-20 Makoko 1,personnes_deplacees; communautes; enfants,beneficiaires; enfants; femmes; personnel_afd; animateurs,wash; sensibilisation; lavage_des_mains; dotation; ddlm; site_deplaces; abris; kits; activite_communautaire,Logos AFD visibles sur les dispositifs; panneaux de site visibles sur certaines images.,2026-07-07 10:56:08,exif,false,eleve,"Planche-contact verifiee: dispositifs de lavage des mains, demonstration et site avec abris visibles.",wash,afd_wash_sensibilisation_dotation_lavage_mains_site_ceca_20_makoko_1_016,Sensibilisation et dotation de dispositifs de lavage des mains au site CECA-20 Makoko 1.,Activite WASH de sensibilisation et dotation de dispositifs de lavage des mains au site CECA-20 Makoko 1.,false,already_exists,,true,D:\Maquette_AFD\Banque des images AFD\Banque Images 2\Sensibilisation et dotation DDLM au site CECA 20 MAKOKO 1,2026-07-07T01:56:08,,true,,e0e8496869c1cfd5
12ac0b9f-ddb3-41c5-95b2-a0a09819cb47,DSC_1332.jpg,D:\Maquette_AFD\Banque des images AFD\Banque Images 2\Sensibilisation et dotation DDLM au site CECA 20 MAKOKO 1\DSC_1332.jpg,afd_wash_sensibilisation_dotation_lavage_mains_site_ceca_20_makoko_1_017.jpg,D:\Maquette_AFD\Banque des images AFD - Classees\06_wash\afd_wash_sensibilisation_dotation_lavage_mains_site_ceca_20_makoko_1_017.jpg,.jpg,1932517,6016,4016,9fe8ea7ddd8cd553de536be0bc851af24b71c4ee11cae0bea6dcf57959f4cc46,false,false,,Sensibilisation et dotation DDLM au site CECA-20 Makoko 1,"Sensibilisation communautaire et dotation de dispositifs de lavage des mains sur un site avec abris, beneficiaires et materiel WASH.",wash,sensibilisation; distribution_humanitaire; protection; enfance,lavage_mains_site_deplaces,sensibilisation_dotation_lavage_mains,,,,,CECA-20 Makoko 1,personnes_deplacees; communautes; enfants,beneficiaires; enfants; femmes; personnel_afd; animateurs,wash; sensibilisation; lavage_des_mains; dotation; ddlm; site_deplaces; abris; kits; activite_communautaire,Logos AFD visibles sur les dispositifs; panneaux de site visibles sur certaines images.,2026-07-07 10:56:13,exif,false,eleve,"Planche-contact verifiee: dispositifs de lavage des mains, demonstration et site avec abris visibles.",wash,afd_wash_sensibilisation_dotation_lavage_mains_site_ceca_20_makoko_1_017,Sensibilisation et dotation de dispositifs de lavage des mains au site CECA-20 Makoko 1.,Activite WASH de sensibilisation et dotation de dispositifs de lavage des mains au site CECA-20 Makoko 1.,false,already_exists,,true,D:\Maquette_AFD\Banque des images AFD\Banque Images 2\Sensibilisation et dotation DDLM au site CECA 20 MAKOKO 1,2026-07-07T01:56:14,,true,,1bb3b2b1696a29a0
80f5df12-91c6-4f3b-82ca-a1062af39d62,DSC_1333.jpg,D:\Maquette_AFD\Banque des images AFD\Banque Images 2\Sensibilisation et dotation DDLM au site CECA 20 MAKOKO 1\DSC_1333.jpg,afd_wash_sensibilisation_dotation_lavage_mains_site_ceca_20_makoko_1_018.jpg,D:\Maquette_AFD\Banque des images AFD - Classees\06_wash\afd_wash_sensibilisation_dotation_lavage_mains_site_ceca_20_makoko_1_018.jpg,.jpg,1879914,6016,4016,62fb11015ba1876976d46b993974004d717c5fe70ecce3bccbd789a7ea4c429e,false,false,,Sensibilisation et dotation DDLM au site CECA-20 Makoko 1,"Sensibilisation communautaire et dotation de dispositifs de lavage des mains sur un site avec abris, beneficiaires et materiel WASH.",wash,sensibilisation; distribution_humanitaire; protection; enfance,lavage_mains_site_deplaces,sensibilisation_dotation_lavage_mains,,,,,CECA-20 Makoko 1,personnes_deplacees; communautes; enfants,beneficiaires; enfants; femmes; personnel_afd; animateurs,wash; sensibilisation; lavage_des_mains; dotation; ddlm; site_deplaces; abris; kits; activite_communautaire,Logos AFD visibles sur les dispositifs; panneaux de site visibles sur certaines images.,2026-07-07 10:59:27,exif,false,eleve,"Planche-contact verifiee: dispositifs de lavage des mains, demonstration et site avec abris visibles.",wash,afd_wash_sensibilisation_dotation_lavage_mains_site_ceca_20_makoko_1_018,Sensibilisation et dotation de dispositifs de lavage des mains au site CECA-20 Makoko 1.,Activite WASH de sensibilisation et dotation de dispositifs de lavage des mains au site CECA-20 Makoko 1.,false,already_exists,,true,D:\Maquette_AFD\Banque des images AFD\Banque Images 2\Sensibilisation et dotation DDLM au site CECA 20 MAKOKO 1,2026-07-07T01:59:28,,true,,7966725151626a28
0ef5c64d-7bf8-4b22-a2ad-17878da9fbba,DSC_1334.jpg,D:\Maquette_AFD\Banque des images AFD\Banque Images 2\Sensibilisation et dotation DDLM au site CECA 20 MAKOKO 1\DSC_1334.jpg,afd_wash_sensibilisation_dotation_lavage_mains_site_ceca_20_makoko_1_019.jpg,D:\Maquette_AFD\Banque des images AFD - Classees\06_wash\afd_wash_sensibilisation_dotation_lavage_mains_site_ceca_20_makoko_1_019.jpg,.jpg,2129862,6016,4016,d9626bea2158da386e0240ec43701d42aa240caaadd12f8081362f7922236612,false,false,,Sensibilisation et dotation DDLM au site CECA-20 Makoko 1,"Sensibilisation communautaire et dotation de dispositifs de lavage des mains sur un site avec abris, beneficiaires et materiel WASH.",wash,sensibilisation; distribution_humanitaire; protection; enfance,lavage_mains_site_deplaces,sensibilisation_dotation_lavage_mains,,,,,CECA-20 Makoko 1,personnes_deplacees; communautes; enfants,beneficiaires; enfants; femmes; personnel_afd; animateurs,wash; sensibilisation; lavage_des_mains; dotation; ddlm; site_deplaces; abris; kits; activite_communautaire,Logos AFD visibles sur les dispositifs; panneaux de site visibles sur certaines images.,2026-07-07 10:59:27,exif,false,eleve,"Planche-contact verifiee: dispositifs de lavage des mains, demonstration et site avec abris visibles.",wash,afd_wash_sensibilisation_dotation_lavage_mains_site_ceca_20_makoko_1_019,Sensibilisation et dotation de dispositifs de lavage des mains au site CECA-20 Makoko 1.,Activite WASH de sensibilisation et dotation de dispositifs de lavage des mains au site CECA-20 Makoko 1.,false,already_exists,,true,D:\Maquette_AFD\Banque des images AFD\Banque Images 2\Sensibilisation et dotation DDLM au site CECA 20 MAKOKO 1,2026-07-07T01:59:28,,true,,c7d231355296d2cb
038a2f8b-ca89-4586-af45-513d676cfa55,DSC_1335.jpg,D:\Maquette_AFD\Banque des images AFD\Banque Images 2\Sensibilisation et dotation DDLM au site CECA 20 MAKOKO 1\DSC_1335.jpg,afd_wash_sensibilisation_dotation_lavage_mains_site_ceca_20_makoko_1_020.jpg,D:\Maquette_AFD\Banque des images AFD - Classees\06_wash\afd_wash_sensibilisation_dotation_lavage_mains_site_ceca_20_makoko_1_020.jpg,.jpg,2116797,6016,4016,ab56539a7bda71c3ba702c8dc735589b325e2d990dbe186c30fa150402c92c9b,false,false,,Sensibilisation et dotation DDLM au site CECA-20 Makoko 1,"Sensibilisation communautaire et dotation de dispositifs de lavage des mains sur un site avec abris, beneficiaires et materiel WASH.",wash,sensibilisation; distribution_humanitaire; protection; enfance,lavage_mains_site_deplaces,sensibilisation_dotation_lavage_mains,,,,,CECA-20 Makoko 1,personnes_deplacees; communautes; enfants,beneficiaires; enfants; femmes; personnel_afd; animateurs,wash; sensibilisation; lavage_des_mains; dotation; ddlm; site_deplaces; abris; kits; activite_communautaire,Logos AFD visibles sur les dispositifs; panneaux de site visibles sur certaines images.,2026-07-07 10:59:37,exif,false,eleve,"Planche-contact verifiee: dispositifs de lavage des mains, demonstration et site avec abris visibles.",wash,afd_wash_sensibilisation_dotation_lavage_mains_site_ceca_20_makoko_1_020,Sensibilisation et dotation de dispositifs de lavage des mains au site CECA-20 Makoko 1.,Activite WASH de sensibilisation et dotation de dispositifs de lavage des mains au site CECA-20 Makoko 1.,false,already_exists,,true,D:\Maquette_AFD\Banque des images AFD\Banque Images 2\Sensibilisation et dotation DDLM au site CECA 20 MAKOKO 1,2026-07-07T01:59:38,,true,,26f26466e64a4999
29bc3ab6-f2d3-4bfc-8dab-1df3be553294,DSC_1337.jpg,D:\Maquette_AFD\Banque des images AFD\Banque Images 2\Sensibilisation et dotation DDLM au site CECA 20 MAKOKO 1\DSC_1337.jpg,afd_wash_sensibilisation_dotation_lavage_mains_site_ceca_20_makoko_1_021.jpg,D:\Maquette_AFD\Banque des images AFD - Classees\06_wash\afd_wash_sensibilisation_dotation_lavage_mains_site_ceca_20_makoko_1_021.jpg,.jpg,2488623,6016,4016,d33506ef7e4ee77fa0351f69b8b4774e23292b243a57a440250aac49ff7c85e6,false,false,,Sensibilisation et dotation DDLM au site CECA-20 Makoko 1,"Sensibilisation communautaire et dotation de dispositifs de lavage des mains sur un site avec abris, beneficiaires et materiel WASH.",wash,sensibilisation; distribution_humanitaire; protection; enfance,lavage_mains_site_deplaces,sensibilisation_dotation_lavage_mains,,,,,CECA-20 Makoko 1,personnes_deplacees; communautes; enfants,beneficiaires; enfants; femmes; personnel_afd; animateurs,wash; sensibilisation; lavage_des_mains; dotation; ddlm; site_deplaces; abris; kits; activite_communautaire,Logos AFD visibles sur les dispositifs; panneaux de site visibles sur certaines images.,2026-07-07 10:59:38,exif,false,eleve,"Planche-contact verifiee: dispositifs de lavage des mains, demonstration et site avec abris visibles.",wash,afd_wash_sensibilisation_dotation_lavage_mains_site_ceca_20_makoko_1_021,Sensibilisation et dotation de dispositifs de lavage des mains au site CECA-20 Makoko 1.,Activite WASH de sensibilisation et dotation de dispositifs de lavage des mains au site CECA-20 Makoko 1.,false,already_exists,,true,D:\Maquette_AFD\Banque des images AFD\Banque Images 2\Sensibilisation et dotation DDLM au site CECA 20 MAKOKO 1,2026-07-07T01:59:38,,true,,09c9b29088b890a5
05126bb1-6983-4b06-b154-0ab508b4fd36,DSC_1338.jpg,D:\Maquette_AFD\Banque des images AFD\Banque Images 2\Sensibilisation et dotation DDLM au site CECA 20 MAKOKO 1\DSC_1338.jpg,afd_wash_sensibilisation_dotation_lavage_mains_site_ceca_20_makoko_1_022.jpg,D:\Maquette_AFD\Banque des images AFD - Classees\06_wash\afd_wash_sensibilisation_dotation_lavage_mains_site_ceca_20_makoko_1_022.jpg,.jpg,2231251,6016,4016,07aff9e283fbdc086a71bf50240104169e1d0a7b3d98741c866590889dce3dfb,false,false,,Sensibilisation et dotation DDLM au site CECA-20 Makoko 1,"Sensibilisation communautaire et dotation de dispositifs de lavage des mains sur un site avec abris, beneficiaires et materiel WASH.",wash,sensibilisation; distribution_humanitaire; protection; enfance,lavage_mains_site_deplaces,sensibilisation_dotation_lavage_mains,,,,,CECA-20 Makoko 1,personnes_deplacees; communautes; enfants,beneficiaires; enfants; femmes; personnel_afd; animateurs,wash; sensibilisation; lavage_des_mains; dotation; ddlm; site_deplaces; abris; kits; activite_communautaire,Logos AFD visibles sur les dispositifs; panneaux de site visibles sur certaines images.,2026-07-07 10:59:48,exif,false,eleve,"Planche-contact verifiee: dispositifs de lavage des mains, demonstration et site avec abris visibles.",wash,afd_wash_sensibilisation_dotation_lavage_mains_site_ceca_20_makoko_1_022,Sensibilisation et dotation de dispositifs de lavage des mains au site CECA-20 Makoko 1.,Activite WASH de sensibilisation et dotation de dispositifs de lavage des mains au site CECA-20 Makoko 1.,false,already_exists,,true,D:\Maquette_AFD\Banque des images AFD\Banque Images 2\Sensibilisation et dotation DDLM au site CECA 20 MAKOKO 1,2026-07-07T01:59:48,,true,,e3604691a1eab81c
ba4c097f-74a8-4212-a968-4b446efb7f5b,DSC_1339.jpg,D:\Maquette_AFD\Banque des images AFD\Banque Images 2\Sensibilisation et dotation DDLM au site CECA 20 MAKOKO 1\DSC_1339.jpg,afd_wash_sensibilisation_dotation_lavage_mains_site_ceca_20_makoko_1_023.jpg,D:\Maquette_AFD\Banque des images AFD - Classees\06_wash\afd_wash_sensibilisation_dotation_lavage_mains_site_ceca_20_makoko_1_023.jpg,.jpg,1982416,6016,4016,07962842211633b0248cd58fde1fae2a47bcef3269d186b88f6806328ad752cc,false,false,,Sensibilisation et dotation DDLM au site CECA-20 Makoko 1,"Sensibilisation communautaire et dotation de dispositifs de lavage des mains sur un site avec abris, beneficiaires et materiel WASH.",wash,sensibilisation; distribution_humanitaire; protection; enfance,lavage_mains_site_deplaces,sensibilisation_dotation_lavage_mains,,,,,CECA-20 Makoko 1,personnes_deplacees; communautes; enfants,beneficiaires; enfants; femmes; personnel_afd; animateurs,wash; sensibilisation; lavage_des_mains; dotation; ddlm; site_deplaces; abris; kits; activite_communautaire,Logos AFD visibles sur les dispositifs; panneaux de site visibles sur certaines images.,2026-07-07 10:59:48,exif,false,eleve,"Planche-contact verifiee: dispositifs de lavage des mains, demonstration et site avec abris visibles.",wash,afd_wash_sensibilisation_dotation_lavage_mains_site_ceca_20_makoko_1_023,Sensibilisation et dotation de dispositifs de lavage des mains au site CECA-20 Makoko 1.,Activite WASH de sensibilisation et dotation de dispositifs de lavage des mains au site CECA-20 Makoko 1.,false,already_exists,,true,D:\Maquette_AFD\Banque des images AFD\Banque Images 2\Sensibilisation et dotation DDLM au site CECA 20 MAKOKO 1,2026-07-07T01:59:48,,true,,de93d1392d2c9293
6514f607-2378-4ea5-8681-70d68d08397e,DSC_1340.jpg,D:\Maquette_AFD\Banque des images AFD\Banque Images 2\Sensibilisation et dotation DDLM au site CECA 20 MAKOKO 1\DSC_1340.jpg,afd_wash_sensibilisation_dotation_lavage_mains_site_ceca_20_makoko_1_024.jpg,D:\Maquette_AFD\Banque des images AFD - Classees\06_wash\afd_wash_sensibilisation_dotation_lavage_mains_site_ceca_20_makoko_1_024.jpg,.jpg,2377974,6016,4016,2ddf52ac5439e5417d36b2969712f66871c74a5ba866abc5d1c26e8b8ea53ee2,false,false,,Sensibilisation et dotation DDLM au site CECA-20 Makoko 1,"Sensibilisation communautaire et dotation de dispositifs de lavage des mains sur un site avec abris, beneficiaires et materiel WASH.",wash,sensibilisation; distribution_humanitaire; protection; enfance,lavage_mains_site_deplaces,sensibilisation_dotation_lavage_mains,,,,,CECA-20 Makoko 1,personnes_deplacees; communautes; enfants,beneficiaires; enfants; femmes; personnel_afd; animateurs,wash; sensibilisation; lavage_des_mains; dotation; ddlm; site_deplaces; abris; kits; activite_communautaire,Logos AFD visibles sur les dispositifs; panneaux de site visibles sur certaines images.,2026-07-07 10:59:55,exif,false,eleve,"Planche-contact verifiee: dispositifs de lavage des mains, demonstration et site avec abris visibles.",wash,afd_wash_sensibilisation_dotation_lavage_mains_site_ceca_20_makoko_1_024,Sensibilisation et dotation de dispositifs de lavage des mains au site CECA-20 Makoko 1.,Activite WASH de sensibilisation et dotation de dispositifs de lavage des mains au site CECA-20 Makoko 1.,false,already_exists,,true,D:\Maquette_AFD\Banque des images AFD\Banque Images 2\Sensibilisation et dotation DDLM au site CECA 20 MAKOKO 1,2026-07-07T01:59:54,,true,,28671c5cf5dcc4c4
27e427be-9d9c-4d65-879a-6930deb0780e,DSC_1351.jpg,D:\Maquette_AFD\Banque des images AFD\Banque Images 2\Sensibilisation et dotation DDLM au site CECA 20 MAKOKO 1\DSC_1351.jpg,afd_wash_sensibilisation_dotation_lavage_mains_site_ceca_20_makoko_1_025.jpg,D:\Maquette_AFD\Banque des images AFD - Classees\06_wash\afd_wash_sensibilisation_dotation_lavage_mains_site_ceca_20_makoko_1_025.jpg,.jpg,2505732,6016,4016,60345fa22b83d047fbd1dcceb62a119697b2b69c31dd49d19684d2e855df1453,false,false,,Sensibilisation et dotation DDLM au site CECA-20 Makoko 1,"Sensibilisation communautaire et dotation de dispositifs de lavage des mains sur un site avec abris, beneficiaires et materiel WASH.",wash,sensibilisation; distribution_humanitaire; protection; enfance,lavage_mains_site_deplaces,sensibilisation_dotation_lavage_mains,,,,,CECA-20 Makoko 1,personnes_deplacees; communautes; enfants,beneficiaires; enfants; femmes; personnel_afd; animateurs,wash; sensibilisation; lavage_des_mains; dotation; ddlm; site_deplaces; abris; kits; activite_communautaire,Logos AFD visibles sur les dispositifs; panneaux de site visibles sur certaines images.,2026-07-07 11:08:20,exif,false,eleve,"Planche-contact verifiee: dispositifs de lavage des mains, demonstration et site avec abris visibles.",wash,afd_wash_sensibilisation_dotation_lavage_mains_site_ceca_20_makoko_1_025,Sensibilisation et dotation de dispositifs de lavage des mains au site CECA-20 Makoko 1.,Activite WASH de sensibilisation et dotation de dispositifs de lavage des mains au site CECA-20 Makoko 1.,false,already_exists,,true,D:\Maquette_AFD\Banque des images AFD\Banque Images 2\Sensibilisation et dotation DDLM au site CECA 20 MAKOKO 1,2026-07-07T02:08:20,,true,,1ac49b73b3dbd72b
8246c5c1-2e7a-4eda-803a-1498a5165ce6,DSC_1817.jpg,D:\Maquette_AFD\Banque des images AFD\Banque Images 2\Sensibilisation lavage des mains aux enfants du SITE CECA 20\DSC_1817.jpg,afd_wash_sensibilisation_lavage_mains_enfants_site_ceca_20_001.jpg,D:\Maquette_AFD\Banque des images AFD - Classees\06_wash\afd_wash_sensibilisation_lavage_mains_enfants_site_ceca_20_001.jpg,.jpg,2003598,6016,4016,1fad503317c45511e8f56940679030631cbb0183c803ebfb2ff6934f24e4f503,false,false,,Sensibilisation au lavage des mains des enfants,Demonstration de lavage des mains avec des enfants autour de dispositifs WASH dans un site avec abris.,wash,enfance; sensibilisation; protection,hygiene_enfants,sensibilisation_lavage_mains_enfants,,,,,CECA-20,enfants; communautes,enfants; femmes; personnel_afd; animateurs,wash; lavage_des_mains; hygiene; enfants; sensibilisation; abris; activite_communautaire,Logos AFD visibles sur les dispositifs de lavage des mains.,2026-07-17 02:01:54,exif,false,eleve,"Planche-contact verifiee: enfants, demonstration d'hygiene et dispositif de lavage des mains.",wash,afd_wash_sensibilisation_lavage_mains_enfants_site_ceca_20_001,Enfants participant a une sensibilisation au lavage des mains au site CECA-20.,Sensibilisation WASH aupres des enfants avec demonstration du lavage des mains.,false,already_exists,,true,D:\Maquette_AFD\Banque des images AFD\Banque Images 2\Sensibilisation lavage des mains aux enfants du SITE CECA 20,2026-07-17T01:01:56,,true,,9c9e880d29a965e4
15e7588a-e92b-4c36-a557-7ffb4d5aca4a,DSC_1818.jpg,D:\Maquette_AFD\Banque des images AFD\Banque Images 2\Sensibilisation lavage des mains aux enfants du SITE CECA 20\DSC_1818.jpg,afd_wash_sensibilisation_lavage_mains_enfants_site_ceca_20_002.jpg,D:\Maquette_AFD\Banque des images AFD - Classees\06_wash\afd_wash_sensibilisation_lavage_mains_enfants_site_ceca_20_002.jpg,.jpg,1666858,6016,4016,b689826d029a6344073453cf1f38da8208c4503690fe2c2e5a54e2ca55f8f775,false,false,,Sensibilisation au lavage des mains des enfants,Demonstration de lavage des mains avec des enfants autour de dispositifs WASH dans un site avec abris.,wash,enfance; sensibilisation; protection,hygiene_enfants,sensibilisation_lavage_mains_enfants,,,,,CECA-20,enfants; communautes,enfants; femmes; personnel_afd; animateurs,wash; lavage_des_mains; hygiene; enfants; sensibilisation; abris; activite_communautaire,Logos AFD visibles sur les dispositifs de lavage des mains.,2026-07-17 02:01:57,exif,false,eleve,"Planche-contact verifiee: enfants, demonstration d'hygiene et dispositif de lavage des mains.",wash,afd_wash_sensibilisation_lavage_mains_enfants_site_ceca_20_002,Enfants participant a une sensibilisation au lavage des mains au site CECA-20.,Sensibilisation WASH aupres des enfants avec demonstration du lavage des mains.,false,already_exists,,true,D:\Maquette_AFD\Banque des images AFD\Banque Images 2\Sensibilisation lavage des mains aux enfants du SITE CECA 20,2026-07-17T01:01:56,,true,,34528726766e2e9b
e4711f47-cc97-485b-9634-08f1757a4d3a,DSC_1819.jpg,D:\Maquette_AFD\Banque des images AFD\Banque Images 2\Sensibilisation lavage des mains aux enfants du SITE CECA 20\DSC_1819.jpg,afd_wash_sensibilisation_lavage_mains_enfants_site_ceca_20_003.jpg,D:\Maquette_AFD\Banque des images AFD - Classees\06_wash\afd_wash_sensibilisation_lavage_mains_enfants_site_ceca_20_003.jpg,.jpg,2329383,6016,4016,1b60032de41ad605e43f8cc6cfd7fd9651da9938aadc816e4ea3fc4704368ff2,false,false,,Sensibilisation au lavage des mains des enfants,Demonstration de lavage des mains avec des enfants autour de dispositifs WASH dans un site avec abris.,wash,enfance; sensibilisation; protection,hygiene_enfants,sensibilisation_lavage_mains_enfants,,,,,CECA-20,enfants; communautes,enfants; femmes; personnel_afd; animateurs,wash; lavage_des_mains; hygiene; enfants; sensibilisation; abris; activite_communautaire,Logos AFD visibles sur les dispositifs de lavage des mains.,2026-07-17 02:02:06,exif,false,eleve,"Planche-contact verifiee: enfants, demonstration d'hygiene et dispositif de lavage des mains.",wash,afd_wash_sensibilisation_lavage_mains_enfants_site_ceca_20_003,Enfants participant a une sensibilisation au lavage des mains au site CECA-20.,Sensibilisation WASH aupres des enfants avec demonstration du lavage des mains.,false,already_exists,,true,D:\Maquette_AFD\Banque des images AFD\Banque Images 2\Sensibilisation lavage des mains aux enfants du SITE CECA 20,2026-07-17T01:02:08,,true,,5d648ed84ac8c083
f9ee3d19-2f06-487b-8170-c86d6517c6cb,DSC_1820.jpg,D:\Maquette_AFD\Banque des images AFD\Banque Images 2\Sensibilisation lavage des mains aux enfants du SITE CECA 20\DSC_1820.jpg,afd_wash_sensibilisation_lavage_mains_enfants_site_ceca_20_004.jpg,D:\Maquette_AFD\Banque des images AFD - Classees\06_wash\afd_wash_sensibilisation_lavage_mains_enfants_site_ceca_20_004.jpg,.jpg,2343000,6016,4016,893274130ed2b354e0a190434fa10fb5bfd155a92cd542a8434933295317a299,false,false,,Sensibilisation au lavage des mains des enfants,Demonstration de lavage des mains avec des enfants autour de dispositifs WASH dans un site avec abris.,wash,enfance; sensibilisation; protection,hygiene_enfants,sensibilisation_lavage_mains_enfants,,,,,CECA-20,enfants; communautes,enfants; femmes; personnel_afd; animateurs,wash; lavage_des_mains; hygiene; enfants; sensibilisation; abris; activite_communautaire,Logos AFD visibles sur les dispositifs de lavage des mains.,2026-07-17 02:02:09,exif,false,eleve,"Planche-contact verifiee: enfants, demonstration d'hygiene et dispositif de lavage des mains.",wash,afd_wash_sensibilisation_lavage_mains_enfants_site_ceca_20_004,Enfants participant a une sensibilisation au lavage des mains au site CECA-20.,Sensibilisation WASH aupres des enfants avec demonstration du lavage des mains.,false,already_exists,,true,D:\Maquette_AFD\Banque des images AFD\Banque Images 2\Sensibilisation lavage des mains aux enfants du SITE CECA 20,2026-07-17T01:02:08,,true,,fc461ed2d4dac087
b4649d6b-ad28-45b9-97b7-eeea0fcaaa27,DSC_1822.jpg,D:\Maquette_AFD\Banque des images AFD\Banque Images 2\Sensibilisation lavage des mains aux enfants du SITE CECA 20\DSC_1822.jpg,afd_wash_sensibilisation_lavage_mains_enfants_site_ceca_20_005.jpg,D:\Maquette_AFD\Banque des images AFD - Classees\06_wash\afd_wash_sensibilisation_lavage_mains_enfants_site_ceca_20_005.jpg,.jpg,2393320,6016,4016,2bd2799ba125c578bbe07036f28757190b738bcf8f78b24e3c1f5d451147cb15,false,false,,Sensibilisation au lavage des mains des enfants,Demonstration de lavage des mains avec des enfants autour de dispositifs WASH dans un site avec abris.,wash,enfance; sensibilisation; protection,hygiene_enfants,sensibilisation_lavage_mains_enfants,,,,,CECA-20,enfants; communautes,enfants; femmes; personnel_afd; animateurs,wash; lavage_des_mains; hygiene; enfants; sensibilisation; abris; activite_communautaire,Logos AFD visibles sur les dispositifs de lavage des mains.,2026-07-17 02:02:18,exif,false,eleve,"Planche-contact verifiee: enfants, demonstration d'hygiene et dispositif de lavage des mains.",wash,afd_wash_sensibilisation_lavage_mains_enfants_site_ceca_20_005,Enfants participant a une sensibilisation au lavage des mains au site CECA-20.,Sensibilisation WASH aupres des enfants avec demonstration du lavage des mains.,false,already_exists,,true,D:\Maquette_AFD\Banque des images AFD\Banque Images 2\Sensibilisation lavage des mains aux enfants du SITE CECA 20,2026-07-17T01:02:20,,true,,696dbdcce4a4e42c
68806571-1a9e-4040-b6ee-fbbb4826edbd,DSC_1823.jpg,D:\Maquette_AFD\Banque des images AFD\Banque Images 2\Sensibilisation lavage des mains aux enfants du SITE CECA 20\DSC_1823.jpg,afd_wash_sensibilisation_lavage_mains_enfants_site_ceca_20_006.jpg,D:\Maquette_AFD\Banque des images AFD - Classees\06_wash\afd_wash_sensibilisation_lavage_mains_enfants_site_ceca_20_006.jpg,.jpg,2503102,6016,4016,dfee1dd2cfda056b190a1eef3dbfbb9647bf39ac49a03b1830e8641117b548f6,false,false,,Sensibilisation au lavage des mains des enfants,Demonstration de lavage des mains avec des enfants autour de dispositifs WASH dans un site avec abris.,wash,enfance; sensibilisation; protection,hygiene_enfants,sensibilisation_lavage_mains_enfants,,,,,CECA-20,enfants; communautes,enfants; femmes; personnel_afd; animateurs,wash; lavage_des_mains; hygiene; enfants; sensibilisation; abris; activite_communautaire,Logos AFD visibles sur les dispositifs de lavage des mains.,2026-07-17 02:02:20,exif,false,eleve,"Planche-contact verifiee: enfants, demonstration d'hygiene et dispositif de lavage des mains.",wash,afd_wash_sensibilisation_lavage_mains_enfants_site_ceca_20_006,Enfants participant a une sensibilisation au lavage des mains au site CECA-20.,Sensibilisation WASH aupres des enfants avec demonstration du lavage des mains.,false,already_exists,,true,D:\Maquette_AFD\Banque des images AFD\Banque Images 2\Sensibilisation lavage des mains aux enfants du SITE CECA 20,2026-07-17T01:02:20,,true,,6c6c17cae424e464
7b4af5fb-8f14-458c-9a4b-c9adcf23130c,DSC_1824.jpg,D:\Maquette_AFD\Banque des images AFD\Banque Images 2\Sensibilisation lavage des mains aux enfants du SITE CECA 20\DSC_1824.jpg,afd_wash_sensibilisation_lavage_mains_enfants_site_ceca_20_007.jpg,D:\Maquette_AFD\Banque des images AFD - Classees\06_wash\afd_wash_sensibilisation_lavage_mains_enfants_site_ceca_20_007.jpg,.jpg,1896863,6016,4016,56657a144af2a4449df9091a035db9380528191c4f409db7ec34f6d5977f2bb3,false,false,,Sensibilisation au lavage des mains des enfants,Demonstration de lavage des mains avec des enfants autour de dispositifs WASH dans un site avec abris.,wash,enfance; sensibilisation; protection,hygiene_enfants,sensibilisation_lavage_mains_enfants,,,,,CECA-20,enfants; communautes,enfants; femmes; personnel_afd; animateurs,wash; lavage_des_mains; hygiene; enfants; sensibilisation; abris; activite_communautaire,Logos AFD visibles sur les dispositifs de lavage des mains.,2026-07-17 02:02:30,exif,false,eleve,"Planche-contact verifiee: enfants, demonstration d'hygiene et dispositif de lavage des mains.",wash,afd_wash_sensibilisation_lavage_mains_enfants_site_ceca_20_007,Enfants participant a une sensibilisation au lavage des mains au site CECA-20.,Sensibilisation WASH aupres des enfants avec demonstration du lavage des mains.,false,already_exists,,true,D:\Maquette_AFD\Banque des images AFD\Banque Images 2\Sensibilisation lavage des mains aux enfants du SITE CECA 20,2026-07-17T01:02:32,,true,,6da799dbc2c2e3c5
b4481f30-1791-4618-b362-60a5ad4edd0d,DSC_1825.jpg,D:\Maquette_AFD\Banque des images AFD\Banque Images 2\Sensibilisation lavage des mains aux enfants du SITE CECA 20\DSC_1825.jpg,afd_wash_sensibilisation_lavage_mains_enfants_site_ceca_20_008.jpg,D:\Maquette_AFD\Banque des images AFD - Classees\06_wash\afd_wash_sensibilisation_lavage_mains_enfants_site_ceca_20_008.jpg,.jpg,2043028,6016,4016,8522d3814f6d4b7b9592d758e9ef2f2b75c41b125552e376e1ebd227ec83b3c8,false,false,,Sensibilisation au lavage des mains des enfants,Demonstration de lavage des mains avec des enfants autour de dispositifs WASH dans un site avec abris.,wash,enfance; sensibilisation; protection,hygiene_enfants,sensibilisation_lavage_mains_enfants,,,,,CECA-20,enfants; communautes,enfants; femmes; personnel_afd; animateurs,wash; lavage_des_mains; hygiene; enfants; sensibilisation; abris; activite_communautaire,Logos AFD visibles sur les dispositifs de lavage des mains.,2026-07-17 02:02:32,exif,false,eleve,"Planche-contact verifiee: enfants, demonstration d'hygiene et dispositif de lavage des mains.",wash,afd_wash_sensibilisation_lavage_mains_enfants_site_ceca_20_008,Enfants participant a une sensibilisation au lavage des mains au site CECA-20.,Sensibilisation WASH aupres des enfants avec demonstration du lavage des mains.,false,already_exists,,true,D:\Maquette_AFD\Banque des images AFD\Banque Images 2\Sensibilisation lavage des mains aux enfants du SITE CECA 20,2026-07-17T01:02:32,,true,,363cfb9b066e6cc4
43e03875-6e4f-4111-afc3-8f36f982cdbc,DSC_1826.jpg,D:\Maquette_AFD\Banque des images AFD\Banque Images 2\Sensibilisation lavage des mains aux enfants du SITE CECA 20\DSC_1826.jpg,afd_wash_sensibilisation_lavage_mains_enfants_site_ceca_20_009.jpg,D:\Maquette_AFD\Banque des images AFD - Classees\06_wash\afd_wash_sensibilisation_lavage_mains_enfants_site_ceca_20_009.jpg,.jpg,2247841,6016,4016,cbe887d7285a4bcdc1323c1fda628849123ad316596d9a01f008e9d106c62865,false,false,,Sensibilisation au lavage des mains des enfants,Demonstration de lavage des mains avec des enfants autour de dispositifs WASH dans un site avec abris.,wash,enfance; sensibilisation; protection,hygiene_enfants,sensibilisation_lavage_mains_enfants,,,,,CECA-20,enfants; communautes,enfants; femmes; personnel_afd; animateurs,wash; lavage_des_mains; hygiene; enfants; sensibilisation; abris; activite_communautaire,Logos AFD visibles sur les dispositifs de lavage des mains.,2026-07-17 02:02:42,exif,false,eleve,"Planche-contact verifiee: enfants, demonstration d'hygiene et dispositif de lavage des mains.",wash,afd_wash_sensibilisation_lavage_mains_enfants_site_ceca_20_009,Enfants participant a une sensibilisation au lavage des mains au site CECA-20.,Sensibilisation WASH aupres des enfants avec demonstration du lavage des mains.,false,already_exists,,true,D:\Maquette_AFD\Banque des images AFD\Banque Images 2\Sensibilisation lavage des mains aux enfants du SITE CECA 20,2026-07-17T01:02:44,,true,,2739395684ace465
2d55d8f7-b38d-46cc-9ce5-42307f72c52e,DSC_1827.jpg,D:\Maquette_AFD\Banque des images AFD\Banque Images 2\Sensibilisation lavage des mains aux enfants du SITE CECA 20\DSC_1827.jpg,afd_wash_sensibilisation_lavage_mains_enfants_site_ceca_20_010.jpg,D:\Maquette_AFD\Banque des images AFD - Classees\06_wash\afd_wash_sensibilisation_lavage_mains_enfants_site_ceca_20_010.jpg,.jpg,1678103,6016,4016,8f85362b59c42da48efcf02cc4897c1ddb0872bd6fce308af4b6f43b9fcc4359,false,false,,Sensibilisation au lavage des mains des enfants,Demonstration de lavage des mains avec des enfants autour de dispositifs WASH dans un site avec abris.,wash,enfance; sensibilisation; protection,hygiene_enfants,sensibilisation_lavage_mains_enfants,,,,,CECA-20,enfants; communautes,enfants; femmes; personnel_afd; animateurs,wash; lavage_des_mains; hygiene; enfants; sensibilisation; abris; activite_communautaire,Logos AFD visibles sur les dispositifs de lavage des mains.,2026-07-17 02:02:44,exif,false,eleve,"Planche-contact verifiee: enfants, demonstration d'hygiene et dispositif de lavage des mains.",wash,afd_wash_sensibilisation_lavage_mains_enfants_site_ceca_20_010,Enfants participant a une sensibilisation au lavage des mains au site CECA-20.,Sensibilisation WASH aupres des enfants avec demonstration du lavage des mains.,false,already_exists,,true,D:\Maquette_AFD\Banque des images AFD\Banque Images 2\Sensibilisation lavage des mains aux enfants du SITE CECA 20,2026-07-17T01:02:44,,true,,4e2a32e3ab521191
ccd8ed80-63fd-4d60-9fc4-935ef45dc6db,DSC_1828.jpg,D:\Maquette_AFD\Banque des images AFD\Banque Images 2\Sensibilisation lavage des mains aux enfants du SITE CECA 20\DSC_1828.jpg,afd_wash_sensibilisation_lavage_mains_enfants_site_ceca_20_011.jpg,D:\Maquette_AFD\Banque des images AFD - Classees\06_wash\afd_wash_sensibilisation_lavage_mains_enfants_site_ceca_20_011.jpg,.jpg,1443823,6016,4016,b6b84a3b9e820938bb8c2d32df98b3c9f4ce202390b4e3e2affca58ddb71a8c7,false,false,,Sensibilisation au lavage des mains des enfants,Demonstration de lavage des mains avec des enfants autour de dispositifs WASH dans un site avec abris.,wash,enfance; sensibilisation; protection,hygiene_enfants,sensibilisation_lavage_mains_enfants,,,,,CECA-20,enfants; communautes,enfants; femmes; personnel_afd; animateurs,wash; lavage_des_mains; hygiene; enfants; sensibilisation; abris; activite_communautaire,Logos AFD visibles sur les dispositifs de lavage des mains.,2026-07-17 02:02:55,exif,false,eleve,"Planche-contact verifiee: enfants, demonstration d'hygiene et dispositif de lavage des mains.",wash,afd_wash_sensibilisation_lavage_mains_enfants_site_ceca_20_011,Enfants participant a une sensibilisation au lavage des mains au site CECA-20.,Sensibilisation WASH aupres des enfants avec demonstration du lavage des mains.,false,already_exists,,true,D:\Maquette_AFD\Banque des images AFD\Banque Images 2\Sensibilisation lavage des mains aux enfants du SITE CECA 20,2026-07-17T01:02:56,,true,,9b9998e2babb3364
729a9f84-7e4d-4433-b394-20aad5affd83,DSC_1829.jpg,D:\Maquette_AFD\Banque des images AFD\Banque Images 2\Sensibilisation lavage des mains aux enfants du SITE CECA 20\DSC_1829.jpg,afd_wash_sensibilisation_lavage_mains_enfants_site_ceca_20_012.jpg,D:\Maquette_AFD\Banque des images AFD - Classees\06_wash\afd_wash_sensibilisation_lavage_mains_enfants_site_ceca_20_012.jpg,.jpg,1800346,6016,4016,100a9caf57117ec57d7cefdcba0d87f9fe006605f51e7dacb396b89baab458e5,false,false,,Sensibilisation au lavage des mains des enfants,Demonstration de lavage des mains avec des enfants autour de dispositifs WASH dans un site avec abris.,wash,enfance; sensibilisation; protection,hygiene_enfants,sensibilisation_lavage_mains_enfants,,,,,CECA-20,enfants; communautes,enfants; femmes; personnel_afd; animateurs,wash; lavage_des_mains; hygiene; enfants; sensibilisation; abris; activite_communautaire,Logos AFD visibles sur les dispositifs de lavage des mains.,2026-07-17 02:02:57,exif,false,eleve,"Planche-contact verifiee: enfants, demonstration d'hygiene et dispositif de lavage des mains.",wash,afd_wash_sensibilisation_lavage_mains_enfants_site_ceca_20_012,Enfants participant a une sensibilisation au lavage des mains au site CECA-20.,Sensibilisation WASH aupres des enfants avec demonstration du lavage des mains.,false,already_exists,,true,D:\Maquette_AFD\Banque des images AFD\Banque Images 2\Sensibilisation lavage des mains aux enfants du SITE CECA 20,2026-07-17T01:02:58,,true,,2a4c2c6268793b46
95ec0b9d-d9f3-4a36-87ce-a791151520ed,DSC_1830.jpg,D:\Maquette_AFD\Banque des images AFD\Banque Images 2\Sensibilisation lavage des mains aux enfants du SITE CECA 20\DSC_1830.jpg,afd_wash_sensibilisation_lavage_mains_enfants_site_ceca_20_013.jpg,D:\Maquette_AFD\Banque des images AFD - Classees\06_wash\afd_wash_sensibilisation_lavage_mains_enfants_site_ceca_20_013.jpg,.jpg,2145653,6016,4016,a824a894518631fcaecb124bf62b423a8dcba1ecffb3f6a8686354931fc2056d,false,false,,Sensibilisation au lavage des mains des enfants,Demonstration de lavage des mains avec des enfants autour de dispositifs WASH dans un site avec abris.,wash,enfance; sensibilisation; protection,hygiene_enfants,sensibilisation_lavage_mains_enfants,,,,,CECA-20,enfants; communautes,enfants; femmes; personnel_afd; animateurs,wash; lavage_des_mains; hygiene; enfants; sensibilisation; abris; activite_communautaire,Logos AFD visibles sur les dispositifs de lavage des mains.,2026-07-17 02:03:07,exif,false,eleve,"Planche-contact verifiee: enfants, demonstration d'hygiene et dispositif de lavage des mains.",wash,afd_wash_sensibilisation_lavage_mains_enfants_site_ceca_20_013,Enfants participant a une sensibilisation au lavage des mains au site CECA-20.,Sensibilisation WASH aupres des enfants avec demonstration du lavage des mains.,false,already_exists,,true,D:\Maquette_AFD\Banque des images AFD\Banque Images 2\Sensibilisation lavage des mains aux enfants du SITE CECA 20,2026-07-17T01:03:08,,true,,a62c2bed85a7b7c7
33fd7c06-8540-4336-a3bb-a82df71203ed,DSC_1831.jpg,D:\Maquette_AFD\Banque des images AFD\Banque Images 2\Sensibilisation lavage des mains aux enfants du SITE CECA 20\DSC_1831.jpg,afd_wash_sensibilisation_lavage_mains_enfants_site_ceca_20_014.jpg,D:\Maquette_AFD\Banque des images AFD - Classees\06_wash\afd_wash_sensibilisation_lavage_mains_enfants_site_ceca_20_014.jpg,.jpg,2130898,6016,4016,861e18541b31166bcfa9ef10c83e9134c92447c31d45c5b20e77638356db9a8c,false,false,,Sensibilisation au lavage des mains des enfants,Demonstration de lavage des mains avec des enfants autour de dispositifs WASH dans un site avec abris.,wash,enfance; sensibilisation; protection,hygiene_enfants,sensibilisation_lavage_mains_enfants,,,,,CECA-20,enfants; communautes,enfants; femmes; personnel_afd; animateurs,wash; lavage_des_mains; hygiene; enfants; sensibilisation; abris; activite_communautaire,Logos AFD visibles sur les dispositifs de lavage des mains.,2026-07-17 02:03:09,exif,false,eleve,"Planche-contact verifiee: enfants, demonstration d'hygiene et dispositif de lavage des mains.",wash,afd_wash_sensibilisation_lavage_mains_enfants_site_ceca_20_014,Enfants participant a une sensibilisation au lavage des mains au site CECA-20.,Sensibilisation WASH aupres des enfants avec demonstration du lavage des mains.,false,already_exists,,true,D:\Maquette_AFD\Banque des images AFD\Banque Images 2\Sensibilisation lavage des mains aux enfants du SITE CECA 20,2026-07-17T01:03:10,,true,,b6b4b5f5c5d3d7c7
da014b02-3dca-4e56-8ae1-5cd24ca7c36c,DSC_1832.jpg,D:\Maquette_AFD\Banque des images AFD\Banque Images 2\Sensibilisation lavage des mains aux enfants du SITE CECA 20\DSC_1832.jpg,afd_wash_sensibilisation_lavage_mains_enfants_site_ceca_20_015.jpg,D:\Maquette_AFD\Banque des images AFD - Classees\06_wash\afd_wash_sensibilisation_lavage_mains_enfants_site_ceca_20_015.jpg,.jpg,1619978,6016,4016,130ee2a990b82e846df0dcf853d47bd23a1a17393da8362beb43d90706d60f8b,true,true,exact_0001,Sensibilisation au lavage des mains des enfants,Demonstration de lavage des mains avec des enfants autour de dispositifs WASH dans un site avec abris.,wash,enfance; sensibilisation; protection,hygiene_enfants,sensibilisation_lavage_mains_enfants,,,,,CECA-20,enfants; communautes,enfants; femmes; personnel_afd; animateurs,wash; lavage_des_mains; hygiene; enfants; sensibilisation; abris; activite_communautaire,Logos AFD visibles sur les dispositifs de lavage des mains.,2026-07-17 02:03:20,exif,false,eleve,"Planche-contact verifiee: enfants, demonstration d'hygiene et dispositif de lavage des mains.",wash,afd_wash_sensibilisation_lavage_mains_enfants_site_ceca_20_015,Enfants participant a une sensibilisation au lavage des mains au site CECA-20.,Sensibilisation WASH aupres des enfants avec demonstration du lavage des mains.,false,already_exists,,false,D:\Maquette_AFD\Banque des images AFD\Banque Images 2\Sensibilisation lavage des mains aux enfants du SITE CECA 20,2026-07-17T01:03:20,,true,,48686c24a834341c
6dabc509-16d4-4ffe-bb3d-31f04230ce16,DSC_1833.jpg,D:\Maquette_AFD\Banque des images AFD\Banque Images 2\Sensibilisation lavage des mains aux enfants du SITE CECA 20\DSC_1833.jpg,afd_wash_sensibilisation_lavage_mains_enfants_site_ceca_20_016.jpg,D:\Maquette_AFD\Banque des images AFD - Classees\06_wash\afd_wash_sensibilisation_lavage_mains_enfants_site_ceca_20_016.jpg,.jpg,2290881,6016,4016,5f79f3bb5ea9b06db8fca028bbcdf37ceb4a7450784676ebb3520b21575c6eee,false,false,,Sensibilisation au lavage des mains des enfants,Demonstration de lavage des mains avec des enfants autour de dispositifs WASH dans un site avec abris.,wash,enfance; sensibilisation; protection,hygiene_enfants,sensibilisation_lavage_mains_enfants,,,,,CECA-20,enfants; communautes,enfants; femmes; personnel_afd; animateurs,wash; lavage_des_mains; hygiene; enfants; sensibilisation; abris; activite_communautaire,Logos AFD visibles sur les dispositifs de lavage des mains.,2026-07-17 02:03:22,exif,false,eleve,"Planche-contact verifiee: enfants, demonstration d'hygiene et dispositif de lavage des mains.",wash,afd_wash_sensibilisation_lavage_mains_enfants_site_ceca_20_016,Enfants participant a une sensibilisation au lavage des mains au site CECA-20.,Sensibilisation WASH aupres des enfants avec demonstration du lavage des mains.,false,already_exists,,true,D:\Maquette_AFD\Banque des images AFD\Banque Images 2\Sensibilisation lavage des mains aux enfants du SITE CECA 20,2026-07-17T01:03:22,,true,,3624939594d1c58c
9ba699ce-5796-4140-9f11-0b73a761348b,DSC_1399.jpg,D:\Maquette_AFD\Banque des images AFD\Banque Images 2\Sensiilisation CPN SALAMA\DSC_1399.jpg,afd_sante_sensibilisation_cpn_salama_001.jpg,D:\Maquette_AFD\Banque des images AFD - Classees\01_sante\afd_sante_sensibilisation_cpn_salama_001.jpg,.jpg,2538769,6016,4016,0c7599f3dfd5bcd1c33cca5414b21c49a4b70da9807622492063c20e04733548,false,false,,Sensibilisation CPN SALAMA,"Sensibilisation en sante autour de la consultation prenatale, organisee devant un centre avec groupe de femmes et personnel.",sante,sensibilisation; protection,consultation_prenatale,sensibilisation_cpn,SALAMA,,,,,femmes; communautes,femmes; personnel_sante; personnel_afd; animateurs,sante; sensibilisation; cpn; femmes; centre_sante; sante_maternelle; ebola,Stop Ebola visible sur certains vetements; centre de sante visible.,2026-07-08 12:48:01,exif,false,eleve,"Planche-contact verifiee: groupe de femmes, personnel et sensibilisation en contexte de sante.",sante,afd_sante_sensibilisation_cpn_salama_001,Sensibilisation CPN du projet SALAMA aupres de femmes reunies devant un centre.,Sensibilisation autour de la consultation prenatale dans le cadre du projet SALAMA.,false,already_exists,,true,D:\Maquette_AFD\Banque des images AFD\Banque Images 2\Sensiilisation CPN SALAMA,2026-07-08T03:48:02,,true,,0fdf21b2e6cecf4b
b2d1e5c8-e724-453f-8b37-68241346ccaf,DSC_1400.jpg,D:\Maquette_AFD\Banque des images AFD\Banque Images 2\Sensiilisation CPN SALAMA\DSC_1400.jpg,afd_sante_sensibilisation_cpn_salama_002.jpg,D:\Maquette_AFD\Banque des images AFD - Classees\01_sante\afd_sante_sensibilisation_cpn_salama_002.jpg,.jpg,2530616,6016,4016,00a97e3f6e5268cef66f61c3a79db15da6975046435ce85a9a4c70d70c10fd38,false,false,,Sensibilisation CPN SALAMA,"Sensibilisation en sante autour de la consultation prenatale, organisee devant un centre avec groupe de femmes et personnel.",sante,sensibilisation; protection,consultation_prenatale,sensibilisation_cpn,SALAMA,,,,,femmes; communautes,femmes; personnel_sante; personnel_afd; animateurs,sante; sensibilisation; cpn; femmes; centre_sante; sante_maternelle; ebola,Stop Ebola visible sur certains vetements; centre de sante visible.,2026-07-08 12:48:01,exif,false,eleve,"Planche-contact verifiee: groupe de femmes, personnel et sensibilisation en contexte de sante.",sante,afd_sante_sensibilisation_cpn_salama_002,Sensibilisation CPN du projet SALAMA aupres de femmes reunies devant un centre.,Sensibilisation autour de la consultation prenatale dans le cadre du projet SALAMA.,false,already_exists,,true,D:\Maquette_AFD\Banque des images AFD\Banque Images 2\Sensiilisation CPN SALAMA,2026-07-08T03:48:02,,true,,0f9a6a32f18e9687
91c8bdc3-f71a-4eec-ba19-5b54fe6c5842,DSC_1401.jpg,D:\Maquette_AFD\Banque des images AFD\Banque Images 2\Sensiilisation CPN SALAMA\DSC_1401.jpg,afd_sante_sensibilisation_cpn_salama_003.jpg,D:\Maquette_AFD\Banque des images AFD - Classees\01_sante\afd_sante_sensibilisation_cpn_salama_003.jpg,.jpg,2483098,6016,4016,07271538501537cb4d0c55a33c5d26835dc12d41ca8262fa20a7d2b606ce7a47,false,false,,Sensibilisation CPN SALAMA,"Sensibilisation en sante autour de la consultation prenatale, organisee devant un centre avec groupe de femmes et personnel.",sante,sensibilisation; protection,consultation_prenatale,sensibilisation_cpn,SALAMA,,,,,femmes; communautes,femmes; personnel_sante; personnel_afd; animateurs,sante; sensibilisation; cpn; femmes; centre_sante; sante_maternelle; ebola,Stop Ebola visible sur certains vetements; centre de sante visible.,2026-07-08 12:48:13,exif,false,eleve,"Planche-contact verifiee: groupe de femmes, personnel et sensibilisation en contexte de sante.",sante,afd_sante_sensibilisation_cpn_salama_003,Sensibilisation CPN du projet SALAMA aupres de femmes reunies devant un centre.,Sensibilisation autour de la consultation prenatale dans le cadre du projet SALAMA.,false,already_exists,,true,D:\Maquette_AFD\Banque des images AFD\Banque Images 2\Sensiilisation CPN SALAMA,2026-07-08T03:48:12,,true,,3c38095d78a0bc9e
dd70a245-5675-43b3-990c-3cabb0a94a62,DSC_1403.jpg,D:\Maquette_AFD\Banque des images AFD\Banque Images 2\Sensiilisation CPN SALAMA\DSC_1403.jpg,afd_sante_sensibilisation_cpn_salama_004.jpg,D:\Maquette_AFD\Banque des images AFD - Classees\01_sante\afd_sante_sensibilisation_cpn_salama_004.jpg,.jpg,2752979,6016,4016,b6d5553a20d232031379fe0c73524bd7c575c61b53969c760d84144454fae891,false,false,,Sensibilisation CPN SALAMA,"Sensibilisation en sante autour de la consultation prenatale, organisee devant un centre avec groupe de femmes et personnel.",sante,sensibilisation; protection,consultation_prenatale,sensibilisation_cpn,SALAMA,,,,,femmes; communautes,femmes; personnel_sante; personnel_afd; animateurs,sante; sensibilisation; cpn; femmes; centre_sante; sante_maternelle; ebola,Stop Ebola visible sur certains vetements; centre de sante visible.,2026-07-08 12:48:13,exif,false,eleve,"Planche-contact verifiee: groupe de femmes, personnel et sensibilisation en contexte de sante.",sante,afd_sante_sensibilisation_cpn_salama_004,Sensibilisation CPN du projet SALAMA aupres de femmes reunies devant un centre.,Sensibilisation autour de la consultation prenatale dans le cadre du projet SALAMA.,false,already_exists,,true,D:\Maquette_AFD\Banque des images AFD\Banque Images 2\Sensiilisation CPN SALAMA,2026-07-08T03:48:14,,true,,e7bbabaa6aaccacb
2eb8764b-c285-4fd3-af1e-475cc88e13f1,DSC_1404.jpg,D:\Maquette_AFD\Banque des images AFD\Banque Images 2\Sensiilisation CPN SALAMA\DSC_1404.jpg,afd_sante_sensibilisation_cpn_salama_005.jpg,D:\Maquette_AFD\Banque des images AFD - Classees\01_sante\afd_sante_sensibilisation_cpn_salama_005.jpg,.jpg,2385863,6016,4016,07c706866b11846d4195e2f7dade2cb45d294139fe250b06c4ca9831eabcaae1,false,false,,Sensibilisation CPN SALAMA,"Sensibilisation en sante autour de la consultation prenatale, organisee devant un centre avec groupe de femmes et personnel.",sante,sensibilisation; protection,consultation_prenatale,sensibilisation_cpn,SALAMA,,,,,femmes; communautes,femmes; personnel_sante; personnel_afd; animateurs,sante; sensibilisation; cpn; femmes; centre_sante; sante_maternelle; ebola,Stop Ebola visible sur certains vetements; centre de sante visible.,2026-07-08 12:48:24,exif,false,eleve,"Planche-contact verifiee: groupe de femmes, personnel et sensibilisation en contexte de sante.",sante,afd_sante_sensibilisation_cpn_salama_005,Sensibilisation CPN du projet SALAMA aupres de femmes reunies devant un centre.,Sensibilisation autour de la consultation prenatale dans le cadre du projet SALAMA.,false,already_exists,,true,D:\Maquette_AFD\Banque des images AFD\Banque Images 2\Sensiilisation CPN SALAMA,2026-07-08T03:48:24,,true,,999999d1b6bc3d4f
7d4e7aa8-1360-4b6e-8065-cfec9c703c18,DSC_1405.jpg,D:\Maquette_AFD\Banque des images AFD\Banque Images 2\Sensiilisation CPN SALAMA\DSC_1405.jpg,afd_sante_sensibilisation_cpn_salama_006.jpg,D:\Maquette_AFD\Banque des images AFD - Classees\01_sante\afd_sante_sensibilisation_cpn_salama_006.jpg,.jpg,2608051,6016,4016,917c7bca373aa2d23c596dd6a51d321d06e3f0f2935f7221e1fe16798bfbb9b0,false,false,,Sensibilisation CPN SALAMA,"Sensibilisation en sante autour de la consultation prenatale, organisee devant un centre avec groupe de femmes et personnel.",sante,sensibilisation; protection,consultation_prenatale,sensibilisation_cpn,SALAMA,,,,,femmes; communautes,femmes; personnel_sante; personnel_afd; animateurs,sante; sensibilisation; cpn; femmes; centre_sante; sante_maternelle; ebola,Stop Ebola visible sur certains vetements; centre de sante visible.,2026-07-08 12:48:24,exif,false,eleve,"Planche-contact verifiee: groupe de femmes, personnel et sensibilisation en contexte de sante.",sante,afd_sante_sensibilisation_cpn_salama_006,Sensibilisation CPN du projet SALAMA aupres de femmes reunies devant un centre.,Sensibilisation autour de la consultation prenatale dans le cadre du projet SALAMA.,false,already_exists,,true,D:\Maquette_AFD\Banque des images AFD\Banque Images 2\Sensiilisation CPN SALAMA,2026-07-08T03:48:24,,true,,1937c9c923f567c7
6c57dcb8-5dd7-400c-b0d5-51d96a77c6c4,DSC_1406.jpg,D:\Maquette_AFD\Banque des images AFD\Banque Images 2\Sensiilisation CPN SALAMA\DSC_1406.jpg,afd_sante_sensibilisation_cpn_salama_007.jpg,D:\Maquette_AFD\Banque des images AFD - Classees\01_sante\afd_sante_sensibilisation_cpn_salama_007.jpg,.jpg,1737971,6016,4016,2069ba6650db245fd4adcd721cd3ce97bf997c12e2e79cedd3347442ef3f4579,false,false,,Sensibilisation CPN SALAMA,"Sensibilisation en sante autour de la consultation prenatale, organisee devant un centre avec groupe de femmes et personnel.",sante,sensibilisation; protection,consultation_prenatale,sensibilisation_cpn,SALAMA,,,,,femmes; communautes,femmes; personnel_sante; personnel_afd; animateurs,sante; sensibilisation; cpn; femmes; centre_sante; sante_maternelle; ebola,Stop Ebola visible sur certains vetements; centre de sante visible.,2026-07-08 12:48:35,exif,false,eleve,"Planche-contact verifiee: groupe de femmes, personnel et sensibilisation en contexte de sante.",sante,afd_sante_sensibilisation_cpn_salama_007,Sensibilisation CPN du projet SALAMA aupres de femmes reunies devant un centre.,Sensibilisation autour de la consultation prenatale dans le cadre du projet SALAMA.,false,already_exists,,true,D:\Maquette_AFD\Banque des images AFD\Banque Images 2\Sensiilisation CPN SALAMA,2026-07-08T03:48:36,,true,,ed6d6d678a5a1a98
196e90b3-b5b6-4cd0-b199-4210f872c92a,DSC_1407.jpg,D:\Maquette_AFD\Banque des images AFD\Banque Images 2\Sensiilisation CPN SALAMA\DSC_1407.jpg,afd_sante_sensibilisation_cpn_salama_008.jpg,D:\Maquette_AFD\Banque des images AFD - Classees\01_sante\afd_sante_sensibilisation_cpn_salama_008.jpg,.jpg,2029231,6016,4016,2114d918e463368e683ebf8f8dbfd45f75a84216c4ebdd87870098bdc7316700,false,false,,Sensibilisation CPN SALAMA,"Sensibilisation en sante autour de la consultation prenatale, organisee devant un centre avec groupe de femmes et personnel.",sante,sensibilisation; protection,consultation_prenatale,sensibilisation_cpn,SALAMA,,,,,femmes; communautes,femmes; personnel_sante; personnel_afd; animateurs,sante; sensibilisation; cpn; femmes; centre_sante; sante_maternelle; ebola,Stop Ebola visible sur certains vetements; centre de sante visible.,2026-07-08 12:48:36,exif,false,eleve,"Planche-contact verifiee: groupe de femmes, personnel et sensibilisation en contexte de sante.",sante,afd_sante_sensibilisation_cpn_salama_008,Sensibilisation CPN du projet SALAMA aupres de femmes reunies devant un centre.,Sensibilisation autour de la consultation prenatale dans le cadre du projet SALAMA.,false,already_exists,,true,D:\Maquette_AFD\Banque des images AFD\Banque Images 2\Sensiilisation CPN SALAMA,2026-07-08T03:48:36,,true,,2626c6861999362f
a0575eec-36f9-450f-9b16-c0ff3c9eece3,DSC_1408.jpg,D:\Maquette_AFD\Banque des images AFD\Banque Images 2\Sensiilisation CPN SALAMA\DSC_1408.jpg,afd_sante_sensibilisation_cpn_salama_009.jpg,D:\Maquette_AFD\Banque des images AFD - Classees\01_sante\afd_sante_sensibilisation_cpn_salama_009.jpg,.jpg,2657784,6016,4016,891474702363042a72d3e0dff1f01198182554c48f71eeb5be468ff88e1a7968,false,false,,Sensibilisation CPN SALAMA,"Sensibilisation en sante autour de la consultation prenatale, organisee devant un centre avec groupe de femmes et personnel.",sante,sensibilisation; protection,consultation_prenatale,sensibilisation_cpn,SALAMA,,,,,femmes; communautes,femmes; personnel_sante; personnel_afd; animateurs,sante; sensibilisation; cpn; femmes; centre_sante; sante_maternelle; ebola,Stop Ebola visible sur certains vetements; centre de sante visible.,2026-07-08 12:48:46,exif,false,eleve,"Planche-contact verifiee: groupe de femmes, personnel et sensibilisation en contexte de sante.",sante,afd_sante_sensibilisation_cpn_salama_009,Sensibilisation CPN du projet SALAMA aupres de femmes reunies devant un centre.,Sensibilisation autour de la consultation prenatale dans le cadre du projet SALAMA.,false,already_exists,,true,D:\Maquette_AFD\Banque des images AFD\Banque Images 2\Sensiilisation CPN SALAMA,2026-07-08T03:48:46,,true,,0b1597976c1ac22b
c2aa8301-ff60-40a3-bed8-80e3198e681c,DSC_1409.jpg,D:\Maquette_AFD\Banque des images AFD\Banque Images 2\Sensiilisation CPN SALAMA\DSC_1409.jpg,afd_sante_sensibilisation_cpn_salama_010.jpg,D:\Maquette_AFD\Banque des images AFD - Classees\01_sante\afd_sante_sensibilisation_cpn_salama_010.jpg,.jpg,2264060,6016,4016,6d65fd3d30fcce92fe917a220b3f58c5665a85afcbff521347d1bae27ba174b1,false,false,,Sensibilisation CPN SALAMA,"Sensibilisation en sante autour de la consultation prenatale, organisee devant un centre avec groupe de femmes et personnel.",sante,sensibilisation; protection,consultation_prenatale,sensibilisation_cpn,SALAMA,,,,,femmes; communautes,femmes; personnel_sante; personnel_afd; animateurs,sante; sensibilisation; cpn; femmes; centre_sante; sante_maternelle; ebola,Stop Ebola visible sur certains vetements; centre de sante visible.,2026-07-08 12:48:47,exif,false,eleve,"Planche-contact verifiee: groupe de femmes, personnel et sensibilisation en contexte de sante.",sante,afd_sante_sensibilisation_cpn_salama_010,Sensibilisation CPN du projet SALAMA aupres de femmes reunies devant un centre.,Sensibilisation autour de la consultation prenatale dans le cadre du projet SALAMA.,false,already_exists,,true,D:\Maquette_AFD\Banque des images AFD\Banque Images 2\Sensiilisation CPN SALAMA,2026-07-08T03:48:48,,true,,25ada9b9cd493b28
a5e366d7-5c79-43da-b9b4-4ee04cfb9eab,DSC_1410.jpg,D:\Maquette_AFD\Banque des images AFD\Banque Images 2\Sensiilisation CPN SALAMA\DSC_1410.jpg,afd_sante_sensibilisation_cpn_salama_011.jpg,D:\Maquette_AFD\Banque des images AFD - Classees\01_sante\afd_sante_sensibilisation_cpn_salama_011.jpg,.jpg,1952526,6016,4016,4d16c6383aee4f450adfa00a473522906014300bdfa43fb51c80ef9f83c4db1d,false,false,,Sensibilisation CPN SALAMA,"Sensibilisation en sante autour de la consultation prenatale, organisee devant un centre avec groupe de femmes et personnel.",sante,sensibilisation; protection,consultation_prenatale,sensibilisation_cpn,SALAMA,,,,,femmes; communautes,femmes; personnel_sante; personnel_afd; animateurs,sante; sensibilisation; cpn; femmes; centre_sante; sante_maternelle; ebola,Stop Ebola visible sur certains vetements; centre de sante visible.,2026-07-08 12:48:57,exif,false,eleve,"Planche-contact verifiee: groupe de femmes, personnel et sensibilisation en contexte de sante.",sante,afd_sante_sensibilisation_cpn_salama_011,Sensibilisation CPN du projet SALAMA aupres de femmes reunies devant un centre.,Sensibilisation autour de la consultation prenatale dans le cadre du projet SALAMA.,false,already_exists,,true,D:\Maquette_AFD\Banque des images AFD\Banque Images 2\Sensiilisation CPN SALAMA,2026-07-08T03:48:58,,true,,92b2b2b2b636a696
4e0c7ecc-8600-4be6-a78b-ae43b5a34bc4,DSC_1411.jpg,D:\Maquette_AFD\Banque des images AFD\Banque Images 2\Sensiilisation CPN SALAMA\DSC_1411.jpg,afd_sante_sensibilisation_cpn_salama_012.jpg,D:\Maquette_AFD\Banque des images AFD - Classees\01_sante\afd_sante_sensibilisation_cpn_salama_012.jpg,.jpg,2760518,6016,4016,c0e5ffbd5d2d6bdd8627351c2c4473295fde0b2d1c675fa99fee4bedbdbf9238,false,false,,Sensibilisation CPN SALAMA,"Sensibilisation en sante autour de la consultation prenatale, organisee devant un centre avec groupe de femmes et personnel.",sante,sensibilisation; protection,consultation_prenatale,sensibilisation_cpn,SALAMA,,,,,femmes; communautes,femmes; personnel_sante; personnel_afd; animateurs,sante; sensibilisation; cpn; femmes; centre_sante; sante_maternelle; ebola,Stop Ebola visible sur certains vetements; centre de sante visible.,2026-07-08 12:48:59,exif,false,eleve,"Planche-contact verifiee: groupe de femmes, personnel et sensibilisation en contexte de sante.",sante,afd_sante_sensibilisation_cpn_salama_012,Sensibilisation CPN du projet SALAMA aupres de femmes reunies devant un centre.,Sensibilisation autour de la consultation prenatale dans le cadre du projet SALAMA.,false,already_exists,,true,D:\Maquette_AFD\Banque des images AFD\Banque Images 2\Sensiilisation CPN SALAMA,2026-07-08T03:48:58,,true,,1f1a6a2232cecf85
ed13f635-8ca4-48a6-b122-cfcdab9f2ba3,DSC_1412.jpg,D:\Maquette_AFD\Banque des images AFD\Banque Images 2\Sensiilisation CPN SALAMA\DSC_1412.jpg,afd_sante_sensibilisation_cpn_salama_013.jpg,D:\Maquette_AFD\Banque des images AFD - Classees\01_sante\afd_sante_sensibilisation_cpn_salama_013.jpg,.jpg,2683181,6016,4016,2ca5a675240cb5fcdf2413d704c916644b1384167eeb7ced398202bdbeb8494a,false,false,,Sensibilisation CPN SALAMA,"Sensibilisation en sante autour de la consultation prenatale, organisee devant un centre avec groupe de femmes et personnel.",sante,sensibilisation; protection,consultation_prenatale,sensibilisation_cpn,SALAMA,,,,,femmes; communautes,femmes; personnel_sante; personnel_afd; animateurs,sante; sensibilisation; cpn; femmes; centre_sante; sante_maternelle; ebola,Stop Ebola visible sur certains vetements; centre de sante visible.,2026-07-08 12:49:07,exif,false,eleve,"Planche-contact verifiee: groupe de femmes, personnel et sensibilisation en contexte de sante.",sante,afd_sante_sensibilisation_cpn_salama_013,Sensibilisation CPN du projet SALAMA aupres de femmes reunies devant un centre.,Sensibilisation autour de la consultation prenatale dans le cadre du projet SALAMA.,false,already_exists,,true,D:\Maquette_AFD\Banque des images AFD\Banque Images 2\Sensiilisation CPN SALAMA,2026-07-08T03:49:08,,true,,ce7a929916c78b8b
c9bc7e7b-e169-4c45-a7ac-317c4c809d03,DSC_1807.jpg,D:\Maquette_AFD\Banque des images AFD\Banque Images 2\Sensiilisation CPN SALAMA\DSC_1807.jpg,afd_sante_sensibilisation_cpn_salama_014.jpg,D:\Maquette_AFD\Banque des images AFD - Classees\01_sante\afd_sante_sensibilisation_cpn_salama_014.jpg,.jpg,2601402,6016,4016,132a9833ac21e178a7cd38753fdcdeb0012eb0ca06b16b8065d2fe50e000d15a,false,false,,Sensibilisation CPN SALAMA,"Sensibilisation en sante autour de la consultation prenatale, organisee devant un centre avec groupe de femmes et personnel.",sante,sensibilisation; protection,consultation_prenatale,sensibilisation_cpn,SALAMA,,,,,femmes; communautes,femmes; personnel_sante; personnel_afd; animateurs,sante; sensibilisation; cpn; femmes; centre_sante; sante_maternelle; ebola,Stop Ebola visible sur certains vetements; centre de sante visible.,2026-07-17 02:01:19,exif,false,eleve,"Planche-contact verifiee: groupe de femmes, personnel et sensibilisation en contexte de sante.",sante,afd_sante_sensibilisation_cpn_salama_014,Sensibilisation CPN du projet SALAMA aupres de femmes reunies devant un centre.,Sensibilisation autour de la consultation prenatale dans le cadre du projet SALAMA.,false,already_exists,,true,D:\Maquette_AFD\Banque des images AFD\Banque Images 2\Sensiilisation CPN SALAMA,2026-07-17T01:01:20,,true,,1fde6464ca1f2d8d
a37d8f06-d563-49c3-ad2a-22e9df1de6b7,DSC_1808.jpg,D:\Maquette_AFD\Banque des images AFD\Banque Images 2\Sensiilisation CPN SALAMA\DSC_1808.jpg,afd_sante_sensibilisation_cpn_salama_015.jpg,D:\Maquette_AFD\Banque des images AFD - Classees\01_sante\afd_sante_sensibilisation_cpn_salama_015.jpg,.jpg,2592604,6016,4016,c7a3ef171aaea433813cdaad4cdc98dc42cd2089ef13e38b85fa43d1ba90db71,false,false,,Sensibilisation CPN SALAMA,"Sensibilisation en sante autour de la consultation prenatale, organisee devant un centre avec groupe de femmes et personnel.",sante,sensibilisation; protection,consultation_prenatale,sensibilisation_cpn,SALAMA,,,,,femmes; communautes,femmes; personnel_sante; personnel_afd; animateurs,sante; sensibilisation; cpn; femmes; centre_sante; sante_maternelle; ebola,Stop Ebola visible sur certains vetements; centre de sante visible.,2026-07-17 02:01:31,exif,false,eleve,"Planche-contact verifiee: groupe de femmes, personnel et sensibilisation en contexte de sante.",sante,afd_sante_sensibilisation_cpn_salama_015,Sensibilisation CPN du projet SALAMA aupres de femmes reunies devant un centre.,Sensibilisation autour de la consultation prenatale dans le cadre du projet SALAMA.,false,already_exists,,true,D:\Maquette_AFD\Banque des images AFD\Banque Images 2\Sensiilisation CPN SALAMA,2026-07-17T01:01:32,,true,,67fd1515b66d5f25
a6562daa-2718-4bd4-94aa-956e29e10eaf,DSC_1810.jpg,D:\Maquette_AFD\Banque des images AFD\Banque Images 2\Sensiilisation CPN SALAMA\DSC_1810.jpg,afd_sante_sensibilisation_cpn_salama_016.jpg,D:\Maquette_AFD\Banque des images AFD - Classees\01_sante\afd_sante_sensibilisation_cpn_salama_016.jpg,.jpg,2961947,6016,4016,5f1d35bd8278903454650c192b7399c6a832be171d453fb10c4ceed32b145fdb,false,false,,Sensibilisation CPN SALAMA,"Sensibilisation en sante autour de la consultation prenatale, organisee devant un centre avec groupe de femmes et personnel.",sante,sensibilisation; protection,consultation_prenatale,sensibilisation_cpn,SALAMA,,,,,femmes; communautes,femmes; personnel_sante; personnel_afd; animateurs,sante; sensibilisation; cpn; femmes; centre_sante; sante_maternelle; ebola,Stop Ebola visible sur certains vetements; centre de sante visible.,2026-07-17 02:01:32,exif,false,eleve,"Planche-contact verifiee: groupe de femmes, personnel et sensibilisation en contexte de sante.",sante,afd_sante_sensibilisation_cpn_salama_016,Sensibilisation CPN du projet SALAMA aupres de femmes reunies devant un centre.,Sensibilisation autour de la consultation prenatale dans le cadre du projet SALAMA.,false,already_exists,,true,D:\Maquette_AFD\Banque des images AFD\Banque Images 2\Sensiilisation CPN SALAMA,2026-07-17T01:01:32,,true,,e9293a376763cbdb
d8b514da-7eb2-4e7d-9a6d-10e0a693fb9b,DSC_1812.jpg,D:\Maquette_AFD\Banque des images AFD\Banque Images 2\Sensiilisation CPN SALAMA\DSC_1812.jpg,afd_sante_sensibilisation_cpn_salama_017.jpg,D:\Maquette_AFD\Banque des images AFD - Classees\01_sante\afd_sante_sensibilisation_cpn_salama_017.jpg,.jpg,2989495,6016,4016,639895df3eeea5bfafb18e97fdc7a8f3695b344404a5197ba75352ab3b0dde02,false,false,,Sensibilisation CPN SALAMA,"Sensibilisation en sante autour de la consultation prenatale, organisee devant un centre avec groupe de femmes et personnel.",sante,sensibilisation; protection,consultation_prenatale,sensibilisation_cpn,SALAMA,,,,,femmes; communautes,femmes; personnel_sante; personnel_afd; animateurs,sante; sensibilisation; cpn; femmes; centre_sante; sante_maternelle; ebola,Stop Ebola visible sur certains vetements; centre de sante visible.,2026-07-17 02:01:43,exif,false,eleve,"Planche-contact verifiee: groupe de femmes, personnel et sensibilisation en contexte de sante.",sante,afd_sante_sensibilisation_cpn_salama_017,Sensibilisation CPN du projet SALAMA aupres de femmes reunies devant un centre.,Sensibilisation autour de la consultation prenatale dans le cadre du projet SALAMA.,false,already_exists,,true,D:\Maquette_AFD\Banque des images AFD\Banque Images 2\Sensiilisation CPN SALAMA,2026-07-17T01:01:44,,true,,1fbf4949891e0781
eab41597-ccc8-474b-aafe-9ce25a6fa2b6,DSC_1813.jpg,D:\Maquette_AFD\Banque des images AFD\Banque Images 2\Sensiilisation CPN SALAMA\DSC_1813.jpg,afd_sante_sensibilisation_cpn_salama_018.jpg,D:\Maquette_AFD\Banque des images AFD - Classees\01_sante\afd_sante_sensibilisation_cpn_salama_018.jpg,.jpg,2974389,6016,4016,214603511c2cf0cccdf8c5345d852e594700fb6a2665efab7898342e09564d07,false,false,,Sensibilisation CPN SALAMA,"Sensibilisation en sante autour de la consultation prenatale, organisee devant un centre avec groupe de femmes et personnel.",sante,sensibilisation; protection,consultation_prenatale,sensibilisation_cpn,SALAMA,,,,,femmes; communautes,femmes; personnel_sante; personnel_afd; animateurs,sante; sensibilisation; cpn; femmes; centre_sante; sante_maternelle; ebola,Stop Ebola visible sur certains vetements; centre de sante visible.,2026-07-17 02:01:45,exif,false,eleve,"Planche-contact verifiee: groupe de femmes, personnel et sensibilisation en contexte de sante.",sante,afd_sante_sensibilisation_cpn_salama_018,Sensibilisation CPN du projet SALAMA aupres de femmes reunies devant un centre.,Sensibilisation autour de la consultation prenatale dans le cadre du projet SALAMA.,false,already_exists,,true,D:\Maquette_AFD\Banque des images AFD\Banque Images 2\Sensiilisation CPN SALAMA,2026-07-17T01:01:46,,true,,978f71b7cd0d070f
5369e7e2-0c74-4df7-8082-c8a3e8d36967,DSC_1357.jpg,D:\Maquette_AFD\Banque des images AFD\Banque Images 2\Supervision formative AIRE DE SENTE SALAMA\DSC_1357.jpg,afd_sante_supervision_formative_salama_001.jpg,D:\Maquette_AFD\Banque des images AFD - Classees\01_sante\afd_sante_supervision_formative_salama_001.jpg,.jpg,2351814,6016,4016,bb8c22f6e02af54bbdba2385dedd4ec0a25e3c9b18ce035832be8a453eb3aa0e,false,false,,Supervision formative dans l'aire de sante SALAMA,"Supervision formative en salle de soins ou de formation avec personnel de sante, demonstrations et supports muraux.",sante,renforcement_capacites; formation,supervision_formative_sante,supervision_formative,SALAMA,,,,,personnel_sante; communautes,personnel_sante; personnel_afd; formateurs,sante; supervision_formative; renforcement_capacites; personnel_sante; centre_sante; demonstration,Supports muraux et affiches de sante visibles dans la salle.,2026-07-07 11:08:20,exif,false,eleve,"Planche-contact verifiee: personnel en tenue de sante, demonstration et supervision formative.",sante,afd_sante_supervision_formative_salama_001,Supervision formative avec personnel de sante dans l'aire de sante SALAMA.,Supervision formative et renforcement des capacites du personnel de sante dans le cadre de SALAMA.,false,already_exists,,true,D:\Maquette_AFD\Banque des images AFD\Banque Images 2\Supervision formative AIRE DE SENTE SALAMA,2026-07-07T02:08:20,,true,,16c95bdbda9b8989
217c623b-fa42-4ea7-964f-67bc79967e37,DSC_1358.jpg,D:\Maquette_AFD\Banque des images AFD\Banque Images 2\Supervision formative AIRE DE SENTE SALAMA\DSC_1358.jpg,afd_sante_supervision_formative_salama_002.jpg,D:\Maquette_AFD\Banque des images AFD - Classees\01_sante\afd_sante_supervision_formative_salama_002.jpg,.jpg,2279855,6016,4016,8590dc44423fe06bcab4a1d74879c89534b5786e4369ac32b72badf33565bfbb,false,false,,Supervision formative dans l'aire de sante SALAMA,"Supervision formative en salle de soins ou de formation avec personnel de sante, demonstrations et supports muraux.",sante,renforcement_capacites; formation,supervision_formative_sante,supervision_formative,SALAMA,,,,,personnel_sante; communautes,personnel_sante; personnel_afd; formateurs,sante; supervision_formative; renforcement_capacites; personnel_sante; centre_sante; demonstration,Supports muraux et affiches de sante visibles dans la salle.,2026-07-07 11:08:30,exif,false,eleve,"Planche-contact verifiee: personnel en tenue de sante, demonstration et supervision formative.",sante,afd_sante_supervision_formative_salama_002,Supervision formative avec personnel de sante dans l'aire de sante SALAMA.,Supervision formative et renforcement des capacites du personnel de sante dans le cadre de SALAMA.,false,already_exists,,true,D:\Maquette_AFD\Banque des images AFD\Banque Images 2\Supervision formative AIRE DE SENTE SALAMA,2026-07-07T02:08:30,,true,,1f4dadad9cc8cace
631372de-78f6-4399-87b7-2eac15213cb3,DSC_1360.jpg,D:\Maquette_AFD\Banque des images AFD\Banque Images 2\Supervision formative AIRE DE SENTE SALAMA\DSC_1360.jpg,afd_sante_supervision_formative_salama_003.jpg,D:\Maquette_AFD\Banque des images AFD - Classees\01_sante\afd_sante_supervision_formative_salama_003.jpg,.jpg,2078132,6016,4016,853dcf1c04ae180dbd16543ef26e15afebc28155379df68a1616315c6260f068,false,false,,Supervision formative dans l'aire de sante SALAMA,"Supervision formative en salle de soins ou de formation avec personnel de sante, demonstrations et supports muraux.",sante,renforcement_capacites; formation,supervision_formative_sante,supervision_formative,SALAMA,,,,,personnel_sante; communautes,personnel_sante; personnel_afd; formateurs,sante; supervision_formative; renforcement_capacites; personnel_sante; centre_sante; demonstration,Supports muraux et affiches de sante visibles dans la salle.,2026-07-07 11:08:30,exif,false,eleve,"Planche-contact verifiee: personnel en tenue de sante, demonstration et supervision formative.",sante,afd_sante_supervision_formative_salama_003,Supervision formative avec personnel de sante dans l'aire de sante SALAMA.,Supervision formative et renforcement des capacites du personnel de sante dans le cadre de SALAMA.,false,already_exists,,true,D:\Maquette_AFD\Banque des images AFD\Banque Images 2\Supervision formative AIRE DE SENTE SALAMA,2026-07-07T02:08:30,,true,,184cb61a32664589
aa8d8bd2-aec7-4443-9cd0-94341a7ea2f3,DSC_1361.jpg,D:\Maquette_AFD\Banque des images AFD\Banque Images 2\Supervision formative AIRE DE SENTE SALAMA\DSC_1361.jpg,afd_sante_supervision_formative_salama_004.jpg,D:\Maquette_AFD\Banque des images AFD - Classees\01_sante\afd_sante_supervision_formative_salama_004.jpg,.jpg,1991231,6016,4016,71c5fc1f81c4ff7c0c242f1e512163349d6311152961c29e13c2f10b1d6569e8,false,false,,Supervision formative dans l'aire de sante SALAMA,"Supervision formative en salle de soins ou de formation avec personnel de sante, demonstrations et supports muraux.",sante,renforcement_capacites; formation,supervision_formative_sante,supervision_formative,SALAMA,,,,,personnel_sante; communautes,personnel_sante; personnel_afd; formateurs,sante; supervision_formative; renforcement_capacites; personnel_sante; centre_sante; demonstration,Supports muraux et affiches de sante visibles dans la salle.,2026-07-07 11:08:40,exif,false,eleve,"Planche-contact verifiee: personnel en tenue de sante, demonstration et supervision formative.",sante,afd_sante_supervision_formative_salama_004,Supervision formative avec personnel de sante dans l'aire de sante SALAMA.,Supervision formative et renforcement des capacites du personnel de sante dans le cadre de SALAMA.,false,already_exists,,true,D:\Maquette_AFD\Banque des images AFD\Banque Images 2\Supervision formative AIRE DE SENTE SALAMA,2026-07-07T02:08:40,,true,,2cac3aad4a69c746
c44ad370-9746-4909-bd60-7f76af7324d5,DSC_1362.jpg,D:\Maquette_AFD\Banque des images AFD\Banque Images 2\Supervision formative AIRE DE SENTE SALAMA\DSC_1362.jpg,afd_sante_supervision_formative_salama_005.jpg,D:\Maquette_AFD\Banque des images AFD - Classees\01_sante\afd_sante_supervision_formative_salama_005.jpg,.jpg,2119276,6016,4016,9686e58e4e54f9a9dd7d0de60fe4e30991f8815e3635ec6a587f782f874135d5,false,false,,Supervision formative dans l'aire de sante SALAMA,"Supervision formative en salle de soins ou de formation avec personnel de sante, demonstrations et supports muraux.",sante,renforcement_capacites; formation,supervision_formative_sante,supervision_formative,SALAMA,,,,,personnel_sante; communautes,personnel_sante; personnel_afd; formateurs,sante; supervision_formative; renforcement_capacites; personnel_sante; centre_sante; demonstration,Supports muraux et affiches de sante visibles dans la salle.,2026-07-07 11:08:41,exif,false,eleve,"Planche-contact verifiee: personnel en tenue de sante, demonstration et supervision formative.",sante,afd_sante_supervision_formative_salama_005,Supervision formative avec personnel de sante dans l'aire de sante SALAMA.,Supervision formative et renforcement des capacites du personnel de sante dans le cadre de SALAMA.,false,already_exists,,true,D:\Maquette_AFD\Banque des images AFD\Banque Images 2\Supervision formative AIRE DE SENTE SALAMA,2026-07-07T02:08:42,,true,,cf1b2b09d4554d19
2b24bbbd-d5d1-4016-a786-251b0452015e,DSC_1363.jpg,D:\Maquette_AFD\Banque des images AFD\Banque Images 2\Supervision formative AIRE DE SENTE SALAMA\DSC_1363.jpg,afd_sante_supervision_formative_salama_006.jpg,D:\Maquette_AFD\Banque des images AFD - Classees\01_sante\afd_sante_supervision_formative_salama_006.jpg,.jpg,1564489,6016,4016,5fc6c4e9f6501f94dc3dbdf41e0efc250081d817c59d6083354545e751159203,false,false,,Supervision formative dans l'aire de sante SALAMA,"Supervision formative en salle de soins ou de formation avec personnel de sante, demonstrations et supports muraux.",sante,renforcement_capacites; formation,supervision_formative_sante,supervision_formative,SALAMA,,,,,personnel_sante; communautes,personnel_sante; personnel_afd; formateurs,sante; supervision_formative; renforcement_capacites; personnel_sante; centre_sante; demonstration,Supports muraux et affiches de sante visibles dans la salle.,2026-07-07 11:08:51,exif,false,eleve,"Planche-contact verifiee: personnel en tenue de sante, demonstration et supervision formative.",sante,afd_sante_supervision_formative_salama_006,Supervision formative avec personnel de sante dans l'aire de sante SALAMA.,Supervision formative et renforcement des capacites du personnel de sante dans le cadre de SALAMA.,false,already_exists,,true,D:\Maquette_AFD\Banque des images AFD\Banque Images 2\Supervision formative AIRE DE SENTE SALAMA,2026-07-07T02:08:52,,true,,624e6666e68c8c8d
bb51b133-eed0-4cd6-83b1-52931e839a9b,DSC_1364.jpg,D:\Maquette_AFD\Banque des images AFD\Banque Images 2\Supervision formative AIRE DE SENTE SALAMA\DSC_1364.jpg,afd_sante_supervision_formative_salama_007.jpg,D:\Maquette_AFD\Banque des images AFD - Classees\01_sante\afd_sante_supervision_formative_salama_007.jpg,.jpg,1383195,6016,4016,92eba3dbac64928846c2714d0b28a6996f5d554a45c788b49508d8b9c974643c,false,false,,Supervision formative dans l'aire de sante SALAMA,"Supervision formative en salle de soins ou de formation avec personnel de sante, demonstrations et supports muraux.",sante,renforcement_capacites; formation,supervision_formative_sante,supervision_formative,SALAMA,,,,,personnel_sante; communautes,personnel_sante; personnel_afd; formateurs,sante; supervision_formative; renforcement_capacites; personnel_sante; centre_sante; demonstration,Supports muraux et affiches de sante visibles dans la salle.,2026-07-07 11:08:52,exif,false,eleve,"Planche-contact verifiee: personnel en tenue de sante, demonstration et supervision formative.",sante,afd_sante_supervision_formative_salama_007,Supervision formative avec personnel de sante dans l'aire de sante SALAMA.,Supervision formative et renforcement des capacites du personnel de sante dans le cadre de SALAMA.,false,already_exists,,true,D:\Maquette_AFD\Banque des images AFD\Banque Images 2\Supervision formative AIRE DE SENTE SALAMA,2026-07-07T02:08:52,,true,,5f656f6f5b6b6161
92956b17-c554-490c-b2dd-78edb45c9c04,DSC_1365.jpg,D:\Maquette_AFD\Banque des images AFD\Banque Images 2\Supervision formative AIRE DE SENTE SALAMA\DSC_1365.jpg,afd_sante_supervision_formative_salama_008.jpg,D:\Maquette_AFD\Banque des images AFD - Classees\01_sante\afd_sante_supervision_formative_salama_008.jpg,.jpg,2132672,6016,4016,ee41f15b729e31190f7aaf90311667a58a0dd400d76a544298ab31e29e0fe5c0,false,false,,Supervision formative dans l'aire de sante SALAMA,"Supervision formative en salle de soins ou de formation avec personnel de sante, demonstrations et supports muraux.",sante,renforcement_capacites; formation,supervision_formative_sante,supervision_formative,SALAMA,,,,,personnel_sante; communautes,personnel_sante; personnel_afd; formateurs,sante; supervision_formative; renforcement_capacites; personnel_sante; centre_sante; demonstration,Supports muraux et affiches de sante visibles dans la salle.,2026-07-07 11:09:02,exif,false,eleve,"Planche-contact verifiee: personnel en tenue de sante, demonstration et supervision formative.",sante,afd_sante_supervision_formative_salama_008,Supervision formative avec personnel de sante dans l'aire de sante SALAMA.,Supervision formative et renforcement des capacites du personnel de sante dans le cadre de SALAMA.,false,already_exists,,true,D:\Maquette_AFD\Banque des images AFD\Banque Images 2\Supervision formative AIRE DE SENTE SALAMA,2026-07-07T02:09:02,,true,,1749494d9989891b
ab893e63-b3b9-4a18-80b8-2de34b11412a,DSC_1369.jpg,D:\Maquette_AFD\Banque des images AFD\Banque Images 2\Supervision formative AIRE DE SENTE SALAMA\DSC_1369.jpg,afd_sante_supervision_formative_salama_009.jpg,D:\Maquette_AFD\Banque des images AFD - Classees\01_sante\afd_sante_supervision_formative_salama_009.jpg,.jpg,2401188,6016,4016,86374d0683507a76461f07c31b39a14f79ed11f6d379fc03a7c6ee3a5b2c863e,false,false,,Supervision formative dans l'aire de sante SALAMA,"Supervision formative en salle de soins ou de formation avec personnel de sante, demonstrations et supports muraux.",sante,renforcement_capacites; formation,supervision_formative_sante,supervision_formative,SALAMA,,,,,personnel_sante; communautes,personnel_sante; personnel_afd; formateurs,sante; supervision_formative; renforcement_capacites; personnel_sante; centre_sante; demonstration,Supports muraux et affiches de sante visibles dans la salle.,2026-07-07 11:09:03,exif,false,eleve,"Planche-contact verifiee: personnel en tenue de sante, demonstration et supervision formative.",sante,afd_sante_supervision_formative_salama_009,Supervision formative avec personnel de sante dans l'aire de sante SALAMA.,Supervision formative et renforcement des capacites du personnel de sante dans le cadre de SALAMA.,false,already_exists,,true,D:\Maquette_AFD\Banque des images AFD\Banque Images 2\Supervision formative AIRE DE SENTE SALAMA,2026-07-07T02:09:04,,true,,6766666c736d2e97
49591b32-862c-401e-a647-7fcac8c3dc6b,DSC_1370.jpg,D:\Maquette_AFD\Banque des images AFD\Banque Images 2\Supervision formative AIRE DE SENTE SALAMA\DSC_1370.jpg,afd_sante_supervision_formative_salama_010.jpg,D:\Maquette_AFD\Banque des images AFD - Classees\01_sante\afd_sante_supervision_formative_salama_010.jpg,.jpg,1566640,6016,4016,972ffcb2c9151090b837f5854f7e7dedafc2169b17b03d156fcebc72beede519,false,false,,Supervision formative dans l'aire de sante SALAMA,"Supervision formative en salle de soins ou de formation avec personnel de sante, demonstrations et supports muraux.",sante,renforcement_capacites; formation,supervision_formative_sante,supervision_formative,SALAMA,,,,,personnel_sante; communautes,personnel_sante; personnel_afd; formateurs,sante; supervision_formative; renforcement_capacites; personnel_sante; centre_sante; demonstration,Supports muraux et affiches de sante visibles dans la salle.,2026-07-07 11:09:13,exif,false,eleve,"Planche-contact verifiee: personnel en tenue de sante, demonstration et supervision formative.",sante,afd_sante_supervision_formative_salama_010,Supervision formative avec personnel de sante dans l'aire de sante SALAMA.,Supervision formative et renforcement des capacites du personnel de sante dans le cadre de SALAMA.,false,already_exists,,true,D:\Maquette_AFD\Banque des images AFD\Banque Images 2\Supervision formative AIRE DE SENTE SALAMA,2026-07-07T02:09:14,,true,,173363333b6367eb
beefb3fa-5d39-4edd-929c-6d99d0998987,DSC_1371.jpg,D:\Maquette_AFD\Banque des images AFD\Banque Images 2\Supervision formative AIRE DE SENTE SALAMA\DSC_1371.jpg,afd_sante_supervision_formative_salama_011.jpg,D:\Maquette_AFD\Banque des images AFD - Classees\01_sante\afd_sante_supervision_formative_salama_011.jpg,.jpg,1979232,5227,4016,5ae6e2fe0d38270a7f97d902bb516a713fcdabdc06788f1074f106dab257369a,false,false,,Supervision formative dans l'aire de sante SALAMA,"Supervision formative en salle de soins ou de formation avec personnel de sante, demonstrations et supports muraux.",sante,renforcement_capacites; formation,supervision_formative_sante,supervision_formative,SALAMA,,,,,personnel_sante; communautes,personnel_sante; personnel_afd; formateurs,sante; supervision_formative; renforcement_capacites; personnel_sante; centre_sante; demonstration,Supports muraux et affiches de sante visibles dans la salle.,2026-07-07 11:09:13,exif,false,eleve,"Planche-contact verifiee: personnel en tenue de sante, demonstration et supervision formative.",sante,afd_sante_supervision_formative_salama_011,Supervision formative avec personnel de sante dans l'aire de sante SALAMA.,Supervision formative et renforcement des capacites du personnel de sante dans le cadre de SALAMA.,false,already_exists,,true,D:\Maquette_AFD\Banque des images AFD\Banque Images 2\Supervision formative AIRE DE SENTE SALAMA,2026-07-07T02:09:14,,true,,206763772c6e56d7
6de45ff1-fb8c-4348-8522-86750d4521af,DSC_1372.jpg,D:\Maquette_AFD\Banque des images AFD\Banque Images 2\Supervision formative AIRE DE SENTE SALAMA\DSC_1372.jpg,afd_sante_supervision_formative_salama_012.jpg,D:\Maquette_AFD\Banque des images AFD - Classees\01_sante\afd_sante_supervision_formative_salama_012.jpg,.jpg,2533956,6016,4016,0d760e24f47aff989d1631e8effd9722d00344ab1a0b82f6596780845ef6eb24,false,false,,Supervision formative dans l'aire de sante SALAMA,"Supervision formative en salle de soins ou de formation avec personnel de sante, demonstrations et supports muraux.",sante,renforcement_capacites; formation,supervision_formative_sante,supervision_formative,SALAMA,,,,,personnel_sante; communautes,personnel_sante; personnel_afd; formateurs,sante; supervision_formative; renforcement_capacites; personnel_sante; centre_sante; demonstration,Supports muraux et affiches de sante visibles dans la salle.,2026-07-07 11:09:24,exif,false,eleve,"Planche-contact verifiee: personnel en tenue de sante, demonstration et supervision formative.",sante,afd_sante_supervision_formative_salama_012,Supervision formative avec personnel de sante dans l'aire de sante SALAMA.,Supervision formative et renforcement des capacites du personnel de sante dans le cadre de SALAMA.,false,already_exists,,true,D:\Maquette_AFD\Banque des images AFD\Banque Images 2\Supervision formative AIRE DE SENTE SALAMA,2026-07-07T02:09:24,,true,,6366666e796d8f97
adfdaff1-0593-4c75-bcf9-07d08250a3ed,DSC_1373.jpg,D:\Maquette_AFD\Banque des images AFD\Banque Images 2\Supervision formative AIRE DE SENTE SALAMA\DSC_1373.jpg,afd_sante_supervision_formative_salama_013.jpg,D:\Maquette_AFD\Banque des images AFD - Classees\01_sante\afd_sante_supervision_formative_salama_013.jpg,.jpg,1353371,6016,4016,2299245f1b36900ccba9490b8e67846c77c2204c3d8b6396432f727dfdfa5c9b,false,false,,Supervision formative dans l'aire de sante SALAMA,"Supervision formative en salle de soins ou de formation avec personnel de sante, demonstrations et supports muraux.",sante,renforcement_capacites; formation,supervision_formative_sante,supervision_formative,SALAMA,,,,,personnel_sante; communautes,personnel_sante; personnel_afd; formateurs,sante; supervision_formative; renforcement_capacites; personnel_sante; centre_sante; demonstration,Supports muraux et affiches de sante visibles dans la salle.,2026-07-07 11:09:24,exif,false,eleve,"Planche-contact verifiee: personnel en tenue de sante, demonstration et supervision formative.",sante,afd_sante_supervision_formative_salama_013,Supervision formative avec personnel de sante dans l'aire de sante SALAMA.,Supervision formative et renforcement des capacites du personnel de sante dans le cadre de SALAMA.,false,already_exists,,true,D:\Maquette_AFD\Banque des images AFD\Banque Images 2\Supervision formative AIRE DE SENTE SALAMA,2026-07-07T02:09:24,,true,,39393931333b7b7a
565e6e88-2ac9-4c97-8402-fff2b35de323,DSC_1374.jpg,D:\Maquette_AFD\Banque des images AFD\Banque Images 2\Supervision formative AIRE DE SENTE SALAMA\DSC_1374.jpg,afd_sante_supervision_formative_salama_014.jpg,D:\Maquette_AFD\Banque des images AFD - Classees\01_sante\afd_sante_supervision_formative_salama_014.jpg,.jpg,2384769,6016,4016,b992164db20db25c1954760cabd4bdaf229fe3eae0568d68f75e7885192c7522,false,false,,Supervision formative dans l'aire de sante SALAMA,"Supervision formative en salle de soins ou de formation avec personnel de sante, demonstrations et supports muraux.",sante,renforcement_capacites; formation,supervision_formative_sante,supervision_formative,SALAMA,,,,,personnel_sante; communautes,personnel_sante; personnel_afd; formateurs,sante; supervision_formative; renforcement_capacites; personnel_sante; centre_sante; demonstration,Supports muraux et affiches de sante visibles dans la salle.,2026-07-07 11:09:36,exif,false,eleve,"Planche-contact verifiee: personnel en tenue de sante, demonstration et supervision formative.",sante,afd_sante_supervision_formative_salama_014,Supervision formative avec personnel de sante dans l'aire de sante SALAMA.,Supervision formative et renforcement des capacites du personnel de sante dans le cadre de SALAMA.,false,already_exists,,true,D:\Maquette_AFD\Banque des images AFD\Banque Images 2\Supervision formative AIRE DE SENTE SALAMA,2026-07-07T02:09:36,,true,,1967666768292ddf
0544b3cb-689e-4201-baa6-75047d962f29,DSC_1375.jpg,D:\Maquette_AFD\Banque des images AFD\Banque Images 2\Supervision formative AIRE DE SENTE SALAMA\DSC_1375.jpg,afd_sante_supervision_formative_salama_015.jpg,D:\Maquette_AFD\Banque des images AFD - Classees\01_sante\afd_sante_supervision_formative_salama_015.jpg,.jpg,2025244,6016,4016,b5e4e083861b50c0b5bd2fcc1fd06695efbe1ec1f07a2d678daf8e16913ceee6,false,false,,Supervision formative dans l'aire de sante SALAMA,"Supervision formative en salle de soins ou de formation avec personnel de sante, demonstrations et supports muraux.",sante,renforcement_capacites; formation,supervision_formative_sante,supervision_formative,SALAMA,,,,,personnel_sante; communautes,personnel_sante; personnel_afd; formateurs,sante; supervision_formative; renforcement_capacites; personnel_sante; centre_sante; demonstration,Supports muraux et affiches de sante visibles dans la salle.,2026-07-07 11:09:36,exif,false,eleve,"Planche-contact verifiee: personnel en tenue de sante, demonstration et supervision formative.",sante,afd_sante_supervision_formative_salama_015,Supervision formative avec personnel de sante dans l'aire de sante SALAMA.,Supervision formative et renforcement des capacites du personnel de sante dans le cadre de SALAMA.,false,already_exists,,true,D:\Maquette_AFD\Banque des images AFD\Banque Images 2\Supervision formative AIRE DE SENTE SALAMA,2026-07-07T02:09:36,,true,,63737366cccd9697
382302f0-3893-4496-b8a4-6b8ce2eabe5a,DSC_1376.jpg,D:\Maquette_AFD\Banque des images AFD\Banque Images 2\Supervision formative AIRE DE SENTE SALAMA\DSC_1376.jpg,afd_sante_supervision_formative_salama_016.jpg,D:\Maquette_AFD\Banque des images AFD - Classees\01_sante\afd_sante_supervision_formative_salama_016.jpg,.jpg,2156558,5598,4016,e29ed8ab34b0b7c04b0edd8cea63e725ef7b1fb64d5621216ecf6ea154e2cf78,false,false,,Supervision formative dans l'aire de sante SALAMA,"Supervision formative en salle de soins ou de formation avec personnel de sante, demonstrations et supports muraux.",sante,renforcement_capacites; formation,supervision_formative_sante,supervision_formative,SALAMA,,,,,personnel_sante; communautes,personnel_sante; personnel_afd; formateurs,sante; supervision_formative; renforcement_capacites; personnel_sante; centre_sante; demonstration,Supports muraux et affiches de sante visibles dans la salle.,2026-07-07 11:09:47,exif,false,eleve,"Planche-contact verifiee: personnel en tenue de sante, demonstration et supervision formative.",sante,afd_sante_supervision_formative_salama_016,Supervision formative avec personnel de sante dans l'aire de sante SALAMA.,Supervision formative et renforcement des capacites du personnel de sante dans le cadre de SALAMA.,false,already_exists,,true,D:\Maquette_AFD\Banque des images AFD\Banque Images 2\Supervision formative AIRE DE SENTE SALAMA,2026-07-07T02:09:46,,true,,606777666a2b8d97
513d7322-7ec4-4eaa-a4b2-abc80cb705d7,DSC_1377.jpg,D:\Maquette_AFD\Banque des images AFD\Banque Images 2\Supervision formative AIRE DE SENTE SALAMA\DSC_1377.jpg,afd_sante_supervision_formative_salama_017.jpg,D:\Maquette_AFD\Banque des images AFD - Classees\01_sante\afd_sante_supervision_formative_salama_017.jpg,.jpg,2173068,6016,4016,624d9bc5ae052f7fa5d311cbcafe0fdebe47695cd58747b50d4ab6730f9ac7ea,false,false,,Supervision formative dans l'aire de sante SALAMA,"Supervision formative en salle de soins ou de formation avec personnel de sante, demonstrations et supports muraux.",sante,renforcement_capacites; formation,supervision_formative_sante,supervision_formative,SALAMA,,,,,personnel_sante; communautes,personnel_sante; personnel_afd; formateurs,sante; supervision_formative; renforcement_capacites; personnel_sante; centre_sante; demonstration,Supports muraux et affiches de sante visibles dans la salle.,2026-07-07 11:09:47,exif,false,eleve,"Planche-contact verifiee: personnel en tenue de sante, demonstration et supervision formative.",sante,afd_sante_supervision_formative_salama_017,Supervision formative avec personnel de sante dans l'aire de sante SALAMA.,Supervision formative et renforcement des capacites du personnel de sante dans le cadre de SALAMA.,false,already_exists,,true,D:\Maquette_AFD\Banque des images AFD\Banque Images 2\Supervision formative AIRE DE SENTE SALAMA,2026-07-07T02:09:46,,true,,704a4e5e4d3b938d
4153af0c-21a7-40c9-93bf-fed5b7b59519,DSC_1223.jpg,D:\Maquette_AFD\Banque des images AFD\Banque Images 2\VISITE D_ÉVALUATION AU SITE DE PERSONNES DÉPLACÉES CECA-20 MAKOKO 1\DSC_1223.jpg,afd_missions_terrain_visite_evaluation_site_deplaces_site_ceca_20_makoko_1_001.jpg,D:\Maquette_AFD\Banque des images AFD - Classees\17_missions_terrain\afd_missions_terrain_visite_evaluation_site_deplaces_site_ceca_20_makoko_1_001.jpg,.jpg,1912123,6016,4016,a0a1a91d94d1cb8cf2a6139ece7bd8fd7ff507e192bd1b78bc67367e36585466,false,false,,Visite d'evaluation au site CECA-20 Makoko 1,"Mission de terrain sur un site de personnes deplacees avec equipe AFD, echanges communautaires, abris et point d'eau.",missions_terrain,protection; wash; coordination,evaluation_site_deplaces,visite_evaluation_site_deplaces,,,,,CECA-20 Makoko 1,personnes_deplacees; communautes,personnel_afd; beneficiaires; leaders_communautaires,mission_terrain; evaluation; site_deplaces; protection; wash; abris; point_eau; coordination,AFD visible sur les gilets; panneaux et marquages de site visibles sur certaines images.,2026-07-04 16:45:06,exif,false,eleve,"Planche-contact verifiee: deplacement terrain, abris, point d'eau et echanges communautaires.",missions_terrain,afd_missions_terrain_visite_evaluation_site_deplaces_site_ceca_20_makoko_1_001,Equipe AFD en visite d'evaluation au site CECA-20 Makoko 1.,Visite d'evaluation au site CECA-20 Makoko 1 avec observations de terrain et echanges communautaires.,false,already_exists,,true,D:\Maquette_AFD\Banque des images AFD\Banque Images 2\VISITE D_ÉVALUATION AU SITE DE PERSONNES DÉPLACÉES CECA-20 MAKOKO 1,2026-07-04T07:45:06,,true,,9eb9b19692a52526
56fabe71-30dc-476f-8679-25f9c95a17a9,DSC_1224.jpg,D:\Maquette_AFD\Banque des images AFD\Banque Images 2\VISITE D_ÉVALUATION AU SITE DE PERSONNES DÉPLACÉES CECA-20 MAKOKO 1\DSC_1224.jpg,afd_missions_terrain_visite_evaluation_site_deplaces_site_ceca_20_makoko_1_002.jpg,D:\Maquette_AFD\Banque des images AFD - Classees\17_missions_terrain\afd_missions_terrain_visite_evaluation_site_deplaces_site_ceca_20_makoko_1_002.jpg,.jpg,1838302,6016,4016,8a710bbd9f95c55d0027ef0362ae6c0b1a824565ce4eeb21c1343e39068bcd35,false,false,,Visite d'evaluation au site CECA-20 Makoko 1,"Mission de terrain sur un site de personnes deplacees avec equipe AFD, echanges communautaires, abris et point d'eau.",missions_terrain,protection; wash; coordination,evaluation_site_deplaces,visite_evaluation_site_deplaces,,,,,CECA-20 Makoko 1,personnes_deplacees; communautes,personnel_afd; beneficiaires; leaders_communautaires,mission_terrain; evaluation; site_deplaces; protection; wash; abris; point_eau; coordination,AFD visible sur les gilets; panneaux et marquages de site visibles sur certaines images.,2026-07-04 16:45:06,exif,false,eleve,"Planche-contact verifiee: deplacement terrain, abris, point d'eau et echanges communautaires.",missions_terrain,afd_missions_terrain_visite_evaluation_site_deplaces_site_ceca_20_makoko_1_002,Equipe AFD en visite d'evaluation au site CECA-20 Makoko 1.,Visite d'evaluation au site CECA-20 Makoko 1 avec observations de terrain et echanges communautaires.,false,already_exists,,true,D:\Maquette_AFD\Banque des images AFD\Banque Images 2\VISITE D_ÉVALUATION AU SITE DE PERSONNES DÉPLACÉES CECA-20 MAKOKO 1,2026-07-04T07:45:06,,true,,2ea9b99296a52524
df10f37b-b008-4955-9d66-6793fa2f0e70,DSC_1225.jpg,D:\Maquette_AFD\Banque des images AFD\Banque Images 2\VISITE D_ÉVALUATION AU SITE DE PERSONNES DÉPLACÉES CECA-20 MAKOKO 1\DSC_1225.jpg,afd_missions_terrain_visite_evaluation_site_deplaces_site_ceca_20_makoko_1_003.jpg,D:\Maquette_AFD\Banque des images AFD - Classees\17_missions_terrain\afd_missions_terrain_visite_evaluation_site_deplaces_site_ceca_20_makoko_1_003.jpg,.jpg,2123926,6016,4016,0465dc81c178812cbf4611c2bb4e4530b856f4f2c408e7f021db9f43ecfd4a09,false,false,,Visite d'evaluation au site CECA-20 Makoko 1,"Mission de terrain sur un site de personnes deplacees avec equipe AFD, echanges communautaires, abris et point d'eau.",missions_terrain,protection; wash; coordination,evaluation_site_deplaces,visite_evaluation_site_deplaces,,,,,CECA-20 Makoko 1,personnes_deplacees; communautes,personnel_afd; beneficiaires; leaders_communautaires,mission_terrain; evaluation; site_deplaces; protection; wash; abris; point_eau; coordination,AFD visible sur les gilets; panneaux et marquages de site visibles sur certaines images.,2026-07-04 16:45:16,exif,false,eleve,"Planche-contact verifiee: deplacement terrain, abris, point d'eau et echanges communautaires.",missions_terrain,afd_missions_terrain_visite_evaluation_site_deplaces_site_ceca_20_makoko_1_003,Equipe AFD en visite d'evaluation au site CECA-20 Makoko 1.,Visite d'evaluation au site CECA-20 Makoko 1 avec observations de terrain et echanges communautaires.,false,already_exists,,true,D:\Maquette_AFD\Banque des images AFD\Banque Images 2\VISITE D_ÉVALUATION AU SITE DE PERSONNES DÉPLACÉES CECA-20 MAKOKO 1,2026-07-04T07:45:16,,true,,f2cdcd8def6eec8e
bf37783e-f5cf-4b42-922d-cd02bd03ea6c,DSC_1226.jpg,D:\Maquette_AFD\Banque des images AFD\Banque Images 2\VISITE D_ÉVALUATION AU SITE DE PERSONNES DÉPLACÉES CECA-20 MAKOKO 1\DSC_1226.jpg,afd_missions_terrain_visite_evaluation_site_deplaces_site_ceca_20_makoko_1_004.jpg,D:\Maquette_AFD\Banque des images AFD - Classees\17_missions_terrain\afd_missions_terrain_visite_evaluation_site_deplaces_site_ceca_20_makoko_1_004.jpg,.jpg,1652563,6016,4016,3d0a4a15fb7b5b465da9c4d8b55d7b27f08ed1dfc697f8831cd9ecc8c6a0863e,false,false,,Visite d'evaluation au site CECA-20 Makoko 1,"Mission de terrain sur un site de personnes deplacees avec equipe AFD, echanges communautaires, abris et point d'eau.",missions_terrain,protection; wash; coordination,evaluation_site_deplaces,visite_evaluation_site_deplaces,,,,,CECA-20 Makoko 1,personnes_deplacees; communautes,personnel_afd; beneficiaires; leaders_communautaires,mission_terrain; evaluation; site_deplaces; protection; wash; abris; point_eau; coordination,AFD visible sur les gilets; panneaux et marquages de site visibles sur certaines images.,2026-07-04 16:45:16,exif,false,eleve,"Planche-contact verifiee: deplacement terrain, abris, point d'eau et echanges communautaires.",missions_terrain,afd_missions_terrain_visite_evaluation_site_deplaces_site_ceca_20_makoko_1_004,Equipe AFD en visite d'evaluation au site CECA-20 Makoko 1.,Visite d'evaluation au site CECA-20 Makoko 1 avec observations de terrain et echanges communautaires.,false,already_exists,,true,D:\Maquette_AFD\Banque des images AFD\Banque Images 2\VISITE D_ÉVALUATION AU SITE DE PERSONNES DÉPLACÉES CECA-20 MAKOKO 1,2026-07-04T07:45:16,,true,,b86c68995b7b3b63
55ea1213-f8c0-4e36-a265-7db0d6de6aca,DSC_1227.jpg,D:\Maquette_AFD\Banque des images AFD\Banque Images 2\VISITE D_ÉVALUATION AU SITE DE PERSONNES DÉPLACÉES CECA-20 MAKOKO 1\DSC_1227.jpg,afd_missions_terrain_visite_evaluation_site_deplaces_site_ceca_20_makoko_1_005.jpg,D:\Maquette_AFD\Banque des images AFD - Classees\17_missions_terrain\afd_missions_terrain_visite_evaluation_site_deplaces_site_ceca_20_makoko_1_005.jpg,.jpg,1535102,6016,4016,941a0c6beeddbc12ea27a89a8a8877b1455a3867d176ebccb6cfb057186d6a93,false,false,,Visite d'evaluation au site CECA-20 Makoko 1,"Mission de terrain sur un site de personnes deplacees avec equipe AFD, echanges communautaires, abris et point d'eau.",missions_terrain,protection; wash; coordination,evaluation_site_deplaces,visite_evaluation_site_deplaces,,,,,CECA-20 Makoko 1,personnes_deplacees; communautes,personnel_afd; beneficiaires; leaders_communautaires,mission_terrain; evaluation; site_deplaces; protection; wash; abris; point_eau; coordination,AFD visible sur les gilets; panneaux et marquages de site visibles sur certaines images.,2026-07-04 16:45:27,exif,false,eleve,"Planche-contact verifiee: deplacement terrain, abris, point d'eau et echanges communautaires.",missions_terrain,afd_missions_terrain_visite_evaluation_site_deplaces_site_ceca_20_makoko_1_005,Equipe AFD en visite d'evaluation au site CECA-20 Makoko 1.,Visite d'evaluation au site CECA-20 Makoko 1 avec observations de terrain et echanges communautaires.,false,already_exists,,true,D:\Maquette_AFD\Banque des images AFD\Banque Images 2\VISITE D_ÉVALUATION AU SITE DE PERSONNES DÉPLACÉES CECA-20 MAKOKO 1,2026-07-04T07:45:26,,true,,92335f4d57555b4b
d2b9b76d-4efd-4b94-82f2-d3bda4ba42cb,DSC_1229.jpg,D:\Maquette_AFD\Banque des images AFD\Banque Images 2\VISITE D_ÉVALUATION AU SITE DE PERSONNES DÉPLACÉES CECA-20 MAKOKO 1\DSC_1229.jpg,afd_missions_terrain_visite_evaluation_site_deplaces_site_ceca_20_makoko_1_006.jpg,D:\Maquette_AFD\Banque des images AFD - Classees\17_missions_terrain\afd_missions_terrain_visite_evaluation_site_deplaces_site_ceca_20_makoko_1_006.jpg,.jpg,1276353,6016,4016,a42d5516c583cf85e161d5154ccedf6bdf6aac4959faedb58988e4251eb99c97,false,false,,Visite d'evaluation au site CECA-20 Makoko 1,"Mission de terrain sur un site de personnes deplacees avec equipe AFD, echanges communautaires, abris et point d'eau.",missions_terrain,protection; wash; coordination,evaluation_site_deplaces,visite_evaluation_site_deplaces,,,,,CECA-20 Makoko 1,personnes_deplacees; communautes,personnel_afd; beneficiaires; leaders_communautaires,mission_terrain; evaluation; site_deplaces; protection; wash; abris; point_eau; coordination,AFD visible sur les gilets; panneaux et marquages de site visibles sur certaines images.,2026-07-04 16:45:27,exif,false,eleve,"Planche-contact verifiee: deplacement terrain, abris, point d'eau et echanges communautaires.",missions_terrain,afd_missions_terrain_visite_evaluation_site_deplaces_site_ceca_20_makoko_1_006,Equipe AFD en visite d'evaluation au site CECA-20 Makoko 1.,Visite d'evaluation au site CECA-20 Makoko 1 avec observations de terrain et echanges communautaires.,false,already_exists,,true,D:\Maquette_AFD\Banque des images AFD\Banque Images 2\VISITE D_ÉVALUATION AU SITE DE PERSONNES DÉPLACÉES CECA-20 MAKOKO 1,2026-07-04T07:45:28,,true,,3e6763db9c44c4c4
15af4563-a8e7-47cc-870f-5a0d135a9e87,DSC_1230.jpg,D:\Maquette_AFD\Banque des images AFD\Banque Images 2\VISITE D_ÉVALUATION AU SITE DE PERSONNES DÉPLACÉES CECA-20 MAKOKO 1\DSC_1230.jpg,afd_missions_terrain_visite_evaluation_site_deplaces_site_ceca_20_makoko_1_007.jpg,D:\Maquette_AFD\Banque des images AFD - Classees\17_missions_terrain\afd_missions_terrain_visite_evaluation_site_deplaces_site_ceca_20_makoko_1_007.jpg,.jpg,1494171,6016,4016,daa8cc24720ebccac195c0f140e7b62896c93418af0820f7b493980950d3c723,false,false,,Visite d'evaluation au site CECA-20 Makoko 1,"Mission de terrain sur un site de personnes deplacees avec equipe AFD, echanges communautaires, abris et point d'eau.",missions_terrain,protection; wash; coordination,evaluation_site_deplaces,visite_evaluation_site_deplaces,,,,,CECA-20 Makoko 1,personnes_deplacees; communautes,personnel_afd; beneficiaires; leaders_communautaires,mission_terrain; evaluation; site_deplaces; protection; wash; abris; point_eau; coordination,AFD visible sur les gilets; panneaux et marquages de site visibles sur certaines images.,2026-07-04 16:45:39,exif,false,eleve,"Planche-contact verifiee: deplacement terrain, abris, point d'eau et echanges communautaires.",missions_terrain,afd_missions_terrain_visite_evaluation_site_deplaces_site_ceca_20_makoko_1_007,Equipe AFD en visite d'evaluation au site CECA-20 Makoko 1.,Visite d'evaluation au site CECA-20 Makoko 1 avec observations de terrain et echanges communautaires.,false,already_exists,,true,D:\Maquette_AFD\Banque des images AFD\Banque Images 2\VISITE D_ÉVALUATION AU SITE DE PERSONNES DÉPLACÉES CECA-20 MAKOKO 1,2026-07-04T07:45:40,,true,,0f3dcdcedce8e86a
87a1bbb0-5fe3-4a44-a226-ab53e56540be,DSC_1231.jpg,D:\Maquette_AFD\Banque des images AFD\Banque Images 2\VISITE D_ÉVALUATION AU SITE DE PERSONNES DÉPLACÉES CECA-20 MAKOKO 1\DSC_1231.jpg,afd_missions_terrain_visite_evaluation_site_deplaces_site_ceca_20_makoko_1_008.jpg,D:\Maquette_AFD\Banque des images AFD - Classees\17_missions_terrain\afd_missions_terrain_visite_evaluation_site_deplaces_site_ceca_20_makoko_1_008.jpg,.jpg,2239205,6016,4016,5ac105eb07dd02e0f577b61f547a0f03e9c49d209018ad893528ce656278334f,false,false,,Visite d'evaluation au site CECA-20 Makoko 1,"Mission de terrain sur un site de personnes deplacees avec equipe AFD, echanges communautaires, abris et point d'eau.",missions_terrain,protection; wash; coordination,evaluation_site_deplaces,visite_evaluation_site_deplaces,,,,,CECA-20 Makoko 1,personnes_deplacees; communautes,personnel_afd; beneficiaires; leaders_communautaires,mission_terrain; evaluation; site_deplaces; protection; wash; abris; point_eau; coordination,AFD visible sur les gilets; panneaux et marquages de site visibles sur certaines images.,2026-07-04 16:45:39,exif,false,eleve,"Planche-contact verifiee: deplacement terrain, abris, point d'eau et echanges communautaires.",missions_terrain,afd_missions_terrain_visite_evaluation_site_deplaces_site_ceca_20_makoko_1_008,Equipe AFD en visite d'evaluation au site CECA-20 Makoko 1.,Visite d'evaluation au site CECA-20 Makoko 1 avec observations de terrain et echanges communautaires.,false,already_exists,,true,D:\Maquette_AFD\Banque des images AFD\Banque Images 2\VISITE D_ÉVALUATION AU SITE DE PERSONNES DÉPLACÉES CECA-20 MAKOKO 1,2026-07-04T07:45:40,,true,,58b8bf4ad696969f
9b5ddedb-1a51-4140-a99a-322c72476d83,DSC_1232.jpg,D:\Maquette_AFD\Banque des images AFD\Banque Images 2\VISITE D_ÉVALUATION AU SITE DE PERSONNES DÉPLACÉES CECA-20 MAKOKO 1\DSC_1232.jpg,afd_missions_terrain_visite_evaluation_site_deplaces_site_ceca_20_makoko_1_009.jpg,D:\Maquette_AFD\Banque des images AFD - Classees\17_missions_terrain\afd_missions_terrain_visite_evaluation_site_deplaces_site_ceca_20_makoko_1_009.jpg,.jpg,2403271,6016,4016,4b1aebb24270c01533e74ab76fbeef8b0e8aff0b31288e300d9ea343d35ccfc9,false,false,,Visite d'evaluation au site CECA-20 Makoko 1,"Mission de terrain sur un site de personnes deplacees avec equipe AFD, echanges communautaires, abris et point d'eau.",missions_terrain,protection; wash; coordination,evaluation_site_deplaces,visite_evaluation_site_deplaces,,,,,CECA-20 Makoko 1,personnes_deplacees; communautes,personnel_afd; beneficiaires; leaders_communautaires,mission_terrain; evaluation; site_deplaces; protection; wash; abris; point_eau; coordination,AFD visible sur les gilets; panneaux et marquages de site visibles sur certaines images.,2026-07-04 16:45:50,exif,false,eleve,"Planche-contact verifiee: deplacement terrain, abris, point d'eau et echanges communautaires.",missions_terrain,afd_missions_terrain_visite_evaluation_site_deplaces_site_ceca_20_makoko_1_009,Equipe AFD en visite d'evaluation au site CECA-20 Makoko 1.,Visite d'evaluation au site CECA-20 Makoko 1 avec observations de terrain et echanges communautaires.,false,already_exists,,true,D:\Maquette_AFD\Banque des images AFD\Banque Images 2\VISITE D_ÉVALUATION AU SITE DE PERSONNES DÉPLACÉES CECA-20 MAKOKO 1,2026-07-04T07:45:52,,true,,1e5b4d4d4d1b1b13
7127ed63-ebaa-43e0-b661-62b32be6266a,DSC_1233.jpg,D:\Maquette_AFD\Banque des images AFD\Banque Images 2\VISITE D_ÉVALUATION AU SITE DE PERSONNES DÉPLACÉES CECA-20 MAKOKO 1\DSC_1233.jpg,afd_missions_terrain_visite_evaluation_site_deplaces_site_ceca_20_makoko_1_010.jpg,D:\Maquette_AFD\Banque des images AFD - Classees\17_missions_terrain\afd_missions_terrain_visite_evaluation_site_deplaces_site_ceca_20_makoko_1_010.jpg,.jpg,1869737,6016,4016,8375d7241284ecf1c6ec10dd2fb5a29e0da3151f25158437dcb94ac5dc6de3c2,false,false,,Visite d'evaluation au site CECA-20 Makoko 1,"Mission de terrain sur un site de personnes deplacees avec equipe AFD, echanges communautaires, abris et point d'eau.",missions_terrain,protection; wash; coordination,evaluation_site_deplaces,visite_evaluation_site_deplaces,,,,,CECA-20 Makoko 1,personnes_deplacees; communautes,personnel_afd; beneficiaires; leaders_communautaires,mission_terrain; evaluation; site_deplaces; protection; wash; abris; point_eau; coordination,AFD visible sur les gilets; panneaux et marquages de site visibles sur certaines images.,2026-07-04 16:45:53,exif,false,eleve,"Planche-contact verifiee: deplacement terrain, abris, point d'eau et echanges communautaires.",missions_terrain,afd_missions_terrain_visite_evaluation_site_deplaces_site_ceca_20_makoko_1_010,Equipe AFD en visite d'evaluation au site CECA-20 Makoko 1.,Visite d'evaluation au site CECA-20 Makoko 1 avec observations de terrain et echanges communautaires.,false,already_exists,,true,D:\Maquette_AFD\Banque des images AFD\Banque Images 2\VISITE D_ÉVALUATION AU SITE DE PERSONNES DÉPLACÉES CECA-20 MAKOKO 1,2026-07-04T07:45:54,,true,,1eb612c9ad0c5c5c
9aa6439e-bf2c-4738-a2fb-b53612be1011,DSC_1235.jpg,D:\Maquette_AFD\Banque des images AFD\Banque Images 2\VISITE D_ÉVALUATION AU SITE DE PERSONNES DÉPLACÉES CECA-20 MAKOKO 1\DSC_1235.jpg,afd_missions_terrain_visite_evaluation_site_deplaces_site_ceca_20_makoko_1_011.jpg,D:\Maquette_AFD\Banque des images AFD - Classees\17_missions_terrain\afd_missions_terrain_visite_evaluation_site_deplaces_site_ceca_20_makoko_1_011.jpg,.jpg,1924229,6016,4016,fe0db112ae1bcb4283cc66bc268ffb8ccbdd2ac603f6954a33cf0acf231d12ed,false,false,,Visite d'evaluation au site CECA-20 Makoko 1,"Mission de terrain sur un site de personnes deplacees avec equipe AFD, echanges communautaires, abris et point d'eau.",missions_terrain,protection; wash; coordination,evaluation_site_deplaces,visite_evaluation_site_deplaces,,,,,CECA-20 Makoko 1,personnes_deplacees; communautes,personnel_afd; beneficiaires; leaders_communautaires,mission_terrain; evaluation; site_deplaces; protection; wash; abris; point_eau; coordination,AFD visible sur les gilets; panneaux et marquages de site visibles sur certaines images.,2026-07-04 16:46:00,exif,false,eleve,"Planche-contact verifiee: deplacement terrain, abris, point d'eau et echanges communautaires.",missions_terrain,afd_missions_terrain_visite_evaluation_site_deplaces_site_ceca_20_makoko_1_011,Equipe AFD en visite d'evaluation au site CECA-20 Makoko 1.,Visite d'evaluation au site CECA-20 Makoko 1 avec observations de terrain et echanges communautaires.,false,already_exists,,true,D:\Maquette_AFD\Banque des images AFD\Banque Images 2\VISITE D_ÉVALUATION AU SITE DE PERSONNES DÉPLACÉES CECA-20 MAKOKO 1,2026-07-04T07:46:02,,true,,cd4cc8ec4ed8c8d2
14865688-9248-4de9-8733-6cc1c58a6dc5,DSC_1236.jpg,D:\Maquette_AFD\Banque des images AFD\Banque Images 2\VISITE D_ÉVALUATION AU SITE DE PERSONNES DÉPLACÉES CECA-20 MAKOKO 1\DSC_1236.jpg,afd_missions_terrain_visite_evaluation_site_deplaces_site_ceca_20_makoko_1_012.jpg,D:\Maquette_AFD\Banque des images AFD - Classees\17_missions_terrain\afd_missions_terrain_visite_evaluation_site_deplaces_site_ceca_20_makoko_1_012.jpg,.jpg,1564302,6016,4016,90dd0e81267bd44e7a9b108c796f38d309bb4e22b9b67409db6bf9524666697f,false,false,,Visite d'evaluation au site CECA-20 Makoko 1,"Mission de terrain sur un site de personnes deplacees avec equipe AFD, echanges communautaires, abris et point d'eau.",missions_terrain,protection; wash; coordination,evaluation_site_deplaces,visite_evaluation_site_deplaces,,,,,CECA-20 Makoko 1,personnes_deplacees; communautes,personnel_afd; beneficiaires; leaders_communautaires,mission_terrain; evaluation; site_deplaces; protection; wash; abris; point_eau; coordination,AFD visible sur les gilets; panneaux et marquages de site visibles sur certaines images.,2026-07-04 16:46:04,exif,false,eleve,"Planche-contact verifiee: deplacement terrain, abris, point d'eau et echanges communautaires.",missions_terrain,afd_missions_terrain_visite_evaluation_site_deplaces_site_ceca_20_makoko_1_012,Equipe AFD en visite d'evaluation au site CECA-20 Makoko 1.,Visite d'evaluation au site CECA-20 Makoko 1 avec observations de terrain et echanges communautaires.,false,already_exists,,true,D:\Maquette_AFD\Banque des images AFD\Banque Images 2\VISITE D_ÉVALUATION AU SITE DE PERSONNES DÉPLACÉES CECA-20 MAKOKO 1,2026-07-04T07:46:04,,true,,c3cb6cd5c1a79787
763d57bb-5e51-45fb-b5ba-2746ab5a0d9f,DSC_1245.jpg,D:\Maquette_AFD\Banque des images AFD\Banque Images 2\VISITE D_ÉVALUATION AU SITE DE PERSONNES DÉPLACÉES CECA-20 MAKOKO 1\DSC_1245.jpg,afd_missions_terrain_visite_evaluation_site_deplaces_site_ceca_20_makoko_1_013.jpg,D:\Maquette_AFD\Banque des images AFD - Classees\17_missions_terrain\afd_missions_terrain_visite_evaluation_site_deplaces_site_ceca_20_makoko_1_013.jpg,.jpg,1558719,6016,4016,14cf5941e4e8e93827bf7697e4d69c56930f6ac6c2f5a708311721025a928fe8,false,false,,Visite d'evaluation au site CECA-20 Makoko 1,"Mission de terrain sur un site de personnes deplacees avec equipe AFD, echanges communautaires, abris et point d'eau.",missions_terrain,protection; wash; coordination,evaluation_site_deplaces,visite_evaluation_site_deplaces,,,,,CECA-20 Makoko 1,personnes_deplacees; communautes,personnel_afd; beneficiaires; leaders_communautaires,mission_terrain; evaluation; site_deplaces; protection; wash; abris; point_eau; coordination,AFD visible sur les gilets; panneaux et marquages de site visibles sur certaines images.,2026-07-04 16:48:50,exif,false,eleve,"Planche-contact verifiee: deplacement terrain, abris, point d'eau et echanges communautaires.",missions_terrain,afd_missions_terrain_visite_evaluation_site_deplaces_site_ceca_20_makoko_1_013,Equipe AFD en visite d'evaluation au site CECA-20 Makoko 1.,Visite d'evaluation au site CECA-20 Makoko 1 avec observations de terrain et echanges communautaires.,false,already_exists,,true,D:\Maquette_AFD\Banque des images AFD\Banque Images 2\VISITE D_ÉVALUATION AU SITE DE PERSONNES DÉPLACÉES CECA-20 MAKOKO 1,2026-07-04T07:48:50,,true,,e30a465438d0f9b0
4ea11785-90ca-48b3-be51-5dcb170fd27e,DSC_1248.jpg,D:\Maquette_AFD\Banque des images AFD\Banque Images 2\VISITE D_ÉVALUATION AU SITE DE PERSONNES DÉPLACÉES CECA-20 MAKOKO 1\DSC_1248.jpg,afd_missions_terrain_visite_evaluation_site_deplaces_site_ceca_20_makoko_1_014.jpg,D:\Maquette_AFD\Banque des images AFD - Classees\17_missions_terrain\afd_missions_terrain_visite_evaluation_site_deplaces_site_ceca_20_makoko_1_014.jpg,.jpg,1555382,6016,4016,acbe04259cd77315f1c702fd68d7613fb648308bd9c10b0addd16cf04bc5a467,false,false,,Visite d'evaluation au site CECA-20 Makoko 1,"Mission de terrain sur un site de personnes deplacees avec equipe AFD, echanges communautaires, abris et point d'eau.",missions_terrain,protection; wash; coordination,evaluation_site_deplaces,visite_evaluation_site_deplaces,,,,,CECA-20 Makoko 1,personnes_deplacees; communautes,personnel_afd; beneficiaires; leaders_communautaires,mission_terrain; evaluation; site_deplaces; protection; wash; abris; point_eau; coordination,AFD visible sur les gilets; panneaux et marquages de site visibles sur certaines images.,2026-07-04 16:49:42,exif,false,eleve,"Planche-contact verifiee: deplacement terrain, abris, point d'eau et echanges communautaires.",missions_terrain,afd_missions_terrain_visite_evaluation_site_deplaces_site_ceca_20_makoko_1_014,Equipe AFD en visite d'evaluation au site CECA-20 Makoko 1.,Visite d'evaluation au site CECA-20 Makoko 1 avec observations de terrain et echanges communautaires.,false,already_exists,,true,D:\Maquette_AFD\Banque des images AFD\Banque Images 2\VISITE D_ÉVALUATION AU SITE DE PERSONNES DÉPLACÉES CECA-20 MAKOKO 1,2026-07-04T07:49:42,,true,,1d61c6c7cecbcbcb
74a4c4c0-c9f5-472d-9d35-82a489d992b6,DSC_1249.jpg,D:\Maquette_AFD\Banque des images AFD\Banque Images 2\VISITE D_ÉVALUATION AU SITE DE PERSONNES DÉPLACÉES CECA-20 MAKOKO 1\DSC_1249.jpg,afd_missions_terrain_visite_evaluation_site_deplaces_site_ceca_20_makoko_1_015.jpg,D:\Maquette_AFD\Banque des images AFD - Classees\17_missions_terrain\afd_missions_terrain_visite_evaluation_site_deplaces_site_ceca_20_makoko_1_015.jpg,.jpg,1735822,6016,4016,99800335ccbed2332cd22a5a6033345d5a41364b7006f9a5e45da1abbd53fcab,false,false,,Visite d'evaluation au site CECA-20 Makoko 1,"Mission de terrain sur un site de personnes deplacees avec equipe AFD, echanges communautaires, abris et point d'eau.",missions_terrain,protection; wash; coordination,evaluation_site_deplaces,visite_evaluation_site_deplaces,,,,,CECA-20 Makoko 1,personnes_deplacees; communautes,personnel_afd; beneficiaires; leaders_communautaires,mission_terrain; evaluation; site_deplaces; protection; wash; abris; point_eau; coordination,AFD visible sur les gilets; panneaux et marquages de site visibles sur certaines images.,2026-07-04 16:49:42,exif,false,eleve,"Planche-contact verifiee: deplacement terrain, abris, point d'eau et echanges communautaires.",missions_terrain,afd_missions_terrain_visite_evaluation_site_deplaces_site_ceca_20_makoko_1_015,Equipe AFD en visite d'evaluation au site CECA-20 Makoko 1.,Visite d'evaluation au site CECA-20 Makoko 1 avec observations de terrain et echanges communautaires.,false,already_exists,,true,D:\Maquette_AFD\Banque des images AFD\Banque Images 2\VISITE D_ÉVALUATION AU SITE DE PERSONNES DÉPLACÉES CECA-20 MAKOKO 1,2026-07-04T07:49:42,,true,,d925362767636beb
f78162b7-576c-439a-8524-357aa3233c7b,DSC_1250.jpg,D:\Maquette_AFD\Banque des images AFD\Banque Images 2\VISITE D_ÉVALUATION AU SITE DE PERSONNES DÉPLACÉES CECA-20 MAKOKO 1\DSC_1250.jpg,afd_missions_terrain_visite_evaluation_site_deplaces_site_ceca_20_makoko_1_016.jpg,D:\Maquette_AFD\Banque des images AFD - Classees\17_missions_terrain\afd_missions_terrain_visite_evaluation_site_deplaces_site_ceca_20_makoko_1_016.jpg,.jpg,1687549,6016,4016,277ad992f9787fb1989dadc66a32ae10e2499f6f735e313d92d20457d9e4d557,false,false,,Visite d'evaluation au site CECA-20 Makoko 1,"Mission de terrain sur un site de personnes deplacees avec equipe AFD, echanges communautaires, abris et point d'eau.",missions_terrain,protection; wash; coordination,evaluation_site_deplaces,visite_evaluation_site_deplaces,,,,,CECA-20 Makoko 1,personnes_deplacees; communautes,personnel_afd; beneficiaires; leaders_communautaires,mission_terrain; evaluation; site_deplaces; protection; wash; abris; point_eau; coordination,AFD visible sur les gilets; panneaux et marquages de site visibles sur certaines images.,2026-07-04 16:49:52,exif,false,eleve,"Planche-contact verifiee: deplacement terrain, abris, point d'eau et echanges communautaires.",missions_terrain,afd_missions_terrain_visite_evaluation_site_deplaces_site_ceca_20_makoko_1_016,Equipe AFD en visite d'evaluation au site CECA-20 Makoko 1.,Visite d'evaluation au site CECA-20 Makoko 1 avec observations de terrain et echanges communautaires.,false,already_exists,,true,D:\Maquette_AFD\Banque des images AFD\Banque Images 2\VISITE D_ÉVALUATION AU SITE DE PERSONNES DÉPLACÉES CECA-20 MAKOKO 1,2026-07-04T07:49:52,,true,,544e6667c6c2d9d9
87ad51a5-b2c3-4419-800e-05fbf0b128e0,DSC_1251.jpg,D:\Maquette_AFD\Banque des images AFD\Banque Images 2\VISITE D_ÉVALUATION AU SITE DE PERSONNES DÉPLACÉES CECA-20 MAKOKO 1\DSC_1251.jpg,afd_missions_terrain_visite_evaluation_site_deplaces_site_ceca_20_makoko_1_017.jpg,D:\Maquette_AFD\Banque des images AFD - Classees\17_missions_terrain\afd_missions_terrain_visite_evaluation_site_deplaces_site_ceca_20_makoko_1_017.jpg,.jpg,2711243,6016,4016,88cedb4557e4bbd26ae98cb474e2878ea482ad66000259b7969369d9f2da21e8,false,false,,Visite d'evaluation au site CECA-20 Makoko 1,"Mission de terrain sur un site de personnes deplacees avec equipe AFD, echanges communautaires, abris et point d'eau.",missions_terrain,protection; wash; coordination,evaluation_site_deplaces,visite_evaluation_site_deplaces,,,,,CECA-20 Makoko 1,personnes_deplacees; communautes,personnel_afd; beneficiaires; leaders_communautaires,mission_terrain; evaluation; site_deplaces; protection; wash; abris; point_eau; coordination,AFD visible sur les gilets; panneaux et marquages de site visibles sur certaines images.,2026-07-04 16:49:51,exif,false,eleve,"Planche-contact verifiee: deplacement terrain, abris, point d'eau et echanges communautaires.",missions_terrain,afd_missions_terrain_visite_evaluation_site_deplaces_site_ceca_20_makoko_1_017,Equipe AFD en visite d'evaluation au site CECA-20 Makoko 1.,Visite d'evaluation au site CECA-20 Makoko 1 avec observations de terrain et echanges communautaires.,false,already_exists,,true,D:\Maquette_AFD\Banque des images AFD\Banque Images 2\VISITE D_ÉVALUATION AU SITE DE PERSONNES DÉPLACÉES CECA-20 MAKOKO 1,2026-07-04T07:49:52,,true,,e3b1a7674a6ae9d1
b0b12cff-8e71-49a3-9185-156a62a4bfab,DSC_1252.jpg,D:\Maquette_AFD\Banque des images AFD\Banque Images 2\VISITE D_ÉVALUATION AU SITE DE PERSONNES DÉPLACÉES CECA-20 MAKOKO 1\DSC_1252.jpg,afd_missions_terrain_visite_evaluation_site_deplaces_site_ceca_20_makoko_1_018.jpg,D:\Maquette_AFD\Banque des images AFD - Classees\17_missions_terrain\afd_missions_terrain_visite_evaluation_site_deplaces_site_ceca_20_makoko_1_018.jpg,.jpg,1388112,6016,4016,fddd3b4d354d1756f5686594bb1c8146f7a7aac80f568859b65641aa4ec904f3,false,false,,Visite d'evaluation au site CECA-20 Makoko 1,"Mission de terrain sur un site de personnes deplacees avec equipe AFD, echanges communautaires, abris et point d'eau.",missions_terrain,protection; wash; coordination,evaluation_site_deplaces,visite_evaluation_site_deplaces,,,,,CECA-20 Makoko 1,personnes_deplacees; communautes,personnel_afd; beneficiaires; leaders_communautaires,mission_terrain; evaluation; site_deplaces; protection; wash; abris; point_eau; coordination,AFD visible sur les gilets; panneaux et marquages de site visibles sur certaines images.,2026-07-04 16:50:02,exif,false,eleve,"Planche-contact verifiee: deplacement terrain, abris, point d'eau et echanges communautaires.",missions_terrain,afd_missions_terrain_visite_evaluation_site_deplaces_site_ceca_20_makoko_1_018,Equipe AFD en visite d'evaluation au site CECA-20 Makoko 1.,Visite d'evaluation au site CECA-20 Makoko 1 avec observations de terrain et echanges communautaires.,false,already_exists,,true,D:\Maquette_AFD\Banque des images AFD\Banque Images 2\VISITE D_ÉVALUATION AU SITE DE PERSONNES DÉPLACÉES CECA-20 MAKOKO 1,2026-07-04T07:50:02,,true,,2c594dc4c4434341
60509e76-3148-4341-b933-529fdae52c25,DSC_1253.jpg,D:\Maquette_AFD\Banque des images AFD\Banque Images 2\VISITE D_ÉVALUATION AU SITE DE PERSONNES DÉPLACÉES CECA-20 MAKOKO 1\DSC_1253.jpg,afd_missions_terrain_visite_evaluation_site_deplaces_site_ceca_20_makoko_1_019.jpg,D:\Maquette_AFD\Banque des images AFD - Classees\17_missions_terrain\afd_missions_terrain_visite_evaluation_site_deplaces_site_ceca_20_makoko_1_019.jpg,.jpg,1750838,6016,4016,1e6469c1a17ae241a313608de1268a7d853155d98620edb0461dda47fa012c37,false,false,,Visite d'evaluation au site CECA-20 Makoko 1,"Mission de terrain sur un site de personnes deplacees avec equipe AFD, echanges communautaires, abris et point d'eau.",missions_terrain,protection; wash; coordination,evaluation_site_deplaces,visite_evaluation_site_deplaces,,,,,CECA-20 Makoko 1,personnes_deplacees; communautes,personnel_afd; beneficiaires; leaders_communautaires,mission_terrain; evaluation; site_deplaces; protection; wash; abris; point_eau; coordination,AFD visible sur les gilets; panneaux et marquages de site visibles sur certaines images.,2026-07-04 16:50:02,exif,false,eleve,"Planche-contact verifiee: deplacement terrain, abris, point d'eau et echanges communautaires.",missions_terrain,afd_missions_terrain_visite_evaluation_site_deplaces_site_ceca_20_makoko_1_019,Equipe AFD en visite d'evaluation au site CECA-20 Makoko 1.,Visite d'evaluation au site CECA-20 Makoko 1 avec observations de terrain et echanges communautaires.,false,already_exists,,true,D:\Maquette_AFD\Banque des images AFD\Banque Images 2\VISITE D_ÉVALUATION AU SITE DE PERSONNES DÉPLACÉES CECA-20 MAKOKO 1,2026-07-04T07:50:02,,true,,317397b9e868aaa9
0a39e054-7ddc-4987-8289-4869c8c853f8,DSC_1254.jpg,D:\Maquette_AFD\Banque des images AFD\Banque Images 2\VISITE D_ÉVALUATION AU SITE DE PERSONNES DÉPLACÉES CECA-20 MAKOKO 1\DSC_1254.jpg,afd_missions_terrain_visite_evaluation_site_deplaces_site_ceca_20_makoko_1_020.jpg,D:\Maquette_AFD\Banque des images AFD - Classees\17_missions_terrain\afd_missions_terrain_visite_evaluation_site_deplaces_site_ceca_20_makoko_1_020.jpg,.jpg,1301418,6016,4016,ecb2409ca31f36be53b6ec3776b089705bd0b633e9f6e79aacdc1b604471fdf2,false,false,,Visite d'evaluation au site CECA-20 Makoko 1,"Mission de terrain sur un site de personnes deplacees avec equipe AFD, echanges communautaires, abris et point d'eau.",missions_terrain,protection; wash; coordination,evaluation_site_deplaces,visite_evaluation_site_deplaces,,,,,CECA-20 Makoko 1,personnes_deplacees; communautes,personnel_afd; beneficiaires; leaders_communautaires,mission_terrain; evaluation; site_deplaces; protection; wash; abris; point_eau; coordination,AFD visible sur les gilets; panneaux et marquages de site visibles sur certaines images.,2026-07-04 16:50:14,exif,false,eleve,"Planche-contact verifiee: deplacement terrain, abris, point d'eau et echanges communautaires.",missions_terrain,afd_missions_terrain_visite_evaluation_site_deplaces_site_ceca_20_makoko_1_020,Equipe AFD en visite d'evaluation au site CECA-20 Makoko 1.,Visite d'evaluation au site CECA-20 Makoko 1 avec observations de terrain et echanges communautaires.,false,already_exists,,true,D:\Maquette_AFD\Banque des images AFD\Banque Images 2\VISITE D_ÉVALUATION AU SITE DE PERSONNES DÉPLACÉES CECA-20 MAKOKO 1,2026-07-04T07:50:14,,true,,8b78788a961292c2
5d5489d7-c9f8-4d88-81d3-f0b8f13625e0,DSC_1194.jpg,D:\Maquette_AFD\Banque des images AFD\Banque Images 2\VISITE EVALUATION SALAMA\DSC_1194.jpg,afd_missions_terrain_visite_evaluation_salama_001.jpg,D:\Maquette_AFD\Banque des images AFD - Classees\17_missions_terrain\afd_missions_terrain_visite_evaluation_salama_001.jpg,.jpg,2703546,6016,4016,3cb935603edb91042ef4b0daa3466651fcc4320aeadda9f009b56cffa51a7988,false,false,,Visite d'evaluation SALAMA,"Visite d'evaluation dans un contexte de sante SALAMA, avec equipe, personnel local, documents et espaces de service.",missions_terrain,sante; coordination; gouvernance,evaluation_site_sante,visite_evaluation,SALAMA,,,,,structures_de_sante; communautes,personnel_afd; personnel_sante; responsables_locaux,mission_terrain; evaluation; sante; salama; documents; centre_sante; coordination,Stop Ebola visible sur certains vetements; documents et affiches visibles dans les bureaux.,2026-07-03 14:00:53,exif,false,eleve,"Planche-contact verifiee: visite de site, documents, personnel et contexte de sante.",missions_terrain,afd_missions_terrain_visite_evaluation_salama_001,Equipe AFD lors d'une visite d'evaluation du projet SALAMA.,Visite d'evaluation du projet SALAMA dans un contexte de sante et de coordination locale.,false,already_exists,,true,D:\Maquette_AFD\Banque des images AFD\Banque Images 2\VISITE EVALUATION SALAMA,2026-07-03T05:00:52,,true,,e4e4d573333454c4
0fdded4d-77de-490d-b394-f0c4630cbe7f,DSC_1200.jpg,D:\Maquette_AFD\Banque des images AFD\Banque Images 2\VISITE EVALUATION SALAMA\DSC_1200.jpg,afd_missions_terrain_visite_evaluation_salama_002.jpg,D:\Maquette_AFD\Banque des images AFD - Classees\17_missions_terrain\afd_missions_terrain_visite_evaluation_salama_002.jpg,.jpg,3081168,6016,4016,1ea390aa0bc9b636fe135a5737bcce9aa82546589706ad6ea0d5d7bc55c3446d,false,false,,Visite d'evaluation SALAMA,"Visite d'evaluation dans un contexte de sante SALAMA, avec equipe, personnel local, documents et espaces de service.",missions_terrain,sante; coordination; gouvernance,evaluation_site_sante,visite_evaluation,SALAMA,,,,,structures_de_sante; communautes,personnel_afd; personnel_sante; responsables_locaux,mission_terrain; evaluation; sante; salama; documents; centre_sante; coordination,Stop Ebola visible sur certains vetements; documents et affiches visibles dans les bureaux.,2026-07-03 14:01:02,exif,false,eleve,"Planche-contact verifiee: visite de site, documents, personnel et contexte de sante.",missions_terrain,afd_missions_terrain_visite_evaluation_salama_002,Equipe AFD lors d'une visite d'evaluation du projet SALAMA.,Visite d'evaluation du projet SALAMA dans un contexte de sante et de coordination locale.,false,already_exists,,true,D:\Maquette_AFD\Banque des images AFD\Banque Images 2\VISITE EVALUATION SALAMA,2026-07-03T05:01:02,,true,,53c6ce6f4e5bdbb2
e074e634-75f7-48b6-a162-19955e341cbf,DSC_1204.jpg,D:\Maquette_AFD\Banque des images AFD\Banque Images 2\VISITE EVALUATION SALAMA\DSC_1204.jpg,afd_missions_terrain_visite_evaluation_salama_003.jpg,D:\Maquette_AFD\Banque des images AFD - Classees\17_missions_terrain\afd_missions_terrain_visite_evaluation_salama_003.jpg,.jpg,2682201,6016,4016,b3cfc6b2178577950888ea9906287278ec5d43706ddb73a7591464f24997a866,false,false,,Visite d'evaluation SALAMA,"Visite d'evaluation dans un contexte de sante SALAMA, avec equipe, personnel local, documents et espaces de service.",missions_terrain,sante; coordination; gouvernance,evaluation_site_sante,visite_evaluation,SALAMA,,,,,structures_de_sante; communautes,personnel_afd; personnel_sante; responsables_locaux,mission_terrain; evaluation; sante; salama; documents; centre_sante; coordination,Stop Ebola visible sur certains vetements; documents et affiches visibles dans les bureaux.,2026-07-03 14:01:03,exif,false,eleve,"Planche-contact verifiee: visite de site, documents, personnel et contexte de sante.",missions_terrain,afd_missions_terrain_visite_evaluation_salama_003,Equipe AFD lors d'une visite d'evaluation du projet SALAMA.,Visite d'evaluation du projet SALAMA dans un contexte de sante et de coordination locale.,false,already_exists,,true,D:\Maquette_AFD\Banque des images AFD\Banque Images 2\VISITE EVALUATION SALAMA,2026-07-03T05:01:04,,true,,113ba9296426a498
d318c78a-eb36-4b6d-a1af-8b7504f5b69b,DSC_1207.jpg,D:\Maquette_AFD\Banque des images AFD\Banque Images 2\VISITE EVALUATION SALAMA\DSC_1207.jpg,afd_missions_terrain_visite_evaluation_salama_004.jpg,D:\Maquette_AFD\Banque des images AFD - Classees\17_missions_terrain\afd_missions_terrain_visite_evaluation_salama_004.jpg,.jpg,1805097,6016,4016,513c9037a4f9a95ff802e49c51cd4033dd61cf6d9eeff42848fa27361ebdd949,false,false,,Visite d'evaluation SALAMA,"Visite d'evaluation dans un contexte de sante SALAMA, avec equipe, personnel local, documents et espaces de service.",missions_terrain,sante; coordination; gouvernance,evaluation_site_sante,visite_evaluation,SALAMA,,,,,structures_de_sante; communautes,personnel_afd; personnel_sante; responsables_locaux,mission_terrain; evaluation; sante; salama; documents; centre_sante; coordination,Stop Ebola visible sur certains vetements; documents et affiches visibles dans les bureaux.,2026-07-03 14:01:13,exif,false,eleve,"Planche-contact verifiee: visite de site, documents, personnel et contexte de sante.",missions_terrain,afd_missions_terrain_visite_evaluation_salama_004,Equipe AFD lors d'une visite d'evaluation du projet SALAMA.,Visite d'evaluation du projet SALAMA dans un contexte de sante et de coordination locale.,false,already_exists,,true,D:\Maquette_AFD\Banque des images AFD\Banque Images 2\VISITE EVALUATION SALAMA,2026-07-03T05:01:12,,true,,2394889399dadce4
c2719a01-5916-487e-8b26-40921e81923c,DSC_1208.jpg,D:\Maquette_AFD\Banque des images AFD\Banque Images 2\VISITE EVALUATION SALAMA\DSC_1208.jpg,afd_missions_terrain_visite_evaluation_salama_005.jpg,D:\Maquette_AFD\Banque des images AFD - Classees\17_missions_terrain\afd_missions_terrain_visite_evaluation_salama_005.jpg,.jpg,2142048,6016,4016,7dd87e7bd33d342806f5c4dc932ed55251c65bb10bbd6580a66d32d6e84d6222,false,false,,Visite d'evaluation SALAMA,"Visite d'evaluation dans un contexte de sante SALAMA, avec equipe, personnel local, documents et espaces de service.",missions_terrain,sante; coordination; gouvernance,evaluation_site_sante,visite_evaluation,SALAMA,,,,,structures_de_sante; communautes,personnel_afd; personnel_sante; responsables_locaux,mission_terrain; evaluation; sante; salama; documents; centre_sante; coordination,Stop Ebola visible sur certains vetements; documents et affiches visibles dans les bureaux.,2026-07-03 14:01:13,exif,false,eleve,"Planche-contact verifiee: visite de site, documents, personnel et contexte de sante.",missions_terrain,afd_missions_terrain_visite_evaluation_salama_005,Equipe AFD lors d'une visite d'evaluation du projet SALAMA.,Visite d'evaluation du projet SALAMA dans un contexte de sante et de coordination locale.,false,already_exists,,true,D:\Maquette_AFD\Banque des images AFD\Banque Images 2\VISITE EVALUATION SALAMA,2026-07-03T05:01:12,,true,,379a1a717362bafa
a86f62d0-6740-443e-b71c-e7450e0a1a62,DSC_1210.jpg,D:\Maquette_AFD\Banque des images AFD\Banque Images 2\VISITE EVALUATION SALAMA\DSC_1210.jpg,afd_missions_terrain_visite_evaluation_salama_006.jpg,D:\Maquette_AFD\Banque des images AFD - Classees\17_missions_terrain\afd_missions_terrain_visite_evaluation_salama_006.jpg,.jpg,2932954,6016,4016,a3e81f1c87cf32f62d5daa6899573dadb29269cdaeb38502821b2c2dc0406f7f,false,false,,Visite d'evaluation SALAMA,"Visite d'evaluation dans un contexte de sante SALAMA, avec equipe, personnel local, documents et espaces de service.",missions_terrain,sante; coordination; gouvernance,evaluation_site_sante,visite_evaluation,SALAMA,,,,,structures_de_sante; communautes,personnel_afd; personnel_sante; responsables_locaux,mission_terrain; evaluation; sante; salama; documents; centre_sante; coordination,Stop Ebola visible sur certains vetements; documents et affiches visibles dans les bureaux.,2026-07-03 14:01:23,exif,false,eleve,"Planche-contact verifiee: visite de site, documents, personnel et contexte de sante.",missions_terrain,afd_missions_terrain_visite_evaluation_salama_006,Equipe AFD lors d'une visite d'evaluation du projet SALAMA.,Visite d'evaluation du projet SALAMA dans un contexte de sante et de coordination locale.,false,already_exists,,true,D:\Maquette_AFD\Banque des images AFD\Banque Images 2\VISITE EVALUATION SALAMA,2026-07-03T05:01:24,,true,,313818943c3b1b39
aa1a5d87-31d1-409f-9ed8-bf3e435a6ef8,DSC_1211.jpg,D:\Maquette_AFD\Banque des images AFD\Banque Images 2\VISITE EVALUATION SALAMA\DSC_1211.jpg,afd_missions_terrain_visite_evaluation_salama_007.jpg,D:\Maquette_AFD\Banque des images AFD - Classees\17_missions_terrain\afd_missions_terrain_visite_evaluation_salama_007.jpg,.jpg,2749203,6016,4016,6866f82db30ec257ab715a5a24357f7e1b5567af679f3164ecc10453a4af16ee,false,false,,Visite d'evaluation SALAMA,"Visite d'evaluation dans un contexte de sante SALAMA, avec equipe, personnel local, documents et espaces de service.",missions_terrain,sante; coordination; gouvernance,evaluation_site_sante,visite_evaluation,SALAMA,,,,,structures_de_sante; communautes,personnel_afd; personnel_sante; responsables_locaux,mission_terrain; evaluation; sante; salama; documents; centre_sante; coordination,Stop Ebola visible sur certains vetements; documents et affiches visibles dans les bureaux.,2026-07-03 14:01:23,exif,false,eleve,"Planche-contact verifiee: visite de site, documents, personnel et contexte de sante.",missions_terrain,afd_missions_terrain_visite_evaluation_salama_007,Equipe AFD lors d'une visite d'evaluation du projet SALAMA.,Visite d'evaluation du projet SALAMA dans un contexte de sante et de coordination locale.,false,already_exists,,true,D:\Maquette_AFD\Banque des images AFD\Banque Images 2\VISITE EVALUATION SALAMA,2026-07-03T05:01:24,,true,,61622622584c4420
192cf29d-ae77-4459-9d84-e3887d88c565,DSC_1213.jpg,D:\Maquette_AFD\Banque des images AFD\Banque Images 2\VISITE EVALUATION SALAMA\DSC_1213.jpg,afd_missions_terrain_visite_evaluation_salama_008.jpg,D:\Maquette_AFD\Banque des images AFD - Classees\17_missions_terrain\afd_missions_terrain_visite_evaluation_salama_008.jpg,.jpg,3129850,6016,4016,5b17a69b2eee143c2a22240f5b9a94c63446767fe3e7c935663304d473642921,false,false,,Visite d'evaluation SALAMA,"Visite d'evaluation dans un contexte de sante SALAMA, avec equipe, personnel local, documents et espaces de service.",missions_terrain,sante; coordination; gouvernance,evaluation_site_sante,visite_evaluation,SALAMA,,,,,structures_de_sante; communautes,personnel_afd; personnel_sante; responsables_locaux,mission_terrain; evaluation; sante; salama; documents; centre_sante; coordination,Stop Ebola visible sur certains vetements; documents et affiches visibles dans les bureaux.,2026-07-03 14:01:30,exif,false,eleve,"Planche-contact verifiee: visite de site, documents, personnel et contexte de sante.",missions_terrain,afd_missions_terrain_visite_evaluation_salama_008,Equipe AFD lors d'une visite d'evaluation du projet SALAMA.,Visite d'evaluation du projet SALAMA dans un contexte de sante et de coordination locale.,false,already_exists,,true,D:\Maquette_AFD\Banque des images AFD\Banque Images 2\VISITE EVALUATION SALAMA,2026-07-03T05:01:30,,true,,586078585212c3c8
