original_filename,original_path,new_filename,output_path,primary_sector,activity,confidence,classification_reason
DSC_0626.jpg,D:\Maquette_AFD\Banque des images AFD\Banque Images 1\All children\DSC_0626.jpg,afd_enfance_activites_enfants_site_communautaire_001.jpg,D:\Maquette_AFD\Banque des images AFD - Classees\12_enfance\afd_enfance_activites_enfants_site_communautaire_001.jpg,enfance,activites_enfants,moyen,"Planche-contact verifiee: enfants en groupe, abris et contexte communautaire visibles; le dossier confirme une serie centree sur les enfants."
DSC_0627.jpg,D:\Maquette_AFD\Banque des images AFD\Banque Images 1\All children\DSC_0627.jpg,afd_enfance_activites_enfants_site_communautaire_002.jpg,D:\Maquette_AFD\Banque des images AFD - Classees\12_enfance\afd_enfance_activites_enfants_site_communautaire_002.jpg,enfance,activites_enfants,moyen,"Planche-contact verifiee: enfants en groupe, abris et contexte communautaire visibles; le dossier confirme une serie centree sur les enfants."
DSC_0628.jpg,D:\Maquette_AFD\Banque des images AFD\Banque Images 1\All children\DSC_0628.jpg,afd_enfance_activites_enfants_site_communautaire_003.jpg,D:\Maquette_AFD\Banque des images AFD - Classees\12_enfance\afd_enfance_activites_enfants_site_communautaire_003.jpg,enfance,activites_enfants,moyen,"Planche-contact verifiee: enfants en groupe, abris et contexte communautaire visibles; le dossier confirme une serie centree sur les enfants."
DSC_0957.jpg,D:\Maquette_AFD\Banque des images AFD\Banque Images 1\All children\DSC_0957.jpg,afd_enfance_activites_enfants_site_communautaire_004.jpg,D:\Maquette_AFD\Banque des images AFD - Classees\12_enfance\afd_enfance_activites_enfants_site_communautaire_004.jpg,enfance,activites_enfants,moyen,"Planche-contact verifiee: enfants en groupe, abris et contexte communautaire visibles; le dossier confirme une serie centree sur les enfants."
DSC_0962.jpg,D:\Maquette_AFD\Banque des images AFD\Banque Images 1\All children\DSC_0962.jpg,afd_enfance_activites_enfants_site_communautaire_005.jpg,D:\Maquette_AFD\Banque des images AFD - Classees\12_enfance\afd_enfance_activites_enfants_site_communautaire_005.jpg,enfance,activites_enfants,moyen,"Planche-contact verifiee: enfants en groupe, abris et contexte communautaire visibles; le dossier confirme une serie centree sur les enfants."
DSC_0964.jpg,D:\Maquette_AFD\Banque des images AFD\Banque Images 1\All children\DSC_0964.jpg,afd_enfance_activites_enfants_site_communautaire_006.jpg,D:\Maquette_AFD\Banque des images AFD - Classees\12_enfance\afd_enfance_activites_enfants_site_communautaire_006.jpg,enfance,activites_enfants,moyen,"Planche-contact verifiee: enfants en groupe, abris et contexte communautaire visibles; le dossier confirme une serie centree sur les enfants."
DSC_0970.jpg,D:\Maquette_AFD\Banque des images AFD\Banque Images 1\All children\DSC_0970.jpg,afd_enfance_activites_enfants_site_communautaire_007.jpg,D:\Maquette_AFD\Banque des images AFD - Classees\12_enfance\afd_enfance_activites_enfants_site_communautaire_007.jpg,enfance,activites_enfants,moyen,"Planche-contact verifiee: enfants en groupe, abris et contexte communautaire visibles; le dossier confirme une serie centree sur les enfants."
DSC_1255.jpg,D:\Maquette_AFD\Banque des images AFD\Banque Images 1\All children\DSC_1255.jpg,afd_enfance_activites_enfants_site_communautaire_008.jpg,D:\Maquette_AFD\Banque des images AFD - Classees\12_enfance\afd_enfance_activites_enfants_site_communautaire_008.jpg,enfance,activites_enfants,moyen,"Planche-contact verifiee: enfants en groupe, abris et contexte communautaire visibles; le dossier confirme une serie centree sur les enfants."
DSC_1257.jpg,D:\Maquette_AFD\Banque des images AFD\Banque Images 1\All children\DSC_1257.jpg,afd_enfance_activites_enfants_site_communautaire_009.jpg,D:\Maquette_AFD\Banque des images AFD - Classees\12_enfance\afd_enfance_activites_enfants_site_communautaire_009.jpg,enfance,activites_enfants,moyen,"Planche-contact verifiee: enfants en groupe, abris et contexte communautaire visibles; le dossier confirme une serie centree sur les enfants."
DSC_1258.jpg,D:\Maquette_AFD\Banque des images AFD\Banque Images 1\All children\DSC_1258.jpg,afd_enfance_activites_enfants_site_communautaire_010.jpg,D:\Maquette_AFD\Banque des images AFD - Classees\12_enfance\afd_enfance_activites_enfants_site_communautaire_010.jpg,enfance,activites_enfants,moyen,"Planche-contact verifiee: enfants en groupe, abris et contexte communautaire visibles; le dossier confirme une serie centree sur les enfants."
DSC_1259.jpg,D:\Maquette_AFD\Banque des images AFD\Banque Images 1\All children\DSC_1259.jpg,afd_enfance_activites_enfants_site_communautaire_011.jpg,D:\Maquette_AFD\Banque des images AFD - Classees\12_enfance\afd_enfance_activites_enfants_site_communautaire_011.jpg,enfance,activites_enfants,moyen,"Planche-contact verifiee: enfants en groupe, abris et contexte communautaire visibles; le dossier confirme une serie centree sur les enfants."
DSC_1260.jpg,D:\Maquette_AFD\Banque des images AFD\Banque Images 1\All children\DSC_1260.jpg,afd_enfance_activites_enfants_site_communautaire_012.jpg,D:\Maquette_AFD\Banque des images AFD - Classees\12_enfance\afd_enfance_activites_enfants_site_communautaire_012.jpg,enfance,activites_enfants,moyen,"Planche-contact verifiee: enfants en groupe, abris et contexte communautaire visibles; le dossier confirme une serie centree sur les enfants."
DSC_1319.jpg,D:\Maquette_AFD\Banque des images AFD\Banque Images 1\All children\DSC_1319.jpg,afd_enfance_activites_enfants_site_communautaire_013.jpg,D:\Maquette_AFD\Banque des images AFD - Classees\12_enfance\afd_enfance_activites_enfants_site_communautaire_013.jpg,enfance,activites_enfants,moyen,"Planche-contact verifiee: enfants en groupe, abris et contexte communautaire visibles; le dossier confirme une serie centree sur les enfants."
DSC_1324.jpg,D:\Maquette_AFD\Banque des images AFD\Banque Images 1\All children\DSC_1324.jpg,afd_enfance_activites_enfants_site_communautaire_014.jpg,D:\Maquette_AFD\Banque des images AFD - Classees\12_enfance\afd_enfance_activites_enfants_site_communautaire_014.jpg,enfance,activites_enfants,moyen,"Planche-contact verifiee: enfants en groupe, abris et contexte communautaire visibles; le dossier confirme une serie centree sur les enfants."
DSC_1325.jpg,D:\Maquette_AFD\Banque des images AFD\Banque Images 1\All children\DSC_1325.jpg,afd_enfance_activites_enfants_site_communautaire_015.jpg,D:\Maquette_AFD\Banque des images AFD - Classees\12_enfance\afd_enfance_activites_enfants_site_communautaire_015.jpg,enfance,activites_enfants,moyen,"Planche-contact verifiee: enfants en groupe, abris et contexte communautaire visibles; le dossier confirme une serie centree sur les enfants."
DSC_1326.jpg,D:\Maquette_AFD\Banque des images AFD\Banque Images 1\All children\DSC_1326.jpg,afd_enfance_activites_enfants_site_communautaire_016.jpg,D:\Maquette_AFD\Banque des images AFD - Classees\12_enfance\afd_enfance_activites_enfants_site_communautaire_016.jpg,enfance,activites_enfants,moyen,"Planche-contact verifiee: enfants en groupe, abris et contexte communautaire visibles; le dossier confirme une serie centree sur les enfants."
DSC_1327.jpg,D:\Maquette_AFD\Banque des images AFD\Banque Images 1\All children\DSC_1327.jpg,afd_enfance_activites_enfants_site_communautaire_017.jpg,D:\Maquette_AFD\Banque des images AFD - Classees\12_enfance\afd_enfance_activites_enfants_site_communautaire_017.jpg,enfance,activites_enfants,moyen,"Planche-contact verifiee: enfants en groupe, abris et contexte communautaire visibles; le dossier confirme une serie centree sur les enfants."
DSC_1328.jpg,D:\Maquette_AFD\Banque des images AFD\Banque Images 1\All children\DSC_1328.jpg,afd_enfance_activites_enfants_site_communautaire_018.jpg,D:\Maquette_AFD\Banque des images AFD - Classees\12_enfance\afd_enfance_activites_enfants_site_communautaire_018.jpg,enfance,activites_enfants,moyen,"Planche-contact verifiee: enfants en groupe, abris et contexte communautaire visibles; le dossier confirme une serie centree sur les enfants."
DSC_1329.jpg,D:\Maquette_AFD\Banque des images AFD\Banque Images 1\All children\DSC_1329.jpg,afd_enfance_activites_enfants_site_communautaire_019.jpg,D:\Maquette_AFD\Banque des images AFD - Classees\12_enfance\afd_enfance_activites_enfants_site_communautaire_019.jpg,enfance,activites_enfants,moyen,"Planche-contact verifiee: enfants en groupe, abris et contexte communautaire visibles; le dossier confirme une serie centree sur les enfants."
DSC_1423.jpg,D:\Maquette_AFD\Banque des images AFD\Banque Images 1\All children\DSC_1423.jpg,afd_enfance_activites_enfants_site_communautaire_020.jpg,D:\Maquette_AFD\Banque des images AFD - Classees\12_enfance\afd_enfance_activites_enfants_site_communautaire_020.jpg,enfance,activites_enfants,moyen,"Planche-contact verifiee: enfants en groupe, abris et contexte communautaire visibles; le dossier confirme une serie centree sur les enfants."
DSC_1424.jpg,D:\Maquette_AFD\Banque des images AFD\Banque Images 1\All children\DSC_1424.jpg,afd_enfance_activites_enfants_site_communautaire_021.jpg,D:\Maquette_AFD\Banque des images AFD - Classees\12_enfance\afd_enfance_activites_enfants_site_communautaire_021.jpg,enfance,activites_enfants,moyen,"Planche-contact verifiee: enfants en groupe, abris et contexte communautaire visibles; le dossier confirme une serie centree sur les enfants."
DSC_1425.jpg,D:\Maquette_AFD\Banque des images AFD\Banque Images 1\All children\DSC_1425.jpg,afd_enfance_activites_enfants_site_communautaire_022.jpg,D:\Maquette_AFD\Banque des images AFD - Classees\12_enfance\afd_enfance_activites_enfants_site_communautaire_022.jpg,enfance,activites_enfants,moyen,"Planche-contact verifiee: enfants en groupe, abris et contexte communautaire visibles; le dossier confirme une serie centree sur les enfants."
DSC_1426.jpg,D:\Maquette_AFD\Banque des images AFD\Banque Images 1\All children\DSC_1426.jpg,afd_enfance_activites_enfants_site_communautaire_023.jpg,D:\Maquette_AFD\Banque des images AFD - Classees\12_enfance\afd_enfance_activites_enfants_site_communautaire_023.jpg,enfance,activites_enfants,moyen,"Planche-contact verifiee: enfants en groupe, abris et contexte communautaire visibles; le dossier confirme une serie centree sur les enfants."
DSC_1427.jpg,D:\Maquette_AFD\Banque des images AFD\Banque Images 1\All children\DSC_1427.jpg,afd_enfance_activites_enfants_site_communautaire_024.jpg,D:\Maquette_AFD\Banque des images AFD - Classees\12_enfance\afd_enfance_activites_enfants_site_communautaire_024.jpg,enfance,activites_enfants,moyen,"Planche-contact verifiee: enfants en groupe, abris et contexte communautaire visibles; le dossier confirme une serie centree sur les enfants."
DSC_1428.jpg,D:\Maquette_AFD\Banque des images AFD\Banque Images 1\All children\DSC_1428.jpg,afd_enfance_activites_enfants_site_communautaire_025.jpg,D:\Maquette_AFD\Banque des images AFD - Classees\12_enfance\afd_enfance_activites_enfants_site_communautaire_025.jpg,enfance,activites_enfants,moyen,"Planche-contact verifiee: enfants en groupe, abris et contexte communautaire visibles; le dossier confirme une serie centree sur les enfants."
DSC_1429.jpg,D:\Maquette_AFD\Banque des images AFD\Banque Images 1\All children\DSC_1429.jpg,afd_enfance_activites_enfants_site_communautaire_026.jpg,D:\Maquette_AFD\Banque des images AFD - Classees\12_enfance\afd_enfance_activites_enfants_site_communautaire_026.jpg,enfance,activites_enfants,moyen,"Planche-contact verifiee: enfants en groupe, abris et contexte communautaire visibles; le dossier confirme une serie centree sur les enfants."
DSC_1431.jpg,D:\Maquette_AFD\Banque des images AFD\Banque Images 1\All children\DSC_1431.jpg,afd_enfance_activites_enfants_site_communautaire_027.jpg,D:\Maquette_AFD\Banque des images AFD - Classees\12_enfance\afd_enfance_activites_enfants_site_communautaire_027.jpg,enfance,activites_enfants,moyen,"Planche-contact verifiee: enfants en groupe, abris et contexte communautaire visibles; le dossier confirme une serie centree sur les enfants."
DSC_1432.jpg,D:\Maquette_AFD\Banque des images AFD\Banque Images 1\All children\DSC_1432.jpg,afd_enfance_activites_enfants_site_communautaire_028.jpg,D:\Maquette_AFD\Banque des images AFD - Classees\12_enfance\afd_enfance_activites_enfants_site_communautaire_028.jpg,enfance,activites_enfants,moyen,"Planche-contact verifiee: enfants en groupe, abris et contexte communautaire visibles; le dossier confirme une serie centree sur les enfants."
DSC_1433.jpg,D:\Maquette_AFD\Banque des images AFD\Banque Images 1\All children\DSC_1433.jpg,afd_enfance_activites_enfants_site_communautaire_029.jpg,D:\Maquette_AFD\Banque des images AFD - Classees\12_enfance\afd_enfance_activites_enfants_site_communautaire_029.jpg,enfance,activites_enfants,moyen,"Planche-contact verifiee: enfants en groupe, abris et contexte communautaire visibles; le dossier confirme une serie centree sur les enfants."
DSC_1434.jpg,D:\Maquette_AFD\Banque des images AFD\Banque Images 1\All children\DSC_1434.jpg,afd_enfance_activites_enfants_site_communautaire_030.jpg,D:\Maquette_AFD\Banque des images AFD - Classees\12_enfance\afd_enfance_activites_enfants_site_communautaire_030.jpg,enfance,activites_enfants,moyen,"Planche-contact verifiee: enfants en groupe, abris et contexte communautaire visibles; le dossier confirme une serie centree sur les enfants."
DSC_1435.jpg,D:\Maquette_AFD\Banque des images AFD\Banque Images 1\All children\DSC_1435.jpg,afd_enfance_activites_enfants_site_communautaire_031.jpg,D:\Maquette_AFD\Banque des images AFD - Classees\12_enfance\afd_enfance_activites_enfants_site_communautaire_031.jpg,enfance,activites_enfants,moyen,"Planche-contact verifiee: enfants en groupe, abris et contexte communautaire visibles; le dossier confirme une serie centree sur les enfants."
DSC_1436.jpg,D:\Maquette_AFD\Banque des images AFD\Banque Images 1\All children\DSC_1436.jpg,afd_enfance_activites_enfants_site_communautaire_032.jpg,D:\Maquette_AFD\Banque des images AFD - Classees\12_enfance\afd_enfance_activites_enfants_site_communautaire_032.jpg,enfance,activites_enfants,moyen,"Planche-contact verifiee: enfants en groupe, abris et contexte communautaire visibles; le dossier confirme une serie centree sur les enfants."
DSC_1832.jpg,D:\Maquette_AFD\Banque des images AFD\Banque Images 1\All children\DSC_1832.jpg,afd_enfance_activites_enfants_site_communautaire_033.jpg,D:\Maquette_AFD\Banque des images AFD - Classees\12_enfance\afd_enfance_activites_enfants_site_communautaire_033.jpg,enfance,activites_enfants,moyen,"Planche-contact verifiee: enfants en groupe, abris et contexte communautaire visibles; le dossier confirme une serie centree sur les enfants."
DSC_1834.jpg,D:\Maquette_AFD\Banque des images AFD\Banque Images 1\All children\DSC_1834.jpg,afd_enfance_activites_enfants_site_communautaire_034.jpg,D:\Maquette_AFD\Banque des images AFD - Classees\12_enfance\afd_enfance_activites_enfants_site_communautaire_034.jpg,enfance,activites_enfants,moyen,"Planche-contact verifiee: enfants en groupe, abris et contexte communautaire visibles; le dossier confirme une serie centree sur les enfants."
DSC_1835.jpg,D:\Maquette_AFD\Banque des images AFD\Banque Images 1\All children\DSC_1835.jpg,afd_enfance_activites_enfants_site_communautaire_035.jpg,D:\Maquette_AFD\Banque des images AFD - Classees\12_enfance\afd_enfance_activites_enfants_site_communautaire_035.jpg,enfance,activites_enfants,moyen,"Planche-contact verifiee: enfants en groupe, abris et contexte communautaire visibles; le dossier confirme une serie centree sur les enfants."
DSC_1837.jpg,D:\Maquette_AFD\Banque des images AFD\Banque Images 1\All children\DSC_1837.jpg,afd_enfance_activites_enfants_site_communautaire_036.jpg,D:\Maquette_AFD\Banque des images AFD - Classees\12_enfance\afd_enfance_activites_enfants_site_communautaire_036.jpg,enfance,activites_enfants,moyen,"Planche-contact verifiee: enfants en groupe, abris et contexte communautaire visibles; le dossier confirme une serie centree sur les enfants."
DSC_1839.jpg,D:\Maquette_AFD\Banque des images AFD\Banque Images 1\All children\DSC_1839.jpg,afd_enfance_activites_enfants_site_communautaire_037.jpg,D:\Maquette_AFD\Banque des images AFD - Classees\12_enfance\afd_enfance_activites_enfants_site_communautaire_037.jpg,enfance,activites_enfants,moyen,"Planche-contact verifiee: enfants en groupe, abris et contexte communautaire visibles; le dossier confirme une serie centree sur les enfants."
DSC_1840.jpg,D:\Maquette_AFD\Banque des images AFD\Banque Images 1\All children\DSC_1840.jpg,afd_enfance_activites_enfants_site_communautaire_038.jpg,D:\Maquette_AFD\Banque des images AFD - Classees\12_enfance\afd_enfance_activites_enfants_site_communautaire_038.jpg,enfance,activites_enfants,moyen,"Planche-contact verifiee: enfants en groupe, abris et contexte communautaire visibles; le dossier confirme une serie centree sur les enfants."
DSC_1842.jpg,D:\Maquette_AFD\Banque des images AFD\Banque Images 1\All children\DSC_1842.jpg,afd_enfance_activites_enfants_site_communautaire_039.jpg,D:\Maquette_AFD\Banque des images AFD - Classees\12_enfance\afd_enfance_activites_enfants_site_communautaire_039.jpg,enfance,activites_enfants,moyen,"Planche-contact verifiee: enfants en groupe, abris et contexte communautaire visibles; le dossier confirme une serie centree sur les enfants."
DSC_1843.jpg,D:\Maquette_AFD\Banque des images AFD\Banque Images 1\All children\DSC_1843.jpg,afd_enfance_activites_enfants_site_communautaire_040.jpg,D:\Maquette_AFD\Banque des images AFD - Classees\12_enfance\afd_enfance_activites_enfants_site_communautaire_040.jpg,enfance,activites_enfants,moyen,"Planche-contact verifiee: enfants en groupe, abris et contexte communautaire visibles; le dossier confirme une serie centree sur les enfants."
DSC_1846.jpg,D:\Maquette_AFD\Banque des images AFD\Banque Images 1\All children\DSC_1846.jpg,afd_enfance_activites_enfants_site_communautaire_041.jpg,D:\Maquette_AFD\Banque des images AFD - Classees\12_enfance\afd_enfance_activites_enfants_site_communautaire_041.jpg,enfance,activites_enfants,moyen,"Planche-contact verifiee: enfants en groupe, abris et contexte communautaire visibles; le dossier confirme une serie centree sur les enfants."
DSC_1496.jpg,D:\Maquette_AFD\Banque des images AFD\Banque Images 1\Atelier de formation des prestataires de soins SALAMA\DSC_1496.jpg,afd_sante_formation_prestataires_soins_salama_001.jpg,D:\Maquette_AFD\Banque des images AFD - Classees\01_sante\afd_sante_formation_prestataires_soins_salama_001.jpg,sante,formation_prestataires_soins,eleve,"Planche-contact verifiee: salle de formation, supports pedagogiques, participants, prestataires et exercices avec equipements de protection."
DSC_1498.jpg,D:\Maquette_AFD\Banque des images AFD\Banque Images 1\Atelier de formation des prestataires de soins SALAMA\DSC_1498.jpg,afd_sante_formation_prestataires_soins_salama_002.jpg,D:\Maquette_AFD\Banque des images AFD - Classees\01_sante\afd_sante_formation_prestataires_soins_salama_002.jpg,sante,formation_prestataires_soins,eleve,"Planche-contact verifiee: salle de formation, supports pedagogiques, participants, prestataires et exercices avec equipements de protection."
DSC_1499.jpg,D:\Maquette_AFD\Banque des images AFD\Banque Images 1\Atelier de formation des prestataires de soins SALAMA\DSC_1499.jpg,afd_sante_formation_prestataires_soins_salama_003.jpg,D:\Maquette_AFD\Banque des images AFD - Classees\01_sante\afd_sante_formation_prestataires_soins_salama_003.jpg,sante,formation_prestataires_soins,eleve,"Planche-contact verifiee: salle de formation, supports pedagogiques, participants, prestataires et exercices avec equipements de protection."
DSC_1501.jpg,D:\Maquette_AFD\Banque des images AFD\Banque Images 1\Atelier de formation des prestataires de soins SALAMA\DSC_1501.jpg,afd_sante_formation_prestataires_soins_salama_004.jpg,D:\Maquette_AFD\Banque des images AFD - Classees\01_sante\afd_sante_formation_prestataires_soins_salama_004.jpg,sante,formation_prestataires_soins,eleve,"Planche-contact verifiee: salle de formation, supports pedagogiques, participants, prestataires et exercices avec equipements de protection."
DSC_1502.jpg,D:\Maquette_AFD\Banque des images AFD\Banque Images 1\Atelier de formation des prestataires de soins SALAMA\DSC_1502.jpg,afd_sante_formation_prestataires_soins_salama_005.jpg,D:\Maquette_AFD\Banque des images AFD - Classees\01_sante\afd_sante_formation_prestataires_soins_salama_005.jpg,sante,formation_prestataires_soins,eleve,"Planche-contact verifiee: salle de formation, supports pedagogiques, participants, prestataires et exercices avec equipements de protection."
DSC_1503.jpg,D:\Maquette_AFD\Banque des images AFD\Banque Images 1\Atelier de formation des prestataires de soins SALAMA\DSC_1503.jpg,afd_sante_formation_prestataires_soins_salama_006.jpg,D:\Maquette_AFD\Banque des images AFD - Classees\01_sante\afd_sante_formation_prestataires_soins_salama_006.jpg,sante,formation_prestataires_soins,eleve,"Planche-contact verifiee: salle de formation, supports pedagogiques, participants, prestataires et exercices avec equipements de protection."
DSC_1504.jpg,D:\Maquette_AFD\Banque des images AFD\Banque Images 1\Atelier de formation des prestataires de soins SALAMA\DSC_1504.jpg,afd_sante_formation_prestataires_soins_salama_007.jpg,D:\Maquette_AFD\Banque des images AFD - Classees\01_sante\afd_sante_formation_prestataires_soins_salama_007.jpg,sante,formation_prestataires_soins,eleve,"Planche-contact verifiee: salle de formation, supports pedagogiques, participants, prestataires et exercices avec equipements de protection."
DSC_1505.jpg,D:\Maquette_AFD\Banque des images AFD\Banque Images 1\Atelier de formation des prestataires de soins SALAMA\DSC_1505.jpg,afd_sante_formation_prestataires_soins_salama_008.jpg,D:\Maquette_AFD\Banque des images AFD - Classees\01_sante\afd_sante_formation_prestataires_soins_salama_008.jpg,sante,formation_prestataires_soins,eleve,"Planche-contact verifiee: salle de formation, supports pedagogiques, participants, prestataires et exercices avec equipements de protection."
DSC_1506.jpg,D:\Maquette_AFD\Banque des images AFD\Banque Images 1\Atelier de formation des prestataires de soins SALAMA\DSC_1506.jpg,afd_sante_formation_prestataires_soins_salama_009.jpg,D:\Maquette_AFD\Banque des images AFD - Classees\01_sante\afd_sante_formation_prestataires_soins_salama_009.jpg,sante,formation_prestataires_soins,eleve,"Planche-contact verifiee: salle de formation, supports pedagogiques, participants, prestataires et exercices avec equipements de protection."
DSC_1507.jpg,D:\Maquette_AFD\Banque des images AFD\Banque Images 1\Atelier de formation des prestataires de soins SALAMA\DSC_1507.jpg,afd_sante_formation_prestataires_soins_salama_010.jpg,D:\Maquette_AFD\Banque des images AFD - Classees\01_sante\afd_sante_formation_prestataires_soins_salama_010.jpg,sante,formation_prestataires_soins,eleve,"Planche-contact verifiee: salle de formation, supports pedagogiques, participants, prestataires et exercices avec equipements de protection."
DSC_1508.jpg,D:\Maquette_AFD\Banque des images AFD\Banque Images 1\Atelier de formation des prestataires de soins SALAMA\DSC_1508.jpg,afd_sante_formation_prestataires_soins_salama_011.jpg,D:\Maquette_AFD\Banque des images AFD - Classees\01_sante\afd_sante_formation_prestataires_soins_salama_011.jpg,sante,formation_prestataires_soins,eleve,"Planche-contact verifiee: salle de formation, supports pedagogiques, participants, prestataires et exercices avec equipements de protection."
DSC_1509-2.jpg,D:\Maquette_AFD\Banque des images AFD\Banque Images 1\Atelier de formation des prestataires de soins SALAMA\DSC_1509-2.jpg,afd_sante_formation_prestataires_soins_salama_012.jpg,D:\Maquette_AFD\Banque des images AFD - Classees\01_sante\afd_sante_formation_prestataires_soins_salama_012.jpg,sante,formation_prestataires_soins,eleve,"Planche-contact verifiee: salle de formation, supports pedagogiques, participants, prestataires et exercices avec equipements de protection."
DSC_1510.jpg,D:\Maquette_AFD\Banque des images AFD\Banque Images 1\Atelier de formation des prestataires de soins SALAMA\DSC_1510.jpg,afd_sante_formation_prestataires_soins_salama_013.jpg,D:\Maquette_AFD\Banque des images AFD - Classees\01_sante\afd_sante_formation_prestataires_soins_salama_013.jpg,sante,formation_prestataires_soins,eleve,"Planche-contact verifiee: salle de formation, supports pedagogiques, participants, prestataires et exercices avec equipements de protection."
DSC_1511.jpg,D:\Maquette_AFD\Banque des images AFD\Banque Images 1\Atelier de formation des prestataires de soins SALAMA\DSC_1511.jpg,afd_sante_formation_prestataires_soins_salama_014.jpg,D:\Maquette_AFD\Banque des images AFD - Classees\01_sante\afd_sante_formation_prestataires_soins_salama_014.jpg,sante,formation_prestataires_soins,eleve,"Planche-contact verifiee: salle de formation, supports pedagogiques, participants, prestataires et exercices avec equipements de protection."
DSC_1512.jpg,D:\Maquette_AFD\Banque des images AFD\Banque Images 1\Atelier de formation des prestataires de soins SALAMA\DSC_1512.jpg,afd_sante_formation_prestataires_soins_salama_015.jpg,D:\Maquette_AFD\Banque des images AFD - Classees\01_sante\afd_sante_formation_prestataires_soins_salama_015.jpg,sante,formation_prestataires_soins,eleve,"Planche-contact verifiee: salle de formation, supports pedagogiques, participants, prestataires et exercices avec equipements de protection."
DSC_1513.jpg,D:\Maquette_AFD\Banque des images AFD\Banque Images 1\Atelier de formation des prestataires de soins SALAMA\DSC_1513.jpg,afd_sante_formation_prestataires_soins_salama_016.jpg,D:\Maquette_AFD\Banque des images AFD - Classees\01_sante\afd_sante_formation_prestataires_soins_salama_016.jpg,sante,formation_prestataires_soins,eleve,"Planche-contact verifiee: salle de formation, supports pedagogiques, participants, prestataires et exercices avec equipements de protection."
DSC_1514.jpg,D:\Maquette_AFD\Banque des images AFD\Banque Images 1\Atelier de formation des prestataires de soins SALAMA\DSC_1514.jpg,afd_sante_formation_prestataires_soins_salama_017.jpg,D:\Maquette_AFD\Banque des images AFD - Classees\01_sante\afd_sante_formation_prestataires_soins_salama_017.jpg,sante,formation_prestataires_soins,eleve,"Planche-contact verifiee: salle de formation, supports pedagogiques, participants, prestataires et exercices avec equipements de protection."
DSC_1515.jpg,D:\Maquette_AFD\Banque des images AFD\Banque Images 1\Atelier de formation des prestataires de soins SALAMA\DSC_1515.jpg,afd_sante_formation_prestataires_soins_salama_018.jpg,D:\Maquette_AFD\Banque des images AFD - Classees\01_sante\afd_sante_formation_prestataires_soins_salama_018.jpg,sante,formation_prestataires_soins,eleve,"Planche-contact verifiee: salle de formation, supports pedagogiques, participants, prestataires et exercices avec equipements de protection."
DSC_1516.jpg,D:\Maquette_AFD\Banque des images AFD\Banque Images 1\Atelier de formation des prestataires de soins SALAMA\DSC_1516.jpg,afd_sante_formation_prestataires_soins_salama_019.jpg,D:\Maquette_AFD\Banque des images AFD - Classees\01_sante\afd_sante_formation_prestataires_soins_salama_019.jpg,sante,formation_prestataires_soins,eleve,"Planche-contact verifiee: salle de formation, supports pedagogiques, participants, prestataires et exercices avec equipements de protection."
DSC_1518.jpg,D:\Maquette_AFD\Banque des images AFD\Banque Images 1\Atelier de formation des prestataires de soins SALAMA\DSC_1518.jpg,afd_sante_formation_prestataires_soins_salama_020.jpg,D:\Maquette_AFD\Banque des images AFD - Classees\01_sante\afd_sante_formation_prestataires_soins_salama_020.jpg,sante,formation_prestataires_soins,eleve,"Planche-contact verifiee: salle de formation, supports pedagogiques, participants, prestataires et exercices avec equipements de protection."
DSC_1519-2.jpg,D:\Maquette_AFD\Banque des images AFD\Banque Images 1\Atelier de formation des prestataires de soins SALAMA\DSC_1519-2.jpg,afd_sante_formation_prestataires_soins_salama_021.jpg,D:\Maquette_AFD\Banque des images AFD - Classees\01_sante\afd_sante_formation_prestataires_soins_salama_021.jpg,sante,formation_prestataires_soins,eleve,"Planche-contact verifiee: salle de formation, supports pedagogiques, participants, prestataires et exercices avec equipements de protection."
DSC_1522.jpg,D:\Maquette_AFD\Banque des images AFD\Banque Images 1\Atelier de formation des prestataires de soins SALAMA\DSC_1522.jpg,afd_sante_formation_prestataires_soins_salama_022.jpg,D:\Maquette_AFD\Banque des images AFD - Classees\01_sante\afd_sante_formation_prestataires_soins_salama_022.jpg,sante,formation_prestataires_soins,eleve,"Planche-contact verifiee: salle de formation, supports pedagogiques, participants, prestataires et exercices avec equipements de protection."
DSC_1524.jpg,D:\Maquette_AFD\Banque des images AFD\Banque Images 1\Atelier de formation des prestataires de soins SALAMA\DSC_1524.jpg,afd_sante_formation_prestataires_soins_salama_023.jpg,D:\Maquette_AFD\Banque des images AFD - Classees\01_sante\afd_sante_formation_prestataires_soins_salama_023.jpg,sante,formation_prestataires_soins,eleve,"Planche-contact verifiee: salle de formation, supports pedagogiques, participants, prestataires et exercices avec equipements de protection."
DSC_1525.jpg,D:\Maquette_AFD\Banque des images AFD\Banque Images 1\Atelier de formation des prestataires de soins SALAMA\DSC_1525.jpg,afd_sante_formation_prestataires_soins_salama_024.jpg,D:\Maquette_AFD\Banque des images AFD - Classees\01_sante\afd_sante_formation_prestataires_soins_salama_024.jpg,sante,formation_prestataires_soins,eleve,"Planche-contact verifiee: salle de formation, supports pedagogiques, participants, prestataires et exercices avec equipements de protection."
DSC_1526.jpg,D:\Maquette_AFD\Banque des images AFD\Banque Images 1\Atelier de formation des prestataires de soins SALAMA\DSC_1526.jpg,afd_sante_formation_prestataires_soins_salama_025.jpg,D:\Maquette_AFD\Banque des images AFD - Classees\01_sante\afd_sante_formation_prestataires_soins_salama_025.jpg,sante,formation_prestataires_soins,eleve,"Planche-contact verifiee: salle de formation, supports pedagogiques, participants, prestataires et exercices avec equipements de protection."
DSC_1528.jpg,D:\Maquette_AFD\Banque des images AFD\Banque Images 1\Atelier de formation des prestataires de soins SALAMA\DSC_1528.jpg,afd_sante_formation_prestataires_soins_salama_026.jpg,D:\Maquette_AFD\Banque des images AFD - Classees\01_sante\afd_sante_formation_prestataires_soins_salama_026.jpg,sante,formation_prestataires_soins,eleve,"Planche-contact verifiee: salle de formation, supports pedagogiques, participants, prestataires et exercices avec equipements de protection."
DSC_1529.jpg,D:\Maquette_AFD\Banque des images AFD\Banque Images 1\Atelier de formation des prestataires de soins SALAMA\DSC_1529.jpg,afd_sante_formation_prestataires_soins_salama_027.jpg,D:\Maquette_AFD\Banque des images AFD - Classees\01_sante\afd_sante_formation_prestataires_soins_salama_027.jpg,sante,formation_prestataires_soins,eleve,"Planche-contact verifiee: salle de formation, supports pedagogiques, participants, prestataires et exercices avec equipements de protection."
DSC_1568.jpg,D:\Maquette_AFD\Banque des images AFD\Banque Images 1\Atelier de formation des prestataires de soins SALAMA\DSC_1568.jpg,afd_sante_formation_prestataires_soins_salama_028.jpg,D:\Maquette_AFD\Banque des images AFD - Classees\01_sante\afd_sante_formation_prestataires_soins_salama_028.jpg,sante,formation_prestataires_soins,eleve,"Planche-contact verifiee: salle de formation, supports pedagogiques, participants, prestataires et exercices avec equipements de protection."
DSC_1570.jpg,D:\Maquette_AFD\Banque des images AFD\Banque Images 1\Atelier de formation des prestataires de soins SALAMA\DSC_1570.jpg,afd_sante_formation_prestataires_soins_salama_029.jpg,D:\Maquette_AFD\Banque des images AFD - Classees\01_sante\afd_sante_formation_prestataires_soins_salama_029.jpg,sante,formation_prestataires_soins,eleve,"Planche-contact verifiee: salle de formation, supports pedagogiques, participants, prestataires et exercices avec equipements de protection."
DSC_1571.jpg,D:\Maquette_AFD\Banque des images AFD\Banque Images 1\Atelier de formation des prestataires de soins SALAMA\DSC_1571.jpg,afd_sante_formation_prestataires_soins_salama_030.jpg,D:\Maquette_AFD\Banque des images AFD - Classees\01_sante\afd_sante_formation_prestataires_soins_salama_030.jpg,sante,formation_prestataires_soins,eleve,"Planche-contact verifiee: salle de formation, supports pedagogiques, participants, prestataires et exercices avec equipements de protection."
DSC_1572.jpg,D:\Maquette_AFD\Banque des images AFD\Banque Images 1\Atelier de formation des prestataires de soins SALAMA\DSC_1572.jpg,afd_sante_formation_prestataires_soins_salama_031.jpg,D:\Maquette_AFD\Banque des images AFD - Classees\01_sante\afd_sante_formation_prestataires_soins_salama_031.jpg,sante,formation_prestataires_soins,eleve,"Planche-contact verifiee: salle de formation, supports pedagogiques, participants, prestataires et exercices avec equipements de protection."
DSC_1574.jpg,D:\Maquette_AFD\Banque des images AFD\Banque Images 1\Atelier de formation des prestataires de soins SALAMA\DSC_1574.jpg,afd_sante_formation_prestataires_soins_salama_032.jpg,D:\Maquette_AFD\Banque des images AFD - Classees\01_sante\afd_sante_formation_prestataires_soins_salama_032.jpg,sante,formation_prestataires_soins,eleve,"Planche-contact verifiee: salle de formation, supports pedagogiques, participants, prestataires et exercices avec equipements de protection."
DSC_1577.jpg,D:\Maquette_AFD\Banque des images AFD\Banque Images 1\Atelier de formation des prestataires de soins SALAMA\DSC_1577.jpg,afd_sante_formation_prestataires_soins_salama_033.jpg,D:\Maquette_AFD\Banque des images AFD - Classees\01_sante\afd_sante_formation_prestataires_soins_salama_033.jpg,sante,formation_prestataires_soins,eleve,"Planche-contact verifiee: salle de formation, supports pedagogiques, participants, prestataires et exercices avec equipements de protection."
DSC_1579.jpg,D:\Maquette_AFD\Banque des images AFD\Banque Images 1\Atelier de formation des prestataires de soins SALAMA\DSC_1579.jpg,afd_sante_formation_prestataires_soins_salama_034.jpg,D:\Maquette_AFD\Banque des images AFD - Classees\01_sante\afd_sante_formation_prestataires_soins_salama_034.jpg,sante,formation_prestataires_soins,eleve,"Planche-contact verifiee: salle de formation, supports pedagogiques, participants, prestataires et exercices avec equipements de protection."
DSC_1581.jpg,D:\Maquette_AFD\Banque des images AFD\Banque Images 1\Atelier de formation des prestataires de soins SALAMA\DSC_1581.jpg,afd_sante_formation_prestataires_soins_salama_035.jpg,D:\Maquette_AFD\Banque des images AFD - Classees\01_sante\afd_sante_formation_prestataires_soins_salama_035.jpg,sante,formation_prestataires_soins,eleve,"Planche-contact verifiee: salle de formation, supports pedagogiques, participants, prestataires et exercices avec equipements de protection."
DSC_1584.jpg,D:\Maquette_AFD\Banque des images AFD\Banque Images 1\Atelier de formation des prestataires de soins SALAMA\DSC_1584.jpg,afd_sante_formation_prestataires_soins_salama_036.jpg,D:\Maquette_AFD\Banque des images AFD - Classees\01_sante\afd_sante_formation_prestataires_soins_salama_036.jpg,sante,formation_prestataires_soins,eleve,"Planche-contact verifiee: salle de formation, supports pedagogiques, participants, prestataires et exercices avec equipements de protection."
DSC_1586.jpg,D:\Maquette_AFD\Banque des images AFD\Banque Images 1\Atelier de formation des prestataires de soins SALAMA\DSC_1586.jpg,afd_sante_formation_prestataires_soins_salama_037.jpg,D:\Maquette_AFD\Banque des images AFD - Classees\01_sante\afd_sante_formation_prestataires_soins_salama_037.jpg,sante,formation_prestataires_soins,eleve,"Planche-contact verifiee: salle de formation, supports pedagogiques, participants, prestataires et exercices avec equipements de protection."
DSC_1594.jpg,D:\Maquette_AFD\Banque des images AFD\Banque Images 1\Atelier de formation des prestataires de soins SALAMA\DSC_1594.jpg,afd_sante_formation_prestataires_soins_salama_038.jpg,D:\Maquette_AFD\Banque des images AFD - Classees\01_sante\afd_sante_formation_prestataires_soins_salama_038.jpg,sante,formation_prestataires_soins,eleve,"Planche-contact verifiee: salle de formation, supports pedagogiques, participants, prestataires et exercices avec equipements de protection."
DSC_1607.jpg,D:\Maquette_AFD\Banque des images AFD\Banque Images 1\Atelier de formation des prestataires de soins SALAMA\DSC_1607.jpg,afd_sante_formation_prestataires_soins_salama_039.jpg,D:\Maquette_AFD\Banque des images AFD - Classees\01_sante\afd_sante_formation_prestataires_soins_salama_039.jpg,sante,formation_prestataires_soins,eleve,"Planche-contact verifiee: salle de formation, supports pedagogiques, participants, prestataires et exercices avec equipements de protection."
DSC_1609.jpg,D:\Maquette_AFD\Banque des images AFD\Banque Images 1\Atelier de formation des prestataires de soins SALAMA\DSC_1609.jpg,afd_sante_formation_prestataires_soins_salama_040.jpg,D:\Maquette_AFD\Banque des images AFD - Classees\01_sante\afd_sante_formation_prestataires_soins_salama_040.jpg,sante,formation_prestataires_soins,eleve,"Planche-contact verifiee: salle de formation, supports pedagogiques, participants, prestataires et exercices avec equipements de protection."
DSC_1610.jpg,D:\Maquette_AFD\Banque des images AFD\Banque Images 1\Atelier de formation des prestataires de soins SALAMA\DSC_1610.jpg,afd_sante_formation_prestataires_soins_salama_041.jpg,D:\Maquette_AFD\Banque des images AFD - Classees\01_sante\afd_sante_formation_prestataires_soins_salama_041.jpg,sante,formation_prestataires_soins,eleve,"Planche-contact verifiee: salle de formation, supports pedagogiques, participants, prestataires et exercices avec equipements de protection."
DSC_1614.jpg,D:\Maquette_AFD\Banque des images AFD\Banque Images 1\Atelier de formation des prestataires de soins SALAMA\DSC_1614.jpg,afd_sante_formation_prestataires_soins_salama_042.jpg,D:\Maquette_AFD\Banque des images AFD - Classees\01_sante\afd_sante_formation_prestataires_soins_salama_042.jpg,sante,formation_prestataires_soins,eleve,"Planche-contact verifiee: salle de formation, supports pedagogiques, participants, prestataires et exercices avec equipements de protection."
DSC_1615.jpg,D:\Maquette_AFD\Banque des images AFD\Banque Images 1\Atelier de formation des prestataires de soins SALAMA\DSC_1615.jpg,afd_sante_formation_prestataires_soins_salama_043.jpg,D:\Maquette_AFD\Banque des images AFD - Classees\01_sante\afd_sante_formation_prestataires_soins_salama_043.jpg,sante,formation_prestataires_soins,eleve,"Planche-contact verifiee: salle de formation, supports pedagogiques, participants, prestataires et exercices avec equipements de protection."
DSC_1616.jpg,D:\Maquette_AFD\Banque des images AFD\Banque Images 1\Atelier de formation des prestataires de soins SALAMA\DSC_1616.jpg,afd_sante_formation_prestataires_soins_salama_044.jpg,D:\Maquette_AFD\Banque des images AFD - Classees\01_sante\afd_sante_formation_prestataires_soins_salama_044.jpg,sante,formation_prestataires_soins,eleve,"Planche-contact verifiee: salle de formation, supports pedagogiques, participants, prestataires et exercices avec equipements de protection."
DSC_1618.jpg,D:\Maquette_AFD\Banque des images AFD\Banque Images 1\Atelier de formation des prestataires de soins SALAMA\DSC_1618.jpg,afd_sante_formation_prestataires_soins_salama_045.jpg,D:\Maquette_AFD\Banque des images AFD - Classees\01_sante\afd_sante_formation_prestataires_soins_salama_045.jpg,sante,formation_prestataires_soins,eleve,"Planche-contact verifiee: salle de formation, supports pedagogiques, participants, prestataires et exercices avec equipements de protection."
DSC_1619.jpg,D:\Maquette_AFD\Banque des images AFD\Banque Images 1\Atelier de formation des prestataires de soins SALAMA\DSC_1619.jpg,afd_sante_formation_prestataires_soins_salama_046.jpg,D:\Maquette_AFD\Banque des images AFD - Classees\01_sante\afd_sante_formation_prestataires_soins_salama_046.jpg,sante,formation_prestataires_soins,eleve,"Planche-contact verifiee: salle de formation, supports pedagogiques, participants, prestataires et exercices avec equipements de protection."
DSC_1628.jpg,D:\Maquette_AFD\Banque des images AFD\Banque Images 1\Atelier de formation des prestataires de soins SALAMA\DSC_1628.jpg,afd_sante_formation_prestataires_soins_salama_047.jpg,D:\Maquette_AFD\Banque des images AFD - Classees\01_sante\afd_sante_formation_prestataires_soins_salama_047.jpg,sante,formation_prestataires_soins,eleve,"Planche-contact verifiee: salle de formation, supports pedagogiques, participants, prestataires et exercices avec equipements de protection."
DSC_1687.jpg,D:\Maquette_AFD\Banque des images AFD\Banque Images 1\Atelier de formation des prestataires de soins SALAMA\DSC_1687.jpg,afd_sante_formation_prestataires_soins_salama_048.jpg,D:\Maquette_AFD\Banque des images AFD - Classees\01_sante\afd_sante_formation_prestataires_soins_salama_048.jpg,sante,formation_prestataires_soins,eleve,"Planche-contact verifiee: salle de formation, supports pedagogiques, participants, prestataires et exercices avec equipements de protection."
DSC_1690.jpg,D:\Maquette_AFD\Banque des images AFD\Banque Images 1\Atelier de formation des prestataires de soins SALAMA\DSC_1690.jpg,afd_sante_formation_prestataires_soins_salama_049.jpg,D:\Maquette_AFD\Banque des images AFD - Classees\01_sante\afd_sante_formation_prestataires_soins_salama_049.jpg,sante,formation_prestataires_soins,eleve,"Planche-contact verifiee: salle de formation, supports pedagogiques, participants, prestataires et exercices avec equipements de protection."
DSC_1691.jpg,D:\Maquette_AFD\Banque des images AFD\Banque Images 1\Atelier de formation des prestataires de soins SALAMA\DSC_1691.jpg,afd_sante_formation_prestataires_soins_salama_050.jpg,D:\Maquette_AFD\Banque des images AFD - Classees\01_sante\afd_sante_formation_prestataires_soins_salama_050.jpg,sante,formation_prestataires_soins,eleve,"Planche-contact verifiee: salle de formation, supports pedagogiques, participants, prestataires et exercices avec equipements de protection."
DSC_1693.jpg,D:\Maquette_AFD\Banque des images AFD\Banque Images 1\Atelier de formation des prestataires de soins SALAMA\DSC_1693.jpg,afd_sante_formation_prestataires_soins_salama_051.jpg,D:\Maquette_AFD\Banque des images AFD - Classees\01_sante\afd_sante_formation_prestataires_soins_salama_051.jpg,sante,formation_prestataires_soins,eleve,"Planche-contact verifiee: salle de formation, supports pedagogiques, participants, prestataires et exercices avec equipements de protection."
DSC_1696.jpg,D:\Maquette_AFD\Banque des images AFD\Banque Images 1\Atelier de formation des prestataires de soins SALAMA\DSC_1696.jpg,afd_sante_formation_prestataires_soins_salama_052.jpg,D:\Maquette_AFD\Banque des images AFD - Classees\01_sante\afd_sante_formation_prestataires_soins_salama_052.jpg,sante,formation_prestataires_soins,eleve,"Planche-contact verifiee: salle de formation, supports pedagogiques, participants, prestataires et exercices avec equipements de protection."
DSC_1703.jpg,D:\Maquette_AFD\Banque des images AFD\Banque Images 1\Atelier de formation des prestataires de soins SALAMA\DSC_1703.jpg,afd_sante_formation_prestataires_soins_salama_053.jpg,D:\Maquette_AFD\Banque des images AFD - Classees\01_sante\afd_sante_formation_prestataires_soins_salama_053.jpg,sante,formation_prestataires_soins,eleve,"Planche-contact verifiee: salle de formation, supports pedagogiques, participants, prestataires et exercices avec equipements de protection."
DSC_1706.jpg,D:\Maquette_AFD\Banque des images AFD\Banque Images 1\Atelier de formation des prestataires de soins SALAMA\DSC_1706.jpg,afd_sante_formation_prestataires_soins_salama_054.jpg,D:\Maquette_AFD\Banque des images AFD - Classees\01_sante\afd_sante_formation_prestataires_soins_salama_054.jpg,sante,formation_prestataires_soins,eleve,"Planche-contact verifiee: salle de formation, supports pedagogiques, participants, prestataires et exercices avec equipements de protection."
DSC_1707.jpg,D:\Maquette_AFD\Banque des images AFD\Banque Images 1\Atelier de formation des prestataires de soins SALAMA\DSC_1707.jpg,afd_sante_formation_prestataires_soins_salama_055.jpg,D:\Maquette_AFD\Banque des images AFD - Classees\01_sante\afd_sante_formation_prestataires_soins_salama_055.jpg,sante,formation_prestataires_soins,eleve,"Planche-contact verifiee: salle de formation, supports pedagogiques, participants, prestataires et exercices avec equipements de protection."
DSC_1715.jpg,D:\Maquette_AFD\Banque des images AFD\Banque Images 1\Atelier de formation des prestataires de soins SALAMA\DSC_1715.jpg,afd_sante_formation_prestataires_soins_salama_056.jpg,D:\Maquette_AFD\Banque des images AFD - Classees\01_sante\afd_sante_formation_prestataires_soins_salama_056.jpg,sante,formation_prestataires_soins,eleve,"Planche-contact verifiee: salle de formation, supports pedagogiques, participants, prestataires et exercices avec equipements de protection."
DSC_1723.jpg,D:\Maquette_AFD\Banque des images AFD\Banque Images 1\Atelier de formation des prestataires de soins SALAMA\DSC_1723.jpg,afd_sante_formation_prestataires_soins_salama_057.jpg,D:\Maquette_AFD\Banque des images AFD - Classees\01_sante\afd_sante_formation_prestataires_soins_salama_057.jpg,sante,formation_prestataires_soins,eleve,"Planche-contact verifiee: salle de formation, supports pedagogiques, participants, prestataires et exercices avec equipements de protection."
DSC_1726.jpg,D:\Maquette_AFD\Banque des images AFD\Banque Images 1\Atelier de formation des prestataires de soins SALAMA\DSC_1726.jpg,afd_sante_formation_prestataires_soins_salama_058.jpg,D:\Maquette_AFD\Banque des images AFD - Classees\01_sante\afd_sante_formation_prestataires_soins_salama_058.jpg,sante,formation_prestataires_soins,eleve,"Planche-contact verifiee: salle de formation, supports pedagogiques, participants, prestataires et exercices avec equipements de protection."
DSC_1727.jpg,D:\Maquette_AFD\Banque des images AFD\Banque Images 1\Atelier de formation des prestataires de soins SALAMA\DSC_1727.jpg,afd_sante_formation_prestataires_soins_salama_059.jpg,D:\Maquette_AFD\Banque des images AFD - Classees\01_sante\afd_sante_formation_prestataires_soins_salama_059.jpg,sante,formation_prestataires_soins,eleve,"Planche-contact verifiee: salle de formation, supports pedagogiques, participants, prestataires et exercices avec equipements de protection."
DSC_1728.jpg,D:\Maquette_AFD\Banque des images AFD\Banque Images 1\Atelier de formation des prestataires de soins SALAMA\DSC_1728.jpg,afd_sante_formation_prestataires_soins_salama_060.jpg,D:\Maquette_AFD\Banque des images AFD - Classees\01_sante\afd_sante_formation_prestataires_soins_salama_060.jpg,sante,formation_prestataires_soins,eleve,"Planche-contact verifiee: salle de formation, supports pedagogiques, participants, prestataires et exercices avec equipements de protection."
DSC_1730.jpg,D:\Maquette_AFD\Banque des images AFD\Banque Images 1\Atelier de formation des prestataires de soins SALAMA\DSC_1730.jpg,afd_sante_formation_prestataires_soins_salama_061.jpg,D:\Maquette_AFD\Banque des images AFD - Classees\01_sante\afd_sante_formation_prestataires_soins_salama_061.jpg,sante,formation_prestataires_soins,eleve,"Planche-contact verifiee: salle de formation, supports pedagogiques, participants, prestataires et exercices avec equipements de protection."
DSC_1731.jpg,D:\Maquette_AFD\Banque des images AFD\Banque Images 1\Atelier de formation des prestataires de soins SALAMA\DSC_1731.jpg,afd_sante_formation_prestataires_soins_salama_062.jpg,D:\Maquette_AFD\Banque des images AFD - Classees\01_sante\afd_sante_formation_prestataires_soins_salama_062.jpg,sante,formation_prestataires_soins,eleve,"Planche-contact verifiee: salle de formation, supports pedagogiques, participants, prestataires et exercices avec equipements de protection."
DSC_1734.jpg,D:\Maquette_AFD\Banque des images AFD\Banque Images 1\Atelier de formation des prestataires de soins SALAMA\DSC_1734.jpg,afd_sante_formation_prestataires_soins_salama_063.jpg,D:\Maquette_AFD\Banque des images AFD - Classees\01_sante\afd_sante_formation_prestataires_soins_salama_063.jpg,sante,formation_prestataires_soins,eleve,"Planche-contact verifiee: salle de formation, supports pedagogiques, participants, prestataires et exercices avec equipements de protection."
DSC_1735.jpg,D:\Maquette_AFD\Banque des images AFD\Banque Images 1\Atelier de formation des prestataires de soins SALAMA\DSC_1735.jpg,afd_sante_formation_prestataires_soins_salama_064.jpg,D:\Maquette_AFD\Banque des images AFD - Classees\01_sante\afd_sante_formation_prestataires_soins_salama_064.jpg,sante,formation_prestataires_soins,eleve,"Planche-contact verifiee: salle de formation, supports pedagogiques, participants, prestataires et exercices avec equipements de protection."
DSC_1737.jpg,D:\Maquette_AFD\Banque des images AFD\Banque Images 1\Atelier de formation des prestataires de soins SALAMA\DSC_1737.jpg,afd_sante_formation_prestataires_soins_salama_065.jpg,D:\Maquette_AFD\Banque des images AFD - Classees\01_sante\afd_sante_formation_prestataires_soins_salama_065.jpg,sante,formation_prestataires_soins,eleve,"Planche-contact verifiee: salle de formation, supports pedagogiques, participants, prestataires et exercices avec equipements de protection."
DSC_1740.jpg,D:\Maquette_AFD\Banque des images AFD\Banque Images 1\Atelier de formation des prestataires de soins SALAMA\DSC_1740.jpg,afd_sante_formation_prestataires_soins_salama_066.jpg,D:\Maquette_AFD\Banque des images AFD - Classees\01_sante\afd_sante_formation_prestataires_soins_salama_066.jpg,sante,formation_prestataires_soins,eleve,"Planche-contact verifiee: salle de formation, supports pedagogiques, participants, prestataires et exercices avec equipements de protection."
DSC_1741.jpg,D:\Maquette_AFD\Banque des images AFD\Banque Images 1\Atelier de formation des prestataires de soins SALAMA\DSC_1741.jpg,afd_sante_formation_prestataires_soins_salama_067.jpg,D:\Maquette_AFD\Banque des images AFD - Classees\01_sante\afd_sante_formation_prestataires_soins_salama_067.jpg,sante,formation_prestataires_soins,eleve,"Planche-contact verifiee: salle de formation, supports pedagogiques, participants, prestataires et exercices avec equipements de protection."
DSC_1742.jpg,D:\Maquette_AFD\Banque des images AFD\Banque Images 1\Atelier de formation des prestataires de soins SALAMA\DSC_1742.jpg,afd_sante_formation_prestataires_soins_salama_068.jpg,D:\Maquette_AFD\Banque des images AFD - Classees\01_sante\afd_sante_formation_prestataires_soins_salama_068.jpg,sante,formation_prestataires_soins,eleve,"Planche-contact verifiee: salle de formation, supports pedagogiques, participants, prestataires et exercices avec equipements de protection."
DSC_1743.jpg,D:\Maquette_AFD\Banque des images AFD\Banque Images 1\Atelier de formation des prestataires de soins SALAMA\DSC_1743.jpg,afd_sante_formation_prestataires_soins_salama_069.jpg,D:\Maquette_AFD\Banque des images AFD - Classees\01_sante\afd_sante_formation_prestataires_soins_salama_069.jpg,sante,formation_prestataires_soins,eleve,"Planche-contact verifiee: salle de formation, supports pedagogiques, participants, prestataires et exercices avec equipements de protection."
DSC_1744.jpg,D:\Maquette_AFD\Banque des images AFD\Banque Images 1\Atelier de formation des prestataires de soins SALAMA\DSC_1744.jpg,afd_sante_formation_prestataires_soins_salama_070.jpg,D:\Maquette_AFD\Banque des images AFD - Classees\01_sante\afd_sante_formation_prestataires_soins_salama_070.jpg,sante,formation_prestataires_soins,eleve,"Planche-contact verifiee: salle de formation, supports pedagogiques, participants, prestataires et exercices avec equipements de protection."
DSC_1745.jpg,D:\Maquette_AFD\Banque des images AFD\Banque Images 1\Atelier de formation des prestataires de soins SALAMA\DSC_1745.jpg,afd_sante_formation_prestataires_soins_salama_071.jpg,D:\Maquette_AFD\Banque des images AFD - Classees\01_sante\afd_sante_formation_prestataires_soins_salama_071.jpg,sante,formation_prestataires_soins,eleve,"Planche-contact verifiee: salle de formation, supports pedagogiques, participants, prestataires et exercices avec equipements de protection."
DSC_1746.jpg,D:\Maquette_AFD\Banque des images AFD\Banque Images 1\Atelier de formation des prestataires de soins SALAMA\DSC_1746.jpg,afd_sante_formation_prestataires_soins_salama_072.jpg,D:\Maquette_AFD\Banque des images AFD - Classees\01_sante\afd_sante_formation_prestataires_soins_salama_072.jpg,sante,formation_prestataires_soins,eleve,"Planche-contact verifiee: salle de formation, supports pedagogiques, participants, prestataires et exercices avec equipements de protection."
DSC_1748.jpg,D:\Maquette_AFD\Banque des images AFD\Banque Images 1\Atelier de formation des prestataires de soins SALAMA\DSC_1748.jpg,afd_sante_formation_prestataires_soins_salama_073.jpg,D:\Maquette_AFD\Banque des images AFD - Classees\01_sante\afd_sante_formation_prestataires_soins_salama_073.jpg,sante,formation_prestataires_soins,eleve,"Planche-contact verifiee: salle de formation, supports pedagogiques, participants, prestataires et exercices avec equipements de protection."
DSC_1749.jpg,D:\Maquette_AFD\Banque des images AFD\Banque Images 1\Atelier de formation des prestataires de soins SALAMA\DSC_1749.jpg,afd_sante_formation_prestataires_soins_salama_074.jpg,D:\Maquette_AFD\Banque des images AFD - Classees\01_sante\afd_sante_formation_prestataires_soins_salama_074.jpg,sante,formation_prestataires_soins,eleve,"Planche-contact verifiee: salle de formation, supports pedagogiques, participants, prestataires et exercices avec equipements de protection."
DSC_1751.jpg,D:\Maquette_AFD\Banque des images AFD\Banque Images 1\Atelier de formation des prestataires de soins SALAMA\DSC_1751.jpg,afd_sante_formation_prestataires_soins_salama_075.jpg,D:\Maquette_AFD\Banque des images AFD - Classees\01_sante\afd_sante_formation_prestataires_soins_salama_075.jpg,sante,formation_prestataires_soins,eleve,"Planche-contact verifiee: salle de formation, supports pedagogiques, participants, prestataires et exercices avec equipements de protection."
DSC_1149.jpg,D:\Maquette_AFD\Banque des images AFD\Banque Images 1\Civilités avec les autorités territoriales MAMBASA\DSC_1149.jpg,afd_visites_institutionnelles_civilites_autorites_mambasa_001.jpg,D:\Maquette_AFD\Banque des images AFD - Classees\24_visites_institutionnelles\afd_visites_institutionnelles_civilites_autorites_mambasa_001.jpg,visites_institutionnelles,civilites_autorites,eleve,Planche-contact verifiee: civilites officielles devant un batiment administratif a Mambasa.
DSC_1150.jpg,D:\Maquette_AFD\Banque des images AFD\Banque Images 1\Civilités avec les autorités territoriales MAMBASA\DSC_1150.jpg,afd_visites_institutionnelles_civilites_autorites_mambasa_002.jpg,D:\Maquette_AFD\Banque des images AFD - Classees\24_visites_institutionnelles\afd_visites_institutionnelles_civilites_autorites_mambasa_002.jpg,visites_institutionnelles,civilites_autorites,eleve,Planche-contact verifiee: civilites officielles devant un batiment administratif a Mambasa.
DSC_1153.jpg,D:\Maquette_AFD\Banque des images AFD\Banque Images 1\Civilités avec MCZ HGR MAMBASA\DSC_1153.jpg,afd_visites_institutionnelles_visite_mcz_hgr_mambasa_001.jpg,D:\Maquette_AFD\Banque des images AFD - Classees\24_visites_institutionnelles\afd_visites_institutionnelles_visite_mcz_hgr_mambasa_001.jpg,visites_institutionnelles,visite_mcz_hgr,eleve,"Planche-contact verifiee: panneau HGR Mambasa, reunion avec personnels et photos officielles."
DSC_1156.jpg,D:\Maquette_AFD\Banque des images AFD\Banque Images 1\Civilités avec MCZ HGR MAMBASA\DSC_1156.jpg,afd_visites_institutionnelles_visite_mcz_hgr_mambasa_002.jpg,D:\Maquette_AFD\Banque des images AFD - Classees\24_visites_institutionnelles\afd_visites_institutionnelles_visite_mcz_hgr_mambasa_002.jpg,visites_institutionnelles,visite_mcz_hgr,eleve,"Planche-contact verifiee: panneau HGR Mambasa, reunion avec personnels et photos officielles."
DSC_1160.jpg,D:\Maquette_AFD\Banque des images AFD\Banque Images 1\Civilités avec MCZ HGR MAMBASA\DSC_1160.jpg,afd_visites_institutionnelles_visite_mcz_hgr_mambasa_003.jpg,D:\Maquette_AFD\Banque des images AFD - Classees\24_visites_institutionnelles\afd_visites_institutionnelles_visite_mcz_hgr_mambasa_003.jpg,visites_institutionnelles,visite_mcz_hgr,eleve,"Planche-contact verifiee: panneau HGR Mambasa, reunion avec personnels et photos officielles."
DSC_1164.jpg,D:\Maquette_AFD\Banque des images AFD\Banque Images 1\Civilités avec MCZ HGR MAMBASA\DSC_1164.jpg,afd_visites_institutionnelles_visite_mcz_hgr_mambasa_004.jpg,D:\Maquette_AFD\Banque des images AFD - Classees\24_visites_institutionnelles\afd_visites_institutionnelles_visite_mcz_hgr_mambasa_004.jpg,visites_institutionnelles,visite_mcz_hgr,eleve,"Planche-contact verifiee: panneau HGR Mambasa, reunion avec personnels et photos officielles."
DSC_1170.jpg,D:\Maquette_AFD\Banque des images AFD\Banque Images 1\Civilités avec MCZ HGR MAMBASA\DSC_1170.jpg,afd_visites_institutionnelles_visite_mcz_hgr_mambasa_005.jpg,D:\Maquette_AFD\Banque des images AFD - Classees\24_visites_institutionnelles\afd_visites_institutionnelles_visite_mcz_hgr_mambasa_005.jpg,visites_institutionnelles,visite_mcz_hgr,eleve,"Planche-contact verifiee: panneau HGR Mambasa, reunion avec personnels et photos officielles."
DSC_1171.jpg,D:\Maquette_AFD\Banque des images AFD\Banque Images 1\Civilités avec MCZ HGR MAMBASA\DSC_1171.jpg,afd_visites_institutionnelles_visite_mcz_hgr_mambasa_006.jpg,D:\Maquette_AFD\Banque des images AFD - Classees\24_visites_institutionnelles\afd_visites_institutionnelles_visite_mcz_hgr_mambasa_006.jpg,visites_institutionnelles,visite_mcz_hgr,eleve,"Planche-contact verifiee: panneau HGR Mambasa, reunion avec personnels et photos officielles."
DSC_1173.jpg,D:\Maquette_AFD\Banque des images AFD\Banque Images 1\Civilités avec MCZ HGR MAMBASA\DSC_1173.jpg,afd_visites_institutionnelles_visite_mcz_hgr_mambasa_007.jpg,D:\Maquette_AFD\Banque des images AFD - Classees\24_visites_institutionnelles\afd_visites_institutionnelles_visite_mcz_hgr_mambasa_007.jpg,visites_institutionnelles,visite_mcz_hgr,eleve,"Planche-contact verifiee: panneau HGR Mambasa, reunion avec personnels et photos officielles."
DSC_1176.jpg,D:\Maquette_AFD\Banque des images AFD\Banque Images 1\Civilités avec MCZ HGR MAMBASA\DSC_1176.jpg,afd_visites_institutionnelles_visite_mcz_hgr_mambasa_008.jpg,D:\Maquette_AFD\Banque des images AFD - Classees\24_visites_institutionnelles\afd_visites_institutionnelles_visite_mcz_hgr_mambasa_008.jpg,visites_institutionnelles,visite_mcz_hgr,eleve,"Planche-contact verifiee: panneau HGR Mambasa, reunion avec personnels et photos officielles."
DSC_1177.jpg,D:\Maquette_AFD\Banque des images AFD\Banque Images 1\Civilités avec MCZ HGR MAMBASA\DSC_1177.jpg,afd_visites_institutionnelles_visite_mcz_hgr_mambasa_009.jpg,D:\Maquette_AFD\Banque des images AFD - Classees\24_visites_institutionnelles\afd_visites_institutionnelles_visite_mcz_hgr_mambasa_009.jpg,visites_institutionnelles,visite_mcz_hgr,eleve,"Planche-contact verifiee: panneau HGR Mambasa, reunion avec personnels et photos officielles."
DSC_1178.jpg,D:\Maquette_AFD\Banque des images AFD\Banque Images 1\Civilités avec MCZ HGR MAMBASA\DSC_1178.jpg,afd_visites_institutionnelles_visite_mcz_hgr_mambasa_010.jpg,D:\Maquette_AFD\Banque des images AFD - Classees\24_visites_institutionnelles\afd_visites_institutionnelles_visite_mcz_hgr_mambasa_010.jpg,visites_institutionnelles,visite_mcz_hgr,eleve,"Planche-contact verifiee: panneau HGR Mambasa, reunion avec personnels et photos officielles."
DSC_1181.jpg,D:\Maquette_AFD\Banque des images AFD\Banque Images 1\Civilités avec MCZ HGR MAMBASA\DSC_1181.jpg,afd_visites_institutionnelles_visite_mcz_hgr_mambasa_011.jpg,D:\Maquette_AFD\Banque des images AFD - Classees\24_visites_institutionnelles\afd_visites_institutionnelles_visite_mcz_hgr_mambasa_011.jpg,visites_institutionnelles,visite_mcz_hgr,eleve,"Planche-contact verifiee: panneau HGR Mambasa, reunion avec personnels et photos officielles."
DSC_1186.jpg,D:\Maquette_AFD\Banque des images AFD\Banque Images 1\Civilités avec MCZ HGR MAMBASA\DSC_1186.jpg,afd_visites_institutionnelles_visite_mcz_hgr_mambasa_012.jpg,D:\Maquette_AFD\Banque des images AFD - Classees\24_visites_institutionnelles\afd_visites_institutionnelles_visite_mcz_hgr_mambasa_012.jpg,visites_institutionnelles,visite_mcz_hgr,eleve,"Planche-contact verifiee: panneau HGR Mambasa, reunion avec personnels et photos officielles."
DSC_1192.jpg,D:\Maquette_AFD\Banque des images AFD\Banque Images 1\Civilités avec MCZ HGR MAMBASA\DSC_1192.jpg,afd_visites_institutionnelles_visite_mcz_hgr_mambasa_013.jpg,D:\Maquette_AFD\Banque des images AFD - Classees\24_visites_institutionnelles\afd_visites_institutionnelles_visite_mcz_hgr_mambasa_013.jpg,visites_institutionnelles,visite_mcz_hgr,eleve,"Planche-contact verifiee: panneau HGR Mambasa, reunion avec personnels et photos officielles."
DSC_1440.jpg,D:\Maquette_AFD\Banque des images AFD\Banque Images 1\Dotation de DDLM SALAMA\DSC_1440.jpg,afd_wash_dotation_dispositifs_lavage_mains_salama_001.jpg,D:\Maquette_AFD\Banque des images AFD - Classees\06_wash\afd_wash_dotation_dispositifs_lavage_mains_salama_001.jpg,wash,dotation_dispositifs_lavage_mains,eleve,Planche-contact verifiee: remise de seaux et kits de lavage des mains.
DSC_1441.jpg,D:\Maquette_AFD\Banque des images AFD\Banque Images 1\Dotation de DDLM SALAMA\DSC_1441.jpg,afd_wash_dotation_dispositifs_lavage_mains_salama_002.jpg,D:\Maquette_AFD\Banque des images AFD - Classees\06_wash\afd_wash_dotation_dispositifs_lavage_mains_salama_002.jpg,wash,dotation_dispositifs_lavage_mains,eleve,Planche-contact verifiee: remise de seaux et kits de lavage des mains.
DSC_1442.jpg,D:\Maquette_AFD\Banque des images AFD\Banque Images 1\Dotation de DDLM SALAMA\DSC_1442.jpg,afd_wash_dotation_dispositifs_lavage_mains_salama_003.jpg,D:\Maquette_AFD\Banque des images AFD - Classees\06_wash\afd_wash_dotation_dispositifs_lavage_mains_salama_003.jpg,wash,dotation_dispositifs_lavage_mains,eleve,Planche-contact verifiee: remise de seaux et kits de lavage des mains.
DSC_1443.jpg,D:\Maquette_AFD\Banque des images AFD\Banque Images 1\Dotation de DDLM SALAMA\DSC_1443.jpg,afd_wash_dotation_dispositifs_lavage_mains_salama_004.jpg,D:\Maquette_AFD\Banque des images AFD - Classees\06_wash\afd_wash_dotation_dispositifs_lavage_mains_salama_004.jpg,wash,dotation_dispositifs_lavage_mains,eleve,Planche-contact verifiee: remise de seaux et kits de lavage des mains.
DSC_1444.jpg,D:\Maquette_AFD\Banque des images AFD\Banque Images 1\Dotation de DDLM SALAMA\DSC_1444.jpg,afd_wash_dotation_dispositifs_lavage_mains_salama_005.jpg,D:\Maquette_AFD\Banque des images AFD - Classees\06_wash\afd_wash_dotation_dispositifs_lavage_mains_salama_005.jpg,wash,dotation_dispositifs_lavage_mains,eleve,Planche-contact verifiee: remise de seaux et kits de lavage des mains.
DSC_1445.jpg,D:\Maquette_AFD\Banque des images AFD\Banque Images 1\Dotation de DDLM SALAMA\DSC_1445.jpg,afd_wash_dotation_dispositifs_lavage_mains_salama_006.jpg,D:\Maquette_AFD\Banque des images AFD - Classees\06_wash\afd_wash_dotation_dispositifs_lavage_mains_salama_006.jpg,wash,dotation_dispositifs_lavage_mains,eleve,Planche-contact verifiee: remise de seaux et kits de lavage des mains.
DSC_1446.jpg,D:\Maquette_AFD\Banque des images AFD\Banque Images 1\Dotation de DDLM SALAMA\DSC_1446.jpg,afd_wash_dotation_dispositifs_lavage_mains_salama_007.jpg,D:\Maquette_AFD\Banque des images AFD - Classees\06_wash\afd_wash_dotation_dispositifs_lavage_mains_salama_007.jpg,wash,dotation_dispositifs_lavage_mains,eleve,Planche-contact verifiee: remise de seaux et kits de lavage des mains.
DSC_1447.jpg,D:\Maquette_AFD\Banque des images AFD\Banque Images 1\Dotation de DDLM SALAMA\DSC_1447.jpg,afd_wash_dotation_dispositifs_lavage_mains_salama_008.jpg,D:\Maquette_AFD\Banque des images AFD - Classees\06_wash\afd_wash_dotation_dispositifs_lavage_mains_salama_008.jpg,wash,dotation_dispositifs_lavage_mains,eleve,Planche-contact verifiee: remise de seaux et kits de lavage des mains.
DSC_1448.jpg,D:\Maquette_AFD\Banque des images AFD\Banque Images 1\Dotation de DDLM SALAMA\DSC_1448.jpg,afd_wash_dotation_dispositifs_lavage_mains_salama_009.jpg,D:\Maquette_AFD\Banque des images AFD - Classees\06_wash\afd_wash_dotation_dispositifs_lavage_mains_salama_009.jpg,wash,dotation_dispositifs_lavage_mains,eleve,Planche-contact verifiee: remise de seaux et kits de lavage des mains.
DSC_1449.jpg,D:\Maquette_AFD\Banque des images AFD\Banque Images 1\Dotation de DDLM SALAMA\DSC_1449.jpg,afd_wash_dotation_dispositifs_lavage_mains_salama_010.jpg,D:\Maquette_AFD\Banque des images AFD - Classees\06_wash\afd_wash_dotation_dispositifs_lavage_mains_salama_010.jpg,wash,dotation_dispositifs_lavage_mains,eleve,Planche-contact verifiee: remise de seaux et kits de lavage des mains.
DSC_1450.jpg,D:\Maquette_AFD\Banque des images AFD\Banque Images 1\Dotation de DDLM SALAMA\DSC_1450.jpg,afd_wash_dotation_dispositifs_lavage_mains_salama_011.jpg,D:\Maquette_AFD\Banque des images AFD - Classees\06_wash\afd_wash_dotation_dispositifs_lavage_mains_salama_011.jpg,wash,dotation_dispositifs_lavage_mains,eleve,Planche-contact verifiee: remise de seaux et kits de lavage des mains.
DSC_1451.jpg,D:\Maquette_AFD\Banque des images AFD\Banque Images 1\Dotation de DDLM SALAMA\DSC_1451.jpg,afd_wash_dotation_dispositifs_lavage_mains_salama_012.jpg,D:\Maquette_AFD\Banque des images AFD - Classees\06_wash\afd_wash_dotation_dispositifs_lavage_mains_salama_012.jpg,wash,dotation_dispositifs_lavage_mains,eleve,Planche-contact verifiee: remise de seaux et kits de lavage des mains.
DSC_1452.jpg,D:\Maquette_AFD\Banque des images AFD\Banque Images 1\Dotation de DDLM SALAMA\DSC_1452.jpg,afd_wash_dotation_dispositifs_lavage_mains_salama_013.jpg,D:\Maquette_AFD\Banque des images AFD - Classees\06_wash\afd_wash_dotation_dispositifs_lavage_mains_salama_013.jpg,wash,dotation_dispositifs_lavage_mains,eleve,Planche-contact verifiee: remise de seaux et kits de lavage des mains.
DSC_1453.jpg,D:\Maquette_AFD\Banque des images AFD\Banque Images 1\Dotation de DDLM SALAMA\DSC_1453.jpg,afd_wash_dotation_dispositifs_lavage_mains_salama_014.jpg,D:\Maquette_AFD\Banque des images AFD - Classees\06_wash\afd_wash_dotation_dispositifs_lavage_mains_salama_014.jpg,wash,dotation_dispositifs_lavage_mains,eleve,Planche-contact verifiee: remise de seaux et kits de lavage des mains.
DSC_1454.jpg,D:\Maquette_AFD\Banque des images AFD\Banque Images 1\Dotation de DDLM SALAMA\DSC_1454.jpg,afd_wash_dotation_dispositifs_lavage_mains_salama_015.jpg,D:\Maquette_AFD\Banque des images AFD - Classees\06_wash\afd_wash_dotation_dispositifs_lavage_mains_salama_015.jpg,wash,dotation_dispositifs_lavage_mains,eleve,Planche-contact verifiee: remise de seaux et kits de lavage des mains.
DSC_1455.jpg,D:\Maquette_AFD\Banque des images AFD\Banque Images 1\Dotation de DDLM SALAMA\DSC_1455.jpg,afd_wash_dotation_dispositifs_lavage_mains_salama_016.jpg,D:\Maquette_AFD\Banque des images AFD - Classees\06_wash\afd_wash_dotation_dispositifs_lavage_mains_salama_016.jpg,wash,dotation_dispositifs_lavage_mains,eleve,Planche-contact verifiee: remise de seaux et kits de lavage des mains.
DSC_1456.jpg,D:\Maquette_AFD\Banque des images AFD\Banque Images 1\Dotation de DDLM SALAMA\DSC_1456.jpg,afd_wash_dotation_dispositifs_lavage_mains_salama_017.jpg,D:\Maquette_AFD\Banque des images AFD - Classees\06_wash\afd_wash_dotation_dispositifs_lavage_mains_salama_017.jpg,wash,dotation_dispositifs_lavage_mains,eleve,Planche-contact verifiee: remise de seaux et kits de lavage des mains.
DSC_1457.jpg,D:\Maquette_AFD\Banque des images AFD\Banque Images 1\Dotation de DDLM SALAMA\DSC_1457.jpg,afd_wash_dotation_dispositifs_lavage_mains_salama_018.jpg,D:\Maquette_AFD\Banque des images AFD - Classees\06_wash\afd_wash_dotation_dispositifs_lavage_mains_salama_018.jpg,wash,dotation_dispositifs_lavage_mains,eleve,Planche-contact verifiee: remise de seaux et kits de lavage des mains.
DSC_1458.jpg,D:\Maquette_AFD\Banque des images AFD\Banque Images 1\Dotation de DDLM SALAMA\DSC_1458.jpg,afd_wash_dotation_dispositifs_lavage_mains_salama_019.jpg,D:\Maquette_AFD\Banque des images AFD - Classees\06_wash\afd_wash_dotation_dispositifs_lavage_mains_salama_019.jpg,wash,dotation_dispositifs_lavage_mains,eleve,Planche-contact verifiee: remise de seaux et kits de lavage des mains.
DSC_1459.jpg,D:\Maquette_AFD\Banque des images AFD\Banque Images 1\Dotation de DDLM SALAMA\DSC_1459.jpg,afd_wash_dotation_dispositifs_lavage_mains_salama_020.jpg,D:\Maquette_AFD\Banque des images AFD - Classees\06_wash\afd_wash_dotation_dispositifs_lavage_mains_salama_020.jpg,wash,dotation_dispositifs_lavage_mains,eleve,Planche-contact verifiee: remise de seaux et kits de lavage des mains.
DSC_1460.jpg,D:\Maquette_AFD\Banque des images AFD\Banque Images 1\Dotation de DDLM SALAMA\DSC_1460.jpg,afd_wash_dotation_dispositifs_lavage_mains_salama_021.jpg,D:\Maquette_AFD\Banque des images AFD - Classees\06_wash\afd_wash_dotation_dispositifs_lavage_mains_salama_021.jpg,wash,dotation_dispositifs_lavage_mains,eleve,Planche-contact verifiee: remise de seaux et kits de lavage des mains.
DSC_1461.jpg,D:\Maquette_AFD\Banque des images AFD\Banque Images 1\Dotation de DDLM SALAMA\DSC_1461.jpg,afd_wash_dotation_dispositifs_lavage_mains_salama_022.jpg,D:\Maquette_AFD\Banque des images AFD - Classees\06_wash\afd_wash_dotation_dispositifs_lavage_mains_salama_022.jpg,wash,dotation_dispositifs_lavage_mains,eleve,Planche-contact verifiee: remise de seaux et kits de lavage des mains.
DSC_1464.jpg,D:\Maquette_AFD\Banque des images AFD\Banque Images 1\Dotation de DDLM SALAMA\DSC_1464.jpg,afd_wash_dotation_dispositifs_lavage_mains_salama_023.jpg,D:\Maquette_AFD\Banque des images AFD - Classees\06_wash\afd_wash_dotation_dispositifs_lavage_mains_salama_023.jpg,wash,dotation_dispositifs_lavage_mains,eleve,Planche-contact verifiee: remise de seaux et kits de lavage des mains.
DSC_1465.jpg,D:\Maquette_AFD\Banque des images AFD\Banque Images 1\Dotation de DDLM SALAMA\DSC_1465.jpg,afd_wash_dotation_dispositifs_lavage_mains_salama_024.jpg,D:\Maquette_AFD\Banque des images AFD - Classees\06_wash\afd_wash_dotation_dispositifs_lavage_mains_salama_024.jpg,wash,dotation_dispositifs_lavage_mains,eleve,Planche-contact verifiee: remise de seaux et kits de lavage des mains.
DSC_1120.jpg,D:\Maquette_AFD\Banque des images AFD\Banque Images 1\Remise de documents coordination Tshopo\DSC_1120.jpg,afd_gouvernance_remise_documents_coordination_tshopo_001.jpg,D:\Maquette_AFD\Banque des images AFD - Classees\19_gouvernance\afd_gouvernance_remise_documents_coordination_tshopo_001.jpg,gouvernance,remise_documents,eleve,"Planche-contact verifiee: documents remis, bureau officiel et panneaux institutionnels visibles."
DSC_1122.jpg,D:\Maquette_AFD\Banque des images AFD\Banque Images 1\Remise de documents coordination Tshopo\DSC_1122.jpg,afd_gouvernance_remise_documents_coordination_tshopo_002.jpg,D:\Maquette_AFD\Banque des images AFD - Classees\19_gouvernance\afd_gouvernance_remise_documents_coordination_tshopo_002.jpg,gouvernance,remise_documents,eleve,"Planche-contact verifiee: documents remis, bureau officiel et panneaux institutionnels visibles."
DSC_1133.jpg,D:\Maquette_AFD\Banque des images AFD\Banque Images 1\Remise de documents coordination Tshopo\DSC_1133.jpg,afd_gouvernance_remise_documents_coordination_tshopo_003.jpg,D:\Maquette_AFD\Banque des images AFD - Classees\19_gouvernance\afd_gouvernance_remise_documents_coordination_tshopo_003.jpg,gouvernance,remise_documents,eleve,"Planche-contact verifiee: documents remis, bureau officiel et panneaux institutionnels visibles."
DSC_1135.jpg,D:\Maquette_AFD\Banque des images AFD\Banque Images 1\Remise de documents coordination Tshopo\DSC_1135.jpg,afd_gouvernance_remise_documents_coordination_tshopo_004.jpg,D:\Maquette_AFD\Banque des images AFD - Classees\19_gouvernance\afd_gouvernance_remise_documents_coordination_tshopo_004.jpg,gouvernance,remise_documents,eleve,"Planche-contact verifiee: documents remis, bureau officiel et panneaux institutionnels visibles."
DSC_1142.jpg,D:\Maquette_AFD\Banque des images AFD\Banque Images 1\Remise de documents coordination Tshopo\DSC_1142.jpg,afd_gouvernance_remise_documents_coordination_tshopo_005.jpg,D:\Maquette_AFD\Banque des images AFD - Classees\19_gouvernance\afd_gouvernance_remise_documents_coordination_tshopo_005.jpg,gouvernance,remise_documents,eleve,"Planche-contact verifiee: documents remis, bureau officiel et panneaux institutionnels visibles."
DSC_1022.jpg,D:\Maquette_AFD\Banque des images AFD\Banque Images 1\séance de travail avec CARITAS kisangani\DSC_1022.jpg,afd_coordination_seance_travail_caritas_kisangani_001.jpg,D:\Maquette_AFD\Banque des images AFD - Classees\18_coordination\afd_coordination_seance_travail_caritas_kisangani_001.jpg,coordination,seance_travail,eleve,Planche-contact verifiee: reunion technique en salle et batiment partenaire visible.
DSC_1024.jpg,D:\Maquette_AFD\Banque des images AFD\Banque Images 1\séance de travail avec CARITAS kisangani\DSC_1024.jpg,afd_coordination_seance_travail_caritas_kisangani_002.jpg,D:\Maquette_AFD\Banque des images AFD - Classees\18_coordination\afd_coordination_seance_travail_caritas_kisangani_002.jpg,coordination,seance_travail,eleve,Planche-contact verifiee: reunion technique en salle et batiment partenaire visible.
DSC_1025.jpg,D:\Maquette_AFD\Banque des images AFD\Banque Images 1\séance de travail avec CARITAS kisangani\DSC_1025.jpg,afd_coordination_seance_travail_caritas_kisangani_003.jpg,D:\Maquette_AFD\Banque des images AFD - Classees\18_coordination\afd_coordination_seance_travail_caritas_kisangani_003.jpg,coordination,seance_travail,eleve,Planche-contact verifiee: reunion technique en salle et batiment partenaire visible.
DSC_1026.jpg,D:\Maquette_AFD\Banque des images AFD\Banque Images 1\séance de travail avec CARITAS kisangani\DSC_1026.jpg,afd_coordination_seance_travail_caritas_kisangani_004.jpg,D:\Maquette_AFD\Banque des images AFD - Classees\18_coordination\afd_coordination_seance_travail_caritas_kisangani_004.jpg,coordination,seance_travail,eleve,Planche-contact verifiee: reunion technique en salle et batiment partenaire visible.
DSC_1030.jpg,D:\Maquette_AFD\Banque des images AFD\Banque Images 1\séance de travail avec CARITAS kisangani\DSC_1030.jpg,afd_coordination_seance_travail_caritas_kisangani_005.jpg,D:\Maquette_AFD\Banque des images AFD - Classees\18_coordination\afd_coordination_seance_travail_caritas_kisangani_005.jpg,coordination,seance_travail,eleve,Planche-contact verifiee: reunion technique en salle et batiment partenaire visible.
DSC_1031.jpg,D:\Maquette_AFD\Banque des images AFD\Banque Images 1\séance de travail avec CARITAS kisangani\DSC_1031.jpg,afd_coordination_seance_travail_caritas_kisangani_006.jpg,D:\Maquette_AFD\Banque des images AFD - Classees\18_coordination\afd_coordination_seance_travail_caritas_kisangani_006.jpg,coordination,seance_travail,eleve,Planche-contact verifiee: reunion technique en salle et batiment partenaire visible.
DSC_1032.jpg,D:\Maquette_AFD\Banque des images AFD\Banque Images 1\séance de travail avec CARITAS kisangani\DSC_1032.jpg,afd_coordination_seance_travail_caritas_kisangani_007.jpg,D:\Maquette_AFD\Banque des images AFD - Classees\18_coordination\afd_coordination_seance_travail_caritas_kisangani_007.jpg,coordination,seance_travail,eleve,Planche-contact verifiee: reunion technique en salle et batiment partenaire visible.
DSC_1033.jpg,D:\Maquette_AFD\Banque des images AFD\Banque Images 1\séance de travail avec CARITAS kisangani\DSC_1033.jpg,afd_coordination_seance_travail_caritas_kisangani_008.jpg,D:\Maquette_AFD\Banque des images AFD - Classees\18_coordination\afd_coordination_seance_travail_caritas_kisangani_008.jpg,coordination,seance_travail,eleve,Planche-contact verifiee: reunion technique en salle et batiment partenaire visible.
DSC_1034.jpg,D:\Maquette_AFD\Banque des images AFD\Banque Images 1\séance de travail avec CARITAS kisangani\DSC_1034.jpg,afd_coordination_seance_travail_caritas_kisangani_009.jpg,D:\Maquette_AFD\Banque des images AFD - Classees\18_coordination\afd_coordination_seance_travail_caritas_kisangani_009.jpg,coordination,seance_travail,eleve,Planche-contact verifiee: reunion technique en salle et batiment partenaire visible.
DSC_1035.jpg,D:\Maquette_AFD\Banque des images AFD\Banque Images 1\séance de travail avec CARITAS kisangani\DSC_1035.jpg,afd_coordination_seance_travail_caritas_kisangani_010.jpg,D:\Maquette_AFD\Banque des images AFD - Classees\18_coordination\afd_coordination_seance_travail_caritas_kisangani_010.jpg,coordination,seance_travail,eleve,Planche-contact verifiee: reunion technique en salle et batiment partenaire visible.
DSC_1036.jpg,D:\Maquette_AFD\Banque des images AFD\Banque Images 1\séance de travail avec CARITAS kisangani\DSC_1036.jpg,afd_coordination_seance_travail_caritas_kisangani_011.jpg,D:\Maquette_AFD\Banque des images AFD - Classees\18_coordination\afd_coordination_seance_travail_caritas_kisangani_011.jpg,coordination,seance_travail,eleve,Planche-contact verifiee: reunion technique en salle et batiment partenaire visible.
DSC_1038.jpg,D:\Maquette_AFD\Banque des images AFD\Banque Images 1\séance de travail avec CARITAS kisangani\DSC_1038.jpg,afd_coordination_seance_travail_caritas_kisangani_012.jpg,D:\Maquette_AFD\Banque des images AFD - Classees\18_coordination\afd_coordination_seance_travail_caritas_kisangani_012.jpg,coordination,seance_travail,eleve,Planche-contact verifiee: reunion technique en salle et batiment partenaire visible.
DSC_1039.jpg,D:\Maquette_AFD\Banque des images AFD\Banque Images 1\séance de travail avec CARITAS kisangani\DSC_1039.jpg,afd_coordination_seance_travail_caritas_kisangani_013.jpg,D:\Maquette_AFD\Banque des images AFD - Classees\18_coordination\afd_coordination_seance_travail_caritas_kisangani_013.jpg,coordination,seance_travail,eleve,Planche-contact verifiee: reunion technique en salle et batiment partenaire visible.
DSC_1040.jpg,D:\Maquette_AFD\Banque des images AFD\Banque Images 1\séance de travail avec CARITAS kisangani\DSC_1040.jpg,afd_coordination_seance_travail_caritas_kisangani_014.jpg,D:\Maquette_AFD\Banque des images AFD - Classees\18_coordination\afd_coordination_seance_travail_caritas_kisangani_014.jpg,coordination,seance_travail,eleve,Planche-contact verifiee: reunion technique en salle et batiment partenaire visible.
DSC_1041.jpg,D:\Maquette_AFD\Banque des images AFD\Banque Images 1\séance de travail avec CARITAS kisangani\DSC_1041.jpg,afd_coordination_seance_travail_caritas_kisangani_015.jpg,D:\Maquette_AFD\Banque des images AFD - Classees\18_coordination\afd_coordination_seance_travail_caritas_kisangani_015.jpg,coordination,seance_travail,eleve,Planche-contact verifiee: reunion technique en salle et batiment partenaire visible.
DSC_1042.jpg,D:\Maquette_AFD\Banque des images AFD\Banque Images 1\séance de travail avec CARITAS kisangani\DSC_1042.jpg,afd_coordination_seance_travail_caritas_kisangani_016.jpg,D:\Maquette_AFD\Banque des images AFD - Classees\18_coordination\afd_coordination_seance_travail_caritas_kisangani_016.jpg,coordination,seance_travail,eleve,Planche-contact verifiee: reunion technique en salle et batiment partenaire visible.
DSC_1045.jpg,D:\Maquette_AFD\Banque des images AFD\Banque Images 1\séance de travail avec CARITAS kisangani\DSC_1045.jpg,afd_coordination_seance_travail_caritas_kisangani_017.jpg,D:\Maquette_AFD\Banque des images AFD - Classees\18_coordination\afd_coordination_seance_travail_caritas_kisangani_017.jpg,coordination,seance_travail,eleve,Planche-contact verifiee: reunion technique en salle et batiment partenaire visible.
DSC_1046.jpg,D:\Maquette_AFD\Banque des images AFD\Banque Images 1\séance de travail avec CARITAS kisangani\DSC_1046.jpg,afd_coordination_seance_travail_caritas_kisangani_018.jpg,D:\Maquette_AFD\Banque des images AFD - Classees\18_coordination\afd_coordination_seance_travail_caritas_kisangani_018.jpg,coordination,seance_travail,eleve,Planche-contact verifiee: reunion technique en salle et batiment partenaire visible.
DSC_1048.jpg,D:\Maquette_AFD\Banque des images AFD\Banque Images 1\séance de travail avec CARITAS kisangani\DSC_1048.jpg,afd_coordination_seance_travail_caritas_kisangani_019.jpg,D:\Maquette_AFD\Banque des images AFD - Classees\18_coordination\afd_coordination_seance_travail_caritas_kisangani_019.jpg,coordination,seance_travail,eleve,Planche-contact verifiee: reunion technique en salle et batiment partenaire visible.
DSC_1049.jpg,D:\Maquette_AFD\Banque des images AFD\Banque Images 1\séance de travail avec CARITAS kisangani\DSC_1049.jpg,afd_coordination_seance_travail_caritas_kisangani_020.jpg,D:\Maquette_AFD\Banque des images AFD - Classees\18_coordination\afd_coordination_seance_travail_caritas_kisangani_020.jpg,coordination,seance_travail,eleve,Planche-contact verifiee: reunion technique en salle et batiment partenaire visible.
DSC_1050.jpg,D:\Maquette_AFD\Banque des images AFD\Banque Images 1\séance de travail avec CARITAS kisangani\DSC_1050.jpg,afd_coordination_seance_travail_caritas_kisangani_021.jpg,D:\Maquette_AFD\Banque des images AFD - Classees\18_coordination\afd_coordination_seance_travail_caritas_kisangani_021.jpg,coordination,seance_travail,eleve,Planche-contact verifiee: reunion technique en salle et batiment partenaire visible.
DSC_1051.jpg,D:\Maquette_AFD\Banque des images AFD\Banque Images 1\séance de travail avec CARITAS kisangani\DSC_1051.jpg,afd_coordination_seance_travail_caritas_kisangani_022.jpg,D:\Maquette_AFD\Banque des images AFD - Classees\18_coordination\afd_coordination_seance_travail_caritas_kisangani_022.jpg,coordination,seance_travail,eleve,Planche-contact verifiee: reunion technique en salle et batiment partenaire visible.
DSC_1054.jpg,D:\Maquette_AFD\Banque des images AFD\Banque Images 1\séance de travail avec CARITAS kisangani\DSC_1054.jpg,afd_coordination_seance_travail_caritas_kisangani_023.jpg,D:\Maquette_AFD\Banque des images AFD - Classees\18_coordination\afd_coordination_seance_travail_caritas_kisangani_023.jpg,coordination,seance_travail,eleve,Planche-contact verifiee: reunion technique en salle et batiment partenaire visible.
DSC_1055.jpg,D:\Maquette_AFD\Banque des images AFD\Banque Images 1\séance de travail avec CARITAS kisangani\DSC_1055.jpg,afd_coordination_seance_travail_caritas_kisangani_024.jpg,D:\Maquette_AFD\Banque des images AFD - Classees\18_coordination\afd_coordination_seance_travail_caritas_kisangani_024.jpg,coordination,seance_travail,eleve,Planche-contact verifiee: reunion technique en salle et batiment partenaire visible.
DSC_1056.jpg,D:\Maquette_AFD\Banque des images AFD\Banque Images 1\séance de travail avec CARITAS kisangani\DSC_1056.jpg,afd_coordination_seance_travail_caritas_kisangani_025.jpg,D:\Maquette_AFD\Banque des images AFD - Classees\18_coordination\afd_coordination_seance_travail_caritas_kisangani_025.jpg,coordination,seance_travail,eleve,Planche-contact verifiee: reunion technique en salle et batiment partenaire visible.
DSC_1058.jpg,D:\Maquette_AFD\Banque des images AFD\Banque Images 1\séance de travail avec CARITAS kisangani\DSC_1058.jpg,afd_coordination_seance_travail_caritas_kisangani_026.jpg,D:\Maquette_AFD\Banque des images AFD - Classees\18_coordination\afd_coordination_seance_travail_caritas_kisangani_026.jpg,coordination,seance_travail,eleve,Planche-contact verifiee: reunion technique en salle et batiment partenaire visible.
DSC_1060.jpg,D:\Maquette_AFD\Banque des images AFD\Banque Images 1\séance de travail avec CARITAS kisangani\DSC_1060.jpg,afd_coordination_seance_travail_caritas_kisangani_027.jpg,D:\Maquette_AFD\Banque des images AFD - Classees\18_coordination\afd_coordination_seance_travail_caritas_kisangani_027.jpg,coordination,seance_travail,eleve,Planche-contact verifiee: reunion technique en salle et batiment partenaire visible.
DSC_1062.jpg,D:\Maquette_AFD\Banque des images AFD\Banque Images 1\séance de travail avec CARITAS kisangani\DSC_1062.jpg,afd_coordination_seance_travail_caritas_kisangani_028.jpg,D:\Maquette_AFD\Banque des images AFD - Classees\18_coordination\afd_coordination_seance_travail_caritas_kisangani_028.jpg,coordination,seance_travail,eleve,Planche-contact verifiee: reunion technique en salle et batiment partenaire visible.
DSC_1066.jpg,D:\Maquette_AFD\Banque des images AFD\Banque Images 1\séance de travail avec CARITAS kisangani\DSC_1066.jpg,afd_coordination_seance_travail_caritas_kisangani_029.jpg,D:\Maquette_AFD\Banque des images AFD - Classees\18_coordination\afd_coordination_seance_travail_caritas_kisangani_029.jpg,coordination,seance_travail,eleve,Planche-contact verifiee: reunion technique en salle et batiment partenaire visible.
DSC_1072.jpg,D:\Maquette_AFD\Banque des images AFD\Banque Images 1\séance de travail avec CARITAS kisangani\DSC_1072.jpg,afd_coordination_seance_travail_caritas_kisangani_030.jpg,D:\Maquette_AFD\Banque des images AFD - Classees\18_coordination\afd_coordination_seance_travail_caritas_kisangani_030.jpg,coordination,seance_travail,eleve,Planche-contact verifiee: reunion technique en salle et batiment partenaire visible.
DSC_1076.jpg,D:\Maquette_AFD\Banque des images AFD\Banque Images 1\séance de travail avec CARITAS kisangani\DSC_1076.jpg,afd_coordination_seance_travail_caritas_kisangani_031.jpg,D:\Maquette_AFD\Banque des images AFD - Classees\18_coordination\afd_coordination_seance_travail_caritas_kisangani_031.jpg,coordination,seance_travail,eleve,Planche-contact verifiee: reunion technique en salle et batiment partenaire visible.
DSC_1079.jpg,D:\Maquette_AFD\Banque des images AFD\Banque Images 1\séance de travail avec CARITAS kisangani\DSC_1079.jpg,afd_coordination_seance_travail_caritas_kisangani_032.jpg,D:\Maquette_AFD\Banque des images AFD - Classees\18_coordination\afd_coordination_seance_travail_caritas_kisangani_032.jpg,coordination,seance_travail,eleve,Planche-contact verifiee: reunion technique en salle et batiment partenaire visible.
DSC_1085.jpg,D:\Maquette_AFD\Banque des images AFD\Banque Images 1\séance de travail avec CARITAS kisangani\DSC_1085.jpg,afd_coordination_seance_travail_caritas_kisangani_033.jpg,D:\Maquette_AFD\Banque des images AFD - Classees\18_coordination\afd_coordination_seance_travail_caritas_kisangani_033.jpg,coordination,seance_travail,eleve,Planche-contact verifiee: reunion technique en salle et batiment partenaire visible.
DSC_1094.jpg,D:\Maquette_AFD\Banque des images AFD\Banque Images 1\séance de travail avec CARITAS kisangani\DSC_1094.jpg,afd_coordination_seance_travail_caritas_kisangani_034.jpg,D:\Maquette_AFD\Banque des images AFD - Classees\18_coordination\afd_coordination_seance_travail_caritas_kisangani_034.jpg,coordination,seance_travail,eleve,Planche-contact verifiee: reunion technique en salle et batiment partenaire visible.
DSC_1095.jpg,D:\Maquette_AFD\Banque des images AFD\Banque Images 1\séance de travail avec CARITAS kisangani\DSC_1095.jpg,afd_coordination_seance_travail_caritas_kisangani_035.jpg,D:\Maquette_AFD\Banque des images AFD - Classees\18_coordination\afd_coordination_seance_travail_caritas_kisangani_035.jpg,coordination,seance_travail,eleve,Planche-contact verifiee: reunion technique en salle et batiment partenaire visible.
DSC_1096.jpg,D:\Maquette_AFD\Banque des images AFD\Banque Images 1\séance de travail avec CARITAS kisangani\DSC_1096.jpg,afd_coordination_seance_travail_caritas_kisangani_036.jpg,D:\Maquette_AFD\Banque des images AFD - Classees\18_coordination\afd_coordination_seance_travail_caritas_kisangani_036.jpg,coordination,seance_travail,eleve,Planche-contact verifiee: reunion technique en salle et batiment partenaire visible.
DSC_1097.jpg,D:\Maquette_AFD\Banque des images AFD\Banque Images 1\séance de travail avec CARITAS kisangani\DSC_1097.jpg,afd_coordination_seance_travail_caritas_kisangani_037.jpg,D:\Maquette_AFD\Banque des images AFD - Classees\18_coordination\afd_coordination_seance_travail_caritas_kisangani_037.jpg,coordination,seance_travail,eleve,Planche-contact verifiee: reunion technique en salle et batiment partenaire visible.
DSC_1098.jpg,D:\Maquette_AFD\Banque des images AFD\Banque Images 1\séance de travail avec CARITAS kisangani\DSC_1098.jpg,afd_coordination_seance_travail_caritas_kisangani_038.jpg,D:\Maquette_AFD\Banque des images AFD - Classees\18_coordination\afd_coordination_seance_travail_caritas_kisangani_038.jpg,coordination,seance_travail,eleve,Planche-contact verifiee: reunion technique en salle et batiment partenaire visible.
DSC_1102.jpg,D:\Maquette_AFD\Banque des images AFD\Banque Images 1\séance de travail avec CARITAS kisangani\DSC_1102.jpg,afd_coordination_seance_travail_caritas_kisangani_039.jpg,D:\Maquette_AFD\Banque des images AFD - Classees\18_coordination\afd_coordination_seance_travail_caritas_kisangani_039.jpg,coordination,seance_travail,eleve,Planche-contact verifiee: reunion technique en salle et batiment partenaire visible.
DSC_1104.jpg,D:\Maquette_AFD\Banque des images AFD\Banque Images 1\séance de travail avec CARITAS kisangani\DSC_1104.jpg,afd_coordination_seance_travail_caritas_kisangani_040.jpg,D:\Maquette_AFD\Banque des images AFD - Classees\18_coordination\afd_coordination_seance_travail_caritas_kisangani_040.jpg,coordination,seance_travail,eleve,Planche-contact verifiee: reunion technique en salle et batiment partenaire visible.
DSC_1108.jpg,D:\Maquette_AFD\Banque des images AFD\Banque Images 1\séance de travail avec CARITAS kisangani\DSC_1108.jpg,afd_coordination_seance_travail_caritas_kisangani_041.jpg,D:\Maquette_AFD\Banque des images AFD - Classees\18_coordination\afd_coordination_seance_travail_caritas_kisangani_041.jpg,coordination,seance_travail,eleve,Planche-contact verifiee: reunion technique en salle et batiment partenaire visible.
DSC_1114.jpg,D:\Maquette_AFD\Banque des images AFD\Banque Images 1\séance de travail avec CARITAS kisangani\DSC_1114.jpg,afd_coordination_seance_travail_caritas_kisangani_042.jpg,D:\Maquette_AFD\Banque des images AFD - Classees\18_coordination\afd_coordination_seance_travail_caritas_kisangani_042.jpg,coordination,seance_travail,eleve,Planche-contact verifiee: reunion technique en salle et batiment partenaire visible.
DSC_1115.jpg,D:\Maquette_AFD\Banque des images AFD\Banque Images 1\séance de travail avec CARITAS kisangani\DSC_1115.jpg,afd_coordination_seance_travail_caritas_kisangani_043.jpg,D:\Maquette_AFD\Banque des images AFD - Classees\18_coordination\afd_coordination_seance_travail_caritas_kisangani_043.jpg,coordination,seance_travail,eleve,Planche-contact verifiee: reunion technique en salle et batiment partenaire visible.
DSC_1116.jpg,D:\Maquette_AFD\Banque des images AFD\Banque Images 1\séance de travail avec CARITAS kisangani\DSC_1116.jpg,afd_coordination_seance_travail_caritas_kisangani_044.jpg,D:\Maquette_AFD\Banque des images AFD - Classees\18_coordination\afd_coordination_seance_travail_caritas_kisangani_044.jpg,coordination,seance_travail,eleve,Planche-contact verifiee: reunion technique en salle et batiment partenaire visible.
DSC_1117.jpg,D:\Maquette_AFD\Banque des images AFD\Banque Images 1\séance de travail avec CARITAS kisangani\DSC_1117.jpg,afd_coordination_seance_travail_caritas_kisangani_045.jpg,D:\Maquette_AFD\Banque des images AFD - Classees\18_coordination\afd_coordination_seance_travail_caritas_kisangani_045.jpg,coordination,seance_travail,eleve,Planche-contact verifiee: reunion technique en salle et batiment partenaire visible.
IMG_20260224_114034_755.jpg,D:\Maquette_AFD\Banque des images AFD\Banque Images 2\Sensibilisation 8 mars CAMP KABILA\IMG_20260224_114034_755.jpg,afd_sensibilisation_sensibilisation_8_mars_camp_kabila_001.jpg,D:\Maquette_AFD\Banque des images AFD - Classees\22_sensibilisation\afd_sensibilisation_sensibilisation_8_mars_camp_kabila_001.jpg,sensibilisation,sensibilisation_8_mars,eleve,"Planche-contact verifiee: banderole, activite du 8 mars et groupe de femmes/personnel visible."
IMG_20260308_101758_878.jpg,D:\Maquette_AFD\Banque des images AFD\Banque Images 2\Sensibilisation 8 mars CAMP KABILA\IMG_20260308_101758_878.jpg,afd_sensibilisation_sensibilisation_8_mars_camp_kabila_002.jpg,D:\Maquette_AFD\Banque des images AFD - Classees\22_sensibilisation\afd_sensibilisation_sensibilisation_8_mars_camp_kabila_002.jpg,sensibilisation,sensibilisation_8_mars,eleve,"Planche-contact verifiee: banderole, activite du 8 mars et groupe de femmes/personnel visible."
IMG_20260308_110240_651.jpg,D:\Maquette_AFD\Banque des images AFD\Banque Images 2\Sensibilisation 8 mars CAMP KABILA\IMG_20260308_110240_651.jpg,afd_sensibilisation_sensibilisation_8_mars_camp_kabila_003.jpg,D:\Maquette_AFD\Banque des images AFD - Classees\22_sensibilisation\afd_sensibilisation_sensibilisation_8_mars_camp_kabila_003.jpg,sensibilisation,sensibilisation_8_mars,eleve,"Planche-contact verifiee: banderole, activite du 8 mars et groupe de femmes/personnel visible."
IMG_20260308_110255_814.jpg,D:\Maquette_AFD\Banque des images AFD\Banque Images 2\Sensibilisation 8 mars CAMP KABILA\IMG_20260308_110255_814.jpg,afd_sensibilisation_sensibilisation_8_mars_camp_kabila_004.jpg,D:\Maquette_AFD\Banque des images AFD - Classees\22_sensibilisation\afd_sensibilisation_sensibilisation_8_mars_camp_kabila_004.jpg,sensibilisation,sensibilisation_8_mars,eleve,"Planche-contact verifiee: banderole, activite du 8 mars et groupe de femmes/personnel visible."
IMG_20260308_110619_436.jpg,D:\Maquette_AFD\Banque des images AFD\Banque Images 2\Sensibilisation 8 mars CAMP KABILA\IMG_20260308_110619_436.jpg,afd_sensibilisation_sensibilisation_8_mars_camp_kabila_005.jpg,D:\Maquette_AFD\Banque des images AFD - Classees\22_sensibilisation\afd_sensibilisation_sensibilisation_8_mars_camp_kabila_005.jpg,sensibilisation,sensibilisation_8_mars,eleve,"Planche-contact verifiee: banderole, activite du 8 mars et groupe de femmes/personnel visible."
IMG_20260308_111514_440.jpg,D:\Maquette_AFD\Banque des images AFD\Banque Images 2\Sensibilisation 8 mars CAMP KABILA\IMG_20260308_111514_440.jpg,afd_sensibilisation_sensibilisation_8_mars_camp_kabila_006.jpg,D:\Maquette_AFD\Banque des images AFD - Classees\22_sensibilisation\afd_sensibilisation_sensibilisation_8_mars_camp_kabila_006.jpg,sensibilisation,sensibilisation_8_mars,eleve,"Planche-contact verifiee: banderole, activite du 8 mars et groupe de femmes/personnel visible."
IMG_20260308_123640_070.jpg,D:\Maquette_AFD\Banque des images AFD\Banque Images 2\Sensibilisation 8 mars CAMP KABILA\IMG_20260308_123640_070.jpg,afd_sensibilisation_sensibilisation_8_mars_camp_kabila_007.jpg,D:\Maquette_AFD\Banque des images AFD - Classees\22_sensibilisation\afd_sensibilisation_sensibilisation_8_mars_camp_kabila_007.jpg,sensibilisation,sensibilisation_8_mars,eleve,"Planche-contact verifiee: banderole, activite du 8 mars et groupe de femmes/personnel visible."
DSC_1281.jpg,D:\Maquette_AFD\Banque des images AFD\Banque Images 2\Sensibilisation et dotation DDLM au site CECA 20 MAKOKO 1\DSC_1281.jpg,afd_wash_sensibilisation_dotation_lavage_mains_site_ceca_20_makoko_1_001.jpg,D:\Maquette_AFD\Banque des images AFD - Classees\06_wash\afd_wash_sensibilisation_dotation_lavage_mains_site_ceca_20_makoko_1_001.jpg,wash,sensibilisation_dotation_lavage_mains,eleve,"Planche-contact verifiee: dispositifs de lavage des mains, demonstration et site avec abris visibles."
DSC_1283.jpg,D:\Maquette_AFD\Banque des images AFD\Banque Images 2\Sensibilisation et dotation DDLM au site CECA 20 MAKOKO 1\DSC_1283.jpg,afd_wash_sensibilisation_dotation_lavage_mains_site_ceca_20_makoko_1_002.jpg,D:\Maquette_AFD\Banque des images AFD - Classees\06_wash\afd_wash_sensibilisation_dotation_lavage_mains_site_ceca_20_makoko_1_002.jpg,wash,sensibilisation_dotation_lavage_mains,eleve,"Planche-contact verifiee: dispositifs de lavage des mains, demonstration et site avec abris visibles."
DSC_1284.jpg,D:\Maquette_AFD\Banque des images AFD\Banque Images 2\Sensibilisation et dotation DDLM au site CECA 20 MAKOKO 1\DSC_1284.jpg,afd_wash_sensibilisation_dotation_lavage_mains_site_ceca_20_makoko_1_003.jpg,D:\Maquette_AFD\Banque des images AFD - Classees\06_wash\afd_wash_sensibilisation_dotation_lavage_mains_site_ceca_20_makoko_1_003.jpg,wash,sensibilisation_dotation_lavage_mains,eleve,"Planche-contact verifiee: dispositifs de lavage des mains, demonstration et site avec abris visibles."
DSC_1291.jpg,D:\Maquette_AFD\Banque des images AFD\Banque Images 2\Sensibilisation et dotation DDLM au site CECA 20 MAKOKO 1\DSC_1291.jpg,afd_wash_sensibilisation_dotation_lavage_mains_site_ceca_20_makoko_1_004.jpg,D:\Maquette_AFD\Banque des images AFD - Classees\06_wash\afd_wash_sensibilisation_dotation_lavage_mains_site_ceca_20_makoko_1_004.jpg,wash,sensibilisation_dotation_lavage_mains,eleve,"Planche-contact verifiee: dispositifs de lavage des mains, demonstration et site avec abris visibles."
DSC_1309.jpg,D:\Maquette_AFD\Banque des images AFD\Banque Images 2\Sensibilisation et dotation DDLM au site CECA 20 MAKOKO 1\DSC_1309.jpg,afd_wash_sensibilisation_dotation_lavage_mains_site_ceca_20_makoko_1_005.jpg,D:\Maquette_AFD\Banque des images AFD - Classees\06_wash\afd_wash_sensibilisation_dotation_lavage_mains_site_ceca_20_makoko_1_005.jpg,wash,sensibilisation_dotation_lavage_mains,eleve,"Planche-contact verifiee: dispositifs de lavage des mains, demonstration et site avec abris visibles."
DSC_1310.jpg,D:\Maquette_AFD\Banque des images AFD\Banque Images 2\Sensibilisation et dotation DDLM au site CECA 20 MAKOKO 1\DSC_1310.jpg,afd_wash_sensibilisation_dotation_lavage_mains_site_ceca_20_makoko_1_006.jpg,D:\Maquette_AFD\Banque des images AFD - Classees\06_wash\afd_wash_sensibilisation_dotation_lavage_mains_site_ceca_20_makoko_1_006.jpg,wash,sensibilisation_dotation_lavage_mains,eleve,"Planche-contact verifiee: dispositifs de lavage des mains, demonstration et site avec abris visibles."
DSC_1311.jpg,D:\Maquette_AFD\Banque des images AFD\Banque Images 2\Sensibilisation et dotation DDLM au site CECA 20 MAKOKO 1\DSC_1311.jpg,afd_wash_sensibilisation_dotation_lavage_mains_site_ceca_20_makoko_1_007.jpg,D:\Maquette_AFD\Banque des images AFD - Classees\06_wash\afd_wash_sensibilisation_dotation_lavage_mains_site_ceca_20_makoko_1_007.jpg,wash,sensibilisation_dotation_lavage_mains,eleve,"Planche-contact verifiee: dispositifs de lavage des mains, demonstration et site avec abris visibles."
DSC_1312.jpg,D:\Maquette_AFD\Banque des images AFD\Banque Images 2\Sensibilisation et dotation DDLM au site CECA 20 MAKOKO 1\DSC_1312.jpg,afd_wash_sensibilisation_dotation_lavage_mains_site_ceca_20_makoko_1_008.jpg,D:\Maquette_AFD\Banque des images AFD - Classees\06_wash\afd_wash_sensibilisation_dotation_lavage_mains_site_ceca_20_makoko_1_008.jpg,wash,sensibilisation_dotation_lavage_mains,eleve,"Planche-contact verifiee: dispositifs de lavage des mains, demonstration et site avec abris visibles."
DSC_1313.jpg,D:\Maquette_AFD\Banque des images AFD\Banque Images 2\Sensibilisation et dotation DDLM au site CECA 20 MAKOKO 1\DSC_1313.jpg,afd_wash_sensibilisation_dotation_lavage_mains_site_ceca_20_makoko_1_009.jpg,D:\Maquette_AFD\Banque des images AFD - Classees\06_wash\afd_wash_sensibilisation_dotation_lavage_mains_site_ceca_20_makoko_1_009.jpg,wash,sensibilisation_dotation_lavage_mains,eleve,"Planche-contact verifiee: dispositifs de lavage des mains, demonstration et site avec abris visibles."
DSC_1314.jpg,D:\Maquette_AFD\Banque des images AFD\Banque Images 2\Sensibilisation et dotation DDLM au site CECA 20 MAKOKO 1\DSC_1314.jpg,afd_wash_sensibilisation_dotation_lavage_mains_site_ceca_20_makoko_1_010.jpg,D:\Maquette_AFD\Banque des images AFD - Classees\06_wash\afd_wash_sensibilisation_dotation_lavage_mains_site_ceca_20_makoko_1_010.jpg,wash,sensibilisation_dotation_lavage_mains,eleve,"Planche-contact verifiee: dispositifs de lavage des mains, demonstration et site avec abris visibles."
DSC_1315.jpg,D:\Maquette_AFD\Banque des images AFD\Banque Images 2\Sensibilisation et dotation DDLM au site CECA 20 MAKOKO 1\DSC_1315.jpg,afd_wash_sensibilisation_dotation_lavage_mains_site_ceca_20_makoko_1_011.jpg,D:\Maquette_AFD\Banque des images AFD - Classees\06_wash\afd_wash_sensibilisation_dotation_lavage_mains_site_ceca_20_makoko_1_011.jpg,wash,sensibilisation_dotation_lavage_mains,eleve,"Planche-contact verifiee: dispositifs de lavage des mains, demonstration et site avec abris visibles."
DSC_1316.jpg,D:\Maquette_AFD\Banque des images AFD\Banque Images 2\Sensibilisation et dotation DDLM au site CECA 20 MAKOKO 1\DSC_1316.jpg,afd_wash_sensibilisation_dotation_lavage_mains_site_ceca_20_makoko_1_012.jpg,D:\Maquette_AFD\Banque des images AFD - Classees\06_wash\afd_wash_sensibilisation_dotation_lavage_mains_site_ceca_20_makoko_1_012.jpg,wash,sensibilisation_dotation_lavage_mains,eleve,"Planche-contact verifiee: dispositifs de lavage des mains, demonstration et site avec abris visibles."
DSC_1317.jpg,D:\Maquette_AFD\Banque des images AFD\Banque Images 2\Sensibilisation et dotation DDLM au site CECA 20 MAKOKO 1\DSC_1317.jpg,afd_wash_sensibilisation_dotation_lavage_mains_site_ceca_20_makoko_1_013.jpg,D:\Maquette_AFD\Banque des images AFD - Classees\06_wash\afd_wash_sensibilisation_dotation_lavage_mains_site_ceca_20_makoko_1_013.jpg,wash,sensibilisation_dotation_lavage_mains,eleve,"Planche-contact verifiee: dispositifs de lavage des mains, demonstration et site avec abris visibles."
DSC_1320.jpg,D:\Maquette_AFD\Banque des images AFD\Banque Images 2\Sensibilisation et dotation DDLM au site CECA 20 MAKOKO 1\DSC_1320.jpg,afd_wash_sensibilisation_dotation_lavage_mains_site_ceca_20_makoko_1_014.jpg,D:\Maquette_AFD\Banque des images AFD - Classees\06_wash\afd_wash_sensibilisation_dotation_lavage_mains_site_ceca_20_makoko_1_014.jpg,wash,sensibilisation_dotation_lavage_mains,eleve,"Planche-contact verifiee: dispositifs de lavage des mains, demonstration et site avec abris visibles."
DSC_1330.jpg,D:\Maquette_AFD\Banque des images AFD\Banque Images 2\Sensibilisation et dotation DDLM au site CECA 20 MAKOKO 1\DSC_1330.jpg,afd_wash_sensibilisation_dotation_lavage_mains_site_ceca_20_makoko_1_015.jpg,D:\Maquette_AFD\Banque des images AFD - Classees\06_wash\afd_wash_sensibilisation_dotation_lavage_mains_site_ceca_20_makoko_1_015.jpg,wash,sensibilisation_dotation_lavage_mains,eleve,"Planche-contact verifiee: dispositifs de lavage des mains, demonstration et site avec abris visibles."
DSC_1331.jpg,D:\Maquette_AFD\Banque des images AFD\Banque Images 2\Sensibilisation et dotation DDLM au site CECA 20 MAKOKO 1\DSC_1331.jpg,afd_wash_sensibilisation_dotation_lavage_mains_site_ceca_20_makoko_1_016.jpg,D:\Maquette_AFD\Banque des images AFD - Classees\06_wash\afd_wash_sensibilisation_dotation_lavage_mains_site_ceca_20_makoko_1_016.jpg,wash,sensibilisation_dotation_lavage_mains,eleve,"Planche-contact verifiee: dispositifs de lavage des mains, demonstration et site avec abris visibles."
DSC_1332.jpg,D:\Maquette_AFD\Banque des images AFD\Banque Images 2\Sensibilisation et dotation DDLM au site CECA 20 MAKOKO 1\DSC_1332.jpg,afd_wash_sensibilisation_dotation_lavage_mains_site_ceca_20_makoko_1_017.jpg,D:\Maquette_AFD\Banque des images AFD - Classees\06_wash\afd_wash_sensibilisation_dotation_lavage_mains_site_ceca_20_makoko_1_017.jpg,wash,sensibilisation_dotation_lavage_mains,eleve,"Planche-contact verifiee: dispositifs de lavage des mains, demonstration et site avec abris visibles."
DSC_1333.jpg,D:\Maquette_AFD\Banque des images AFD\Banque Images 2\Sensibilisation et dotation DDLM au site CECA 20 MAKOKO 1\DSC_1333.jpg,afd_wash_sensibilisation_dotation_lavage_mains_site_ceca_20_makoko_1_018.jpg,D:\Maquette_AFD\Banque des images AFD - Classees\06_wash\afd_wash_sensibilisation_dotation_lavage_mains_site_ceca_20_makoko_1_018.jpg,wash,sensibilisation_dotation_lavage_mains,eleve,"Planche-contact verifiee: dispositifs de lavage des mains, demonstration et site avec abris visibles."
DSC_1334.jpg,D:\Maquette_AFD\Banque des images AFD\Banque Images 2\Sensibilisation et dotation DDLM au site CECA 20 MAKOKO 1\DSC_1334.jpg,afd_wash_sensibilisation_dotation_lavage_mains_site_ceca_20_makoko_1_019.jpg,D:\Maquette_AFD\Banque des images AFD - Classees\06_wash\afd_wash_sensibilisation_dotation_lavage_mains_site_ceca_20_makoko_1_019.jpg,wash,sensibilisation_dotation_lavage_mains,eleve,"Planche-contact verifiee: dispositifs de lavage des mains, demonstration et site avec abris visibles."
DSC_1335.jpg,D:\Maquette_AFD\Banque des images AFD\Banque Images 2\Sensibilisation et dotation DDLM au site CECA 20 MAKOKO 1\DSC_1335.jpg,afd_wash_sensibilisation_dotation_lavage_mains_site_ceca_20_makoko_1_020.jpg,D:\Maquette_AFD\Banque des images AFD - Classees\06_wash\afd_wash_sensibilisation_dotation_lavage_mains_site_ceca_20_makoko_1_020.jpg,wash,sensibilisation_dotation_lavage_mains,eleve,"Planche-contact verifiee: dispositifs de lavage des mains, demonstration et site avec abris visibles."
DSC_1337.jpg,D:\Maquette_AFD\Banque des images AFD\Banque Images 2\Sensibilisation et dotation DDLM au site CECA 20 MAKOKO 1\DSC_1337.jpg,afd_wash_sensibilisation_dotation_lavage_mains_site_ceca_20_makoko_1_021.jpg,D:\Maquette_AFD\Banque des images AFD - Classees\06_wash\afd_wash_sensibilisation_dotation_lavage_mains_site_ceca_20_makoko_1_021.jpg,wash,sensibilisation_dotation_lavage_mains,eleve,"Planche-contact verifiee: dispositifs de lavage des mains, demonstration et site avec abris visibles."
DSC_1338.jpg,D:\Maquette_AFD\Banque des images AFD\Banque Images 2\Sensibilisation et dotation DDLM au site CECA 20 MAKOKO 1\DSC_1338.jpg,afd_wash_sensibilisation_dotation_lavage_mains_site_ceca_20_makoko_1_022.jpg,D:\Maquette_AFD\Banque des images AFD - Classees\06_wash\afd_wash_sensibilisation_dotation_lavage_mains_site_ceca_20_makoko_1_022.jpg,wash,sensibilisation_dotation_lavage_mains,eleve,"Planche-contact verifiee: dispositifs de lavage des mains, demonstration et site avec abris visibles."
DSC_1339.jpg,D:\Maquette_AFD\Banque des images AFD\Banque Images 2\Sensibilisation et dotation DDLM au site CECA 20 MAKOKO 1\DSC_1339.jpg,afd_wash_sensibilisation_dotation_lavage_mains_site_ceca_20_makoko_1_023.jpg,D:\Maquette_AFD\Banque des images AFD - Classees\06_wash\afd_wash_sensibilisation_dotation_lavage_mains_site_ceca_20_makoko_1_023.jpg,wash,sensibilisation_dotation_lavage_mains,eleve,"Planche-contact verifiee: dispositifs de lavage des mains, demonstration et site avec abris visibles."
DSC_1340.jpg,D:\Maquette_AFD\Banque des images AFD\Banque Images 2\Sensibilisation et dotation DDLM au site CECA 20 MAKOKO 1\DSC_1340.jpg,afd_wash_sensibilisation_dotation_lavage_mains_site_ceca_20_makoko_1_024.jpg,D:\Maquette_AFD\Banque des images AFD - Classees\06_wash\afd_wash_sensibilisation_dotation_lavage_mains_site_ceca_20_makoko_1_024.jpg,wash,sensibilisation_dotation_lavage_mains,eleve,"Planche-contact verifiee: dispositifs de lavage des mains, demonstration et site avec abris visibles."
DSC_1351.jpg,D:\Maquette_AFD\Banque des images AFD\Banque Images 2\Sensibilisation et dotation DDLM au site CECA 20 MAKOKO 1\DSC_1351.jpg,afd_wash_sensibilisation_dotation_lavage_mains_site_ceca_20_makoko_1_025.jpg,D:\Maquette_AFD\Banque des images AFD - Classees\06_wash\afd_wash_sensibilisation_dotation_lavage_mains_site_ceca_20_makoko_1_025.jpg,wash,sensibilisation_dotation_lavage_mains,eleve,"Planche-contact verifiee: dispositifs de lavage des mains, demonstration et site avec abris visibles."
DSC_1817.jpg,D:\Maquette_AFD\Banque des images AFD\Banque Images 2\Sensibilisation lavage des mains aux enfants du SITE CECA 20\DSC_1817.jpg,afd_wash_sensibilisation_lavage_mains_enfants_site_ceca_20_001.jpg,D:\Maquette_AFD\Banque des images AFD - Classees\06_wash\afd_wash_sensibilisation_lavage_mains_enfants_site_ceca_20_001.jpg,wash,sensibilisation_lavage_mains_enfants,eleve,"Planche-contact verifiee: enfants, demonstration d'hygiene et dispositif de lavage des mains."
DSC_1818.jpg,D:\Maquette_AFD\Banque des images AFD\Banque Images 2\Sensibilisation lavage des mains aux enfants du SITE CECA 20\DSC_1818.jpg,afd_wash_sensibilisation_lavage_mains_enfants_site_ceca_20_002.jpg,D:\Maquette_AFD\Banque des images AFD - Classees\06_wash\afd_wash_sensibilisation_lavage_mains_enfants_site_ceca_20_002.jpg,wash,sensibilisation_lavage_mains_enfants,eleve,"Planche-contact verifiee: enfants, demonstration d'hygiene et dispositif de lavage des mains."
DSC_1819.jpg,D:\Maquette_AFD\Banque des images AFD\Banque Images 2\Sensibilisation lavage des mains aux enfants du SITE CECA 20\DSC_1819.jpg,afd_wash_sensibilisation_lavage_mains_enfants_site_ceca_20_003.jpg,D:\Maquette_AFD\Banque des images AFD - Classees\06_wash\afd_wash_sensibilisation_lavage_mains_enfants_site_ceca_20_003.jpg,wash,sensibilisation_lavage_mains_enfants,eleve,"Planche-contact verifiee: enfants, demonstration d'hygiene et dispositif de lavage des mains."
DSC_1820.jpg,D:\Maquette_AFD\Banque des images AFD\Banque Images 2\Sensibilisation lavage des mains aux enfants du SITE CECA 20\DSC_1820.jpg,afd_wash_sensibilisation_lavage_mains_enfants_site_ceca_20_004.jpg,D:\Maquette_AFD\Banque des images AFD - Classees\06_wash\afd_wash_sensibilisation_lavage_mains_enfants_site_ceca_20_004.jpg,wash,sensibilisation_lavage_mains_enfants,eleve,"Planche-contact verifiee: enfants, demonstration d'hygiene et dispositif de lavage des mains."
DSC_1822.jpg,D:\Maquette_AFD\Banque des images AFD\Banque Images 2\Sensibilisation lavage des mains aux enfants du SITE CECA 20\DSC_1822.jpg,afd_wash_sensibilisation_lavage_mains_enfants_site_ceca_20_005.jpg,D:\Maquette_AFD\Banque des images AFD - Classees\06_wash\afd_wash_sensibilisation_lavage_mains_enfants_site_ceca_20_005.jpg,wash,sensibilisation_lavage_mains_enfants,eleve,"Planche-contact verifiee: enfants, demonstration d'hygiene et dispositif de lavage des mains."
DSC_1823.jpg,D:\Maquette_AFD\Banque des images AFD\Banque Images 2\Sensibilisation lavage des mains aux enfants du SITE CECA 20\DSC_1823.jpg,afd_wash_sensibilisation_lavage_mains_enfants_site_ceca_20_006.jpg,D:\Maquette_AFD\Banque des images AFD - Classees\06_wash\afd_wash_sensibilisation_lavage_mains_enfants_site_ceca_20_006.jpg,wash,sensibilisation_lavage_mains_enfants,eleve,"Planche-contact verifiee: enfants, demonstration d'hygiene et dispositif de lavage des mains."
DSC_1824.jpg,D:\Maquette_AFD\Banque des images AFD\Banque Images 2\Sensibilisation lavage des mains aux enfants du SITE CECA 20\DSC_1824.jpg,afd_wash_sensibilisation_lavage_mains_enfants_site_ceca_20_007.jpg,D:\Maquette_AFD\Banque des images AFD - Classees\06_wash\afd_wash_sensibilisation_lavage_mains_enfants_site_ceca_20_007.jpg,wash,sensibilisation_lavage_mains_enfants,eleve,"Planche-contact verifiee: enfants, demonstration d'hygiene et dispositif de lavage des mains."
DSC_1825.jpg,D:\Maquette_AFD\Banque des images AFD\Banque Images 2\Sensibilisation lavage des mains aux enfants du SITE CECA 20\DSC_1825.jpg,afd_wash_sensibilisation_lavage_mains_enfants_site_ceca_20_008.jpg,D:\Maquette_AFD\Banque des images AFD - Classees\06_wash\afd_wash_sensibilisation_lavage_mains_enfants_site_ceca_20_008.jpg,wash,sensibilisation_lavage_mains_enfants,eleve,"Planche-contact verifiee: enfants, demonstration d'hygiene et dispositif de lavage des mains."
DSC_1826.jpg,D:\Maquette_AFD\Banque des images AFD\Banque Images 2\Sensibilisation lavage des mains aux enfants du SITE CECA 20\DSC_1826.jpg,afd_wash_sensibilisation_lavage_mains_enfants_site_ceca_20_009.jpg,D:\Maquette_AFD\Banque des images AFD - Classees\06_wash\afd_wash_sensibilisation_lavage_mains_enfants_site_ceca_20_009.jpg,wash,sensibilisation_lavage_mains_enfants,eleve,"Planche-contact verifiee: enfants, demonstration d'hygiene et dispositif de lavage des mains."
DSC_1827.jpg,D:\Maquette_AFD\Banque des images AFD\Banque Images 2\Sensibilisation lavage des mains aux enfants du SITE CECA 20\DSC_1827.jpg,afd_wash_sensibilisation_lavage_mains_enfants_site_ceca_20_010.jpg,D:\Maquette_AFD\Banque des images AFD - Classees\06_wash\afd_wash_sensibilisation_lavage_mains_enfants_site_ceca_20_010.jpg,wash,sensibilisation_lavage_mains_enfants,eleve,"Planche-contact verifiee: enfants, demonstration d'hygiene et dispositif de lavage des mains."
DSC_1828.jpg,D:\Maquette_AFD\Banque des images AFD\Banque Images 2\Sensibilisation lavage des mains aux enfants du SITE CECA 20\DSC_1828.jpg,afd_wash_sensibilisation_lavage_mains_enfants_site_ceca_20_011.jpg,D:\Maquette_AFD\Banque des images AFD - Classees\06_wash\afd_wash_sensibilisation_lavage_mains_enfants_site_ceca_20_011.jpg,wash,sensibilisation_lavage_mains_enfants,eleve,"Planche-contact verifiee: enfants, demonstration d'hygiene et dispositif de lavage des mains."
DSC_1829.jpg,D:\Maquette_AFD\Banque des images AFD\Banque Images 2\Sensibilisation lavage des mains aux enfants du SITE CECA 20\DSC_1829.jpg,afd_wash_sensibilisation_lavage_mains_enfants_site_ceca_20_012.jpg,D:\Maquette_AFD\Banque des images AFD - Classees\06_wash\afd_wash_sensibilisation_lavage_mains_enfants_site_ceca_20_012.jpg,wash,sensibilisation_lavage_mains_enfants,eleve,"Planche-contact verifiee: enfants, demonstration d'hygiene et dispositif de lavage des mains."
DSC_1830.jpg,D:\Maquette_AFD\Banque des images AFD\Banque Images 2\Sensibilisation lavage des mains aux enfants du SITE CECA 20\DSC_1830.jpg,afd_wash_sensibilisation_lavage_mains_enfants_site_ceca_20_013.jpg,D:\Maquette_AFD\Banque des images AFD - Classees\06_wash\afd_wash_sensibilisation_lavage_mains_enfants_site_ceca_20_013.jpg,wash,sensibilisation_lavage_mains_enfants,eleve,"Planche-contact verifiee: enfants, demonstration d'hygiene et dispositif de lavage des mains."
DSC_1831.jpg,D:\Maquette_AFD\Banque des images AFD\Banque Images 2\Sensibilisation lavage des mains aux enfants du SITE CECA 20\DSC_1831.jpg,afd_wash_sensibilisation_lavage_mains_enfants_site_ceca_20_014.jpg,D:\Maquette_AFD\Banque des images AFD - Classees\06_wash\afd_wash_sensibilisation_lavage_mains_enfants_site_ceca_20_014.jpg,wash,sensibilisation_lavage_mains_enfants,eleve,"Planche-contact verifiee: enfants, demonstration d'hygiene et dispositif de lavage des mains."
DSC_1832.jpg,D:\Maquette_AFD\Banque des images AFD\Banque Images 2\Sensibilisation lavage des mains aux enfants du SITE CECA 20\DSC_1832.jpg,afd_wash_sensibilisation_lavage_mains_enfants_site_ceca_20_015.jpg,D:\Maquette_AFD\Banque des images AFD - Classees\06_wash\afd_wash_sensibilisation_lavage_mains_enfants_site_ceca_20_015.jpg,wash,sensibilisation_lavage_mains_enfants,eleve,"Planche-contact verifiee: enfants, demonstration d'hygiene et dispositif de lavage des mains."
DSC_1833.jpg,D:\Maquette_AFD\Banque des images AFD\Banque Images 2\Sensibilisation lavage des mains aux enfants du SITE CECA 20\DSC_1833.jpg,afd_wash_sensibilisation_lavage_mains_enfants_site_ceca_20_016.jpg,D:\Maquette_AFD\Banque des images AFD - Classees\06_wash\afd_wash_sensibilisation_lavage_mains_enfants_site_ceca_20_016.jpg,wash,sensibilisation_lavage_mains_enfants,eleve,"Planche-contact verifiee: enfants, demonstration d'hygiene et dispositif de lavage des mains."
DSC_1399.jpg,D:\Maquette_AFD\Banque des images AFD\Banque Images 2\Sensiilisation CPN SALAMA\DSC_1399.jpg,afd_sante_sensibilisation_cpn_salama_001.jpg,D:\Maquette_AFD\Banque des images AFD - Classees\01_sante\afd_sante_sensibilisation_cpn_salama_001.jpg,sante,sensibilisation_cpn,eleve,"Planche-contact verifiee: groupe de femmes, personnel et sensibilisation en contexte de sante."
DSC_1400.jpg,D:\Maquette_AFD\Banque des images AFD\Banque Images 2\Sensiilisation CPN SALAMA\DSC_1400.jpg,afd_sante_sensibilisation_cpn_salama_002.jpg,D:\Maquette_AFD\Banque des images AFD - Classees\01_sante\afd_sante_sensibilisation_cpn_salama_002.jpg,sante,sensibilisation_cpn,eleve,"Planche-contact verifiee: groupe de femmes, personnel et sensibilisation en contexte de sante."
DSC_1401.jpg,D:\Maquette_AFD\Banque des images AFD\Banque Images 2\Sensiilisation CPN SALAMA\DSC_1401.jpg,afd_sante_sensibilisation_cpn_salama_003.jpg,D:\Maquette_AFD\Banque des images AFD - Classees\01_sante\afd_sante_sensibilisation_cpn_salama_003.jpg,sante,sensibilisation_cpn,eleve,"Planche-contact verifiee: groupe de femmes, personnel et sensibilisation en contexte de sante."
DSC_1403.jpg,D:\Maquette_AFD\Banque des images AFD\Banque Images 2\Sensiilisation CPN SALAMA\DSC_1403.jpg,afd_sante_sensibilisation_cpn_salama_004.jpg,D:\Maquette_AFD\Banque des images AFD - Classees\01_sante\afd_sante_sensibilisation_cpn_salama_004.jpg,sante,sensibilisation_cpn,eleve,"Planche-contact verifiee: groupe de femmes, personnel et sensibilisation en contexte de sante."
DSC_1404.jpg,D:\Maquette_AFD\Banque des images AFD\Banque Images 2\Sensiilisation CPN SALAMA\DSC_1404.jpg,afd_sante_sensibilisation_cpn_salama_005.jpg,D:\Maquette_AFD\Banque des images AFD - Classees\01_sante\afd_sante_sensibilisation_cpn_salama_005.jpg,sante,sensibilisation_cpn,eleve,"Planche-contact verifiee: groupe de femmes, personnel et sensibilisation en contexte de sante."
DSC_1405.jpg,D:\Maquette_AFD\Banque des images AFD\Banque Images 2\Sensiilisation CPN SALAMA\DSC_1405.jpg,afd_sante_sensibilisation_cpn_salama_006.jpg,D:\Maquette_AFD\Banque des images AFD - Classees\01_sante\afd_sante_sensibilisation_cpn_salama_006.jpg,sante,sensibilisation_cpn,eleve,"Planche-contact verifiee: groupe de femmes, personnel et sensibilisation en contexte de sante."
DSC_1406.jpg,D:\Maquette_AFD\Banque des images AFD\Banque Images 2\Sensiilisation CPN SALAMA\DSC_1406.jpg,afd_sante_sensibilisation_cpn_salama_007.jpg,D:\Maquette_AFD\Banque des images AFD - Classees\01_sante\afd_sante_sensibilisation_cpn_salama_007.jpg,sante,sensibilisation_cpn,eleve,"Planche-contact verifiee: groupe de femmes, personnel et sensibilisation en contexte de sante."
DSC_1407.jpg,D:\Maquette_AFD\Banque des images AFD\Banque Images 2\Sensiilisation CPN SALAMA\DSC_1407.jpg,afd_sante_sensibilisation_cpn_salama_008.jpg,D:\Maquette_AFD\Banque des images AFD - Classees\01_sante\afd_sante_sensibilisation_cpn_salama_008.jpg,sante,sensibilisation_cpn,eleve,"Planche-contact verifiee: groupe de femmes, personnel et sensibilisation en contexte de sante."
DSC_1408.jpg,D:\Maquette_AFD\Banque des images AFD\Banque Images 2\Sensiilisation CPN SALAMA\DSC_1408.jpg,afd_sante_sensibilisation_cpn_salama_009.jpg,D:\Maquette_AFD\Banque des images AFD - Classees\01_sante\afd_sante_sensibilisation_cpn_salama_009.jpg,sante,sensibilisation_cpn,eleve,"Planche-contact verifiee: groupe de femmes, personnel et sensibilisation en contexte de sante."
DSC_1409.jpg,D:\Maquette_AFD\Banque des images AFD\Banque Images 2\Sensiilisation CPN SALAMA\DSC_1409.jpg,afd_sante_sensibilisation_cpn_salama_010.jpg,D:\Maquette_AFD\Banque des images AFD - Classees\01_sante\afd_sante_sensibilisation_cpn_salama_010.jpg,sante,sensibilisation_cpn,eleve,"Planche-contact verifiee: groupe de femmes, personnel et sensibilisation en contexte de sante."
DSC_1410.jpg,D:\Maquette_AFD\Banque des images AFD\Banque Images 2\Sensiilisation CPN SALAMA\DSC_1410.jpg,afd_sante_sensibilisation_cpn_salama_011.jpg,D:\Maquette_AFD\Banque des images AFD - Classees\01_sante\afd_sante_sensibilisation_cpn_salama_011.jpg,sante,sensibilisation_cpn,eleve,"Planche-contact verifiee: groupe de femmes, personnel et sensibilisation en contexte de sante."
DSC_1411.jpg,D:\Maquette_AFD\Banque des images AFD\Banque Images 2\Sensiilisation CPN SALAMA\DSC_1411.jpg,afd_sante_sensibilisation_cpn_salama_012.jpg,D:\Maquette_AFD\Banque des images AFD - Classees\01_sante\afd_sante_sensibilisation_cpn_salama_012.jpg,sante,sensibilisation_cpn,eleve,"Planche-contact verifiee: groupe de femmes, personnel et sensibilisation en contexte de sante."
DSC_1412.jpg,D:\Maquette_AFD\Banque des images AFD\Banque Images 2\Sensiilisation CPN SALAMA\DSC_1412.jpg,afd_sante_sensibilisation_cpn_salama_013.jpg,D:\Maquette_AFD\Banque des images AFD - Classees\01_sante\afd_sante_sensibilisation_cpn_salama_013.jpg,sante,sensibilisation_cpn,eleve,"Planche-contact verifiee: groupe de femmes, personnel et sensibilisation en contexte de sante."
DSC_1807.jpg,D:\Maquette_AFD\Banque des images AFD\Banque Images 2\Sensiilisation CPN SALAMA\DSC_1807.jpg,afd_sante_sensibilisation_cpn_salama_014.jpg,D:\Maquette_AFD\Banque des images AFD - Classees\01_sante\afd_sante_sensibilisation_cpn_salama_014.jpg,sante,sensibilisation_cpn,eleve,"Planche-contact verifiee: groupe de femmes, personnel et sensibilisation en contexte de sante."
DSC_1808.jpg,D:\Maquette_AFD\Banque des images AFD\Banque Images 2\Sensiilisation CPN SALAMA\DSC_1808.jpg,afd_sante_sensibilisation_cpn_salama_015.jpg,D:\Maquette_AFD\Banque des images AFD - Classees\01_sante\afd_sante_sensibilisation_cpn_salama_015.jpg,sante,sensibilisation_cpn,eleve,"Planche-contact verifiee: groupe de femmes, personnel et sensibilisation en contexte de sante."
DSC_1810.jpg,D:\Maquette_AFD\Banque des images AFD\Banque Images 2\Sensiilisation CPN SALAMA\DSC_1810.jpg,afd_sante_sensibilisation_cpn_salama_016.jpg,D:\Maquette_AFD\Banque des images AFD - Classees\01_sante\afd_sante_sensibilisation_cpn_salama_016.jpg,sante,sensibilisation_cpn,eleve,"Planche-contact verifiee: groupe de femmes, personnel et sensibilisation en contexte de sante."
DSC_1812.jpg,D:\Maquette_AFD\Banque des images AFD\Banque Images 2\Sensiilisation CPN SALAMA\DSC_1812.jpg,afd_sante_sensibilisation_cpn_salama_017.jpg,D:\Maquette_AFD\Banque des images AFD - Classees\01_sante\afd_sante_sensibilisation_cpn_salama_017.jpg,sante,sensibilisation_cpn,eleve,"Planche-contact verifiee: groupe de femmes, personnel et sensibilisation en contexte de sante."
DSC_1813.jpg,D:\Maquette_AFD\Banque des images AFD\Banque Images 2\Sensiilisation CPN SALAMA\DSC_1813.jpg,afd_sante_sensibilisation_cpn_salama_018.jpg,D:\Maquette_AFD\Banque des images AFD - Classees\01_sante\afd_sante_sensibilisation_cpn_salama_018.jpg,sante,sensibilisation_cpn,eleve,"Planche-contact verifiee: groupe de femmes, personnel et sensibilisation en contexte de sante."
DSC_1357.jpg,D:\Maquette_AFD\Banque des images AFD\Banque Images 2\Supervision formative AIRE DE SENTE SALAMA\DSC_1357.jpg,afd_sante_supervision_formative_salama_001.jpg,D:\Maquette_AFD\Banque des images AFD - Classees\01_sante\afd_sante_supervision_formative_salama_001.jpg,sante,supervision_formative,eleve,"Planche-contact verifiee: personnel en tenue de sante, demonstration et supervision formative."
DSC_1358.jpg,D:\Maquette_AFD\Banque des images AFD\Banque Images 2\Supervision formative AIRE DE SENTE SALAMA\DSC_1358.jpg,afd_sante_supervision_formative_salama_002.jpg,D:\Maquette_AFD\Banque des images AFD - Classees\01_sante\afd_sante_supervision_formative_salama_002.jpg,sante,supervision_formative,eleve,"Planche-contact verifiee: personnel en tenue de sante, demonstration et supervision formative."
DSC_1360.jpg,D:\Maquette_AFD\Banque des images AFD\Banque Images 2\Supervision formative AIRE DE SENTE SALAMA\DSC_1360.jpg,afd_sante_supervision_formative_salama_003.jpg,D:\Maquette_AFD\Banque des images AFD - Classees\01_sante\afd_sante_supervision_formative_salama_003.jpg,sante,supervision_formative,eleve,"Planche-contact verifiee: personnel en tenue de sante, demonstration et supervision formative."
DSC_1361.jpg,D:\Maquette_AFD\Banque des images AFD\Banque Images 2\Supervision formative AIRE DE SENTE SALAMA\DSC_1361.jpg,afd_sante_supervision_formative_salama_004.jpg,D:\Maquette_AFD\Banque des images AFD - Classees\01_sante\afd_sante_supervision_formative_salama_004.jpg,sante,supervision_formative,eleve,"Planche-contact verifiee: personnel en tenue de sante, demonstration et supervision formative."
DSC_1362.jpg,D:\Maquette_AFD\Banque des images AFD\Banque Images 2\Supervision formative AIRE DE SENTE SALAMA\DSC_1362.jpg,afd_sante_supervision_formative_salama_005.jpg,D:\Maquette_AFD\Banque des images AFD - Classees\01_sante\afd_sante_supervision_formative_salama_005.jpg,sante,supervision_formative,eleve,"Planche-contact verifiee: personnel en tenue de sante, demonstration et supervision formative."
DSC_1363.jpg,D:\Maquette_AFD\Banque des images AFD\Banque Images 2\Supervision formative AIRE DE SENTE SALAMA\DSC_1363.jpg,afd_sante_supervision_formative_salama_006.jpg,D:\Maquette_AFD\Banque des images AFD - Classees\01_sante\afd_sante_supervision_formative_salama_006.jpg,sante,supervision_formative,eleve,"Planche-contact verifiee: personnel en tenue de sante, demonstration et supervision formative."
DSC_1364.jpg,D:\Maquette_AFD\Banque des images AFD\Banque Images 2\Supervision formative AIRE DE SENTE SALAMA\DSC_1364.jpg,afd_sante_supervision_formative_salama_007.jpg,D:\Maquette_AFD\Banque des images AFD - Classees\01_sante\afd_sante_supervision_formative_salama_007.jpg,sante,supervision_formative,eleve,"Planche-contact verifiee: personnel en tenue de sante, demonstration et supervision formative."
DSC_1365.jpg,D:\Maquette_AFD\Banque des images AFD\Banque Images 2\Supervision formative AIRE DE SENTE SALAMA\DSC_1365.jpg,afd_sante_supervision_formative_salama_008.jpg,D:\Maquette_AFD\Banque des images AFD - Classees\01_sante\afd_sante_supervision_formative_salama_008.jpg,sante,supervision_formative,eleve,"Planche-contact verifiee: personnel en tenue de sante, demonstration et supervision formative."
DSC_1369.jpg,D:\Maquette_AFD\Banque des images AFD\Banque Images 2\Supervision formative AIRE DE SENTE SALAMA\DSC_1369.jpg,afd_sante_supervision_formative_salama_009.jpg,D:\Maquette_AFD\Banque des images AFD - Classees\01_sante\afd_sante_supervision_formative_salama_009.jpg,sante,supervision_formative,eleve,"Planche-contact verifiee: personnel en tenue de sante, demonstration et supervision formative."
DSC_1370.jpg,D:\Maquette_AFD\Banque des images AFD\Banque Images 2\Supervision formative AIRE DE SENTE SALAMA\DSC_1370.jpg,afd_sante_supervision_formative_salama_010.jpg,D:\Maquette_AFD\Banque des images AFD - Classees\01_sante\afd_sante_supervision_formative_salama_010.jpg,sante,supervision_formative,eleve,"Planche-contact verifiee: personnel en tenue de sante, demonstration et supervision formative."
DSC_1371.jpg,D:\Maquette_AFD\Banque des images AFD\Banque Images 2\Supervision formative AIRE DE SENTE SALAMA\DSC_1371.jpg,afd_sante_supervision_formative_salama_011.jpg,D:\Maquette_AFD\Banque des images AFD - Classees\01_sante\afd_sante_supervision_formative_salama_011.jpg,sante,supervision_formative,eleve,"Planche-contact verifiee: personnel en tenue de sante, demonstration et supervision formative."
DSC_1372.jpg,D:\Maquette_AFD\Banque des images AFD\Banque Images 2\Supervision formative AIRE DE SENTE SALAMA\DSC_1372.jpg,afd_sante_supervision_formative_salama_012.jpg,D:\Maquette_AFD\Banque des images AFD - Classees\01_sante\afd_sante_supervision_formative_salama_012.jpg,sante,supervision_formative,eleve,"Planche-contact verifiee: personnel en tenue de sante, demonstration et supervision formative."
DSC_1373.jpg,D:\Maquette_AFD\Banque des images AFD\Banque Images 2\Supervision formative AIRE DE SENTE SALAMA\DSC_1373.jpg,afd_sante_supervision_formative_salama_013.jpg,D:\Maquette_AFD\Banque des images AFD - Classees\01_sante\afd_sante_supervision_formative_salama_013.jpg,sante,supervision_formative,eleve,"Planche-contact verifiee: personnel en tenue de sante, demonstration et supervision formative."
DSC_1374.jpg,D:\Maquette_AFD\Banque des images AFD\Banque Images 2\Supervision formative AIRE DE SENTE SALAMA\DSC_1374.jpg,afd_sante_supervision_formative_salama_014.jpg,D:\Maquette_AFD\Banque des images AFD - Classees\01_sante\afd_sante_supervision_formative_salama_014.jpg,sante,supervision_formative,eleve,"Planche-contact verifiee: personnel en tenue de sante, demonstration et supervision formative."
DSC_1375.jpg,D:\Maquette_AFD\Banque des images AFD\Banque Images 2\Supervision formative AIRE DE SENTE SALAMA\DSC_1375.jpg,afd_sante_supervision_formative_salama_015.jpg,D:\Maquette_AFD\Banque des images AFD - Classees\01_sante\afd_sante_supervision_formative_salama_015.jpg,sante,supervision_formative,eleve,"Planche-contact verifiee: personnel en tenue de sante, demonstration et supervision formative."
DSC_1376.jpg,D:\Maquette_AFD\Banque des images AFD\Banque Images 2\Supervision formative AIRE DE SENTE SALAMA\DSC_1376.jpg,afd_sante_supervision_formative_salama_016.jpg,D:\Maquette_AFD\Banque des images AFD - Classees\01_sante\afd_sante_supervision_formative_salama_016.jpg,sante,supervision_formative,eleve,"Planche-contact verifiee: personnel en tenue de sante, demonstration et supervision formative."
DSC_1377.jpg,D:\Maquette_AFD\Banque des images AFD\Banque Images 2\Supervision formative AIRE DE SENTE SALAMA\DSC_1377.jpg,afd_sante_supervision_formative_salama_017.jpg,D:\Maquette_AFD\Banque des images AFD - Classees\01_sante\afd_sante_supervision_formative_salama_017.jpg,sante,supervision_formative,eleve,"Planche-contact verifiee: personnel en tenue de sante, demonstration et supervision formative."
DSC_1223.jpg,D:\Maquette_AFD\Banque des images AFD\Banque Images 2\VISITE D_ÉVALUATION AU SITE DE PERSONNES DÉPLACÉES CECA-20 MAKOKO 1\DSC_1223.jpg,afd_missions_terrain_visite_evaluation_site_deplaces_site_ceca_20_makoko_1_001.jpg,D:\Maquette_AFD\Banque des images AFD - Classees\17_missions_terrain\afd_missions_terrain_visite_evaluation_site_deplaces_site_ceca_20_makoko_1_001.jpg,missions_terrain,visite_evaluation_site_deplaces,eleve,"Planche-contact verifiee: deplacement terrain, abris, point d'eau et echanges communautaires."
DSC_1224.jpg,D:\Maquette_AFD\Banque des images AFD\Banque Images 2\VISITE D_ÉVALUATION AU SITE DE PERSONNES DÉPLACÉES CECA-20 MAKOKO 1\DSC_1224.jpg,afd_missions_terrain_visite_evaluation_site_deplaces_site_ceca_20_makoko_1_002.jpg,D:\Maquette_AFD\Banque des images AFD - Classees\17_missions_terrain\afd_missions_terrain_visite_evaluation_site_deplaces_site_ceca_20_makoko_1_002.jpg,missions_terrain,visite_evaluation_site_deplaces,eleve,"Planche-contact verifiee: deplacement terrain, abris, point d'eau et echanges communautaires."
DSC_1225.jpg,D:\Maquette_AFD\Banque des images AFD\Banque Images 2\VISITE D_ÉVALUATION AU SITE DE PERSONNES DÉPLACÉES CECA-20 MAKOKO 1\DSC_1225.jpg,afd_missions_terrain_visite_evaluation_site_deplaces_site_ceca_20_makoko_1_003.jpg,D:\Maquette_AFD\Banque des images AFD - Classees\17_missions_terrain\afd_missions_terrain_visite_evaluation_site_deplaces_site_ceca_20_makoko_1_003.jpg,missions_terrain,visite_evaluation_site_deplaces,eleve,"Planche-contact verifiee: deplacement terrain, abris, point d'eau et echanges communautaires."
DSC_1226.jpg,D:\Maquette_AFD\Banque des images AFD\Banque Images 2\VISITE D_ÉVALUATION AU SITE DE PERSONNES DÉPLACÉES CECA-20 MAKOKO 1\DSC_1226.jpg,afd_missions_terrain_visite_evaluation_site_deplaces_site_ceca_20_makoko_1_004.jpg,D:\Maquette_AFD\Banque des images AFD - Classees\17_missions_terrain\afd_missions_terrain_visite_evaluation_site_deplaces_site_ceca_20_makoko_1_004.jpg,missions_terrain,visite_evaluation_site_deplaces,eleve,"Planche-contact verifiee: deplacement terrain, abris, point d'eau et echanges communautaires."
DSC_1227.jpg,D:\Maquette_AFD\Banque des images AFD\Banque Images 2\VISITE D_ÉVALUATION AU SITE DE PERSONNES DÉPLACÉES CECA-20 MAKOKO 1\DSC_1227.jpg,afd_missions_terrain_visite_evaluation_site_deplaces_site_ceca_20_makoko_1_005.jpg,D:\Maquette_AFD\Banque des images AFD - Classees\17_missions_terrain\afd_missions_terrain_visite_evaluation_site_deplaces_site_ceca_20_makoko_1_005.jpg,missions_terrain,visite_evaluation_site_deplaces,eleve,"Planche-contact verifiee: deplacement terrain, abris, point d'eau et echanges communautaires."
DSC_1229.jpg,D:\Maquette_AFD\Banque des images AFD\Banque Images 2\VISITE D_ÉVALUATION AU SITE DE PERSONNES DÉPLACÉES CECA-20 MAKOKO 1\DSC_1229.jpg,afd_missions_terrain_visite_evaluation_site_deplaces_site_ceca_20_makoko_1_006.jpg,D:\Maquette_AFD\Banque des images AFD - Classees\17_missions_terrain\afd_missions_terrain_visite_evaluation_site_deplaces_site_ceca_20_makoko_1_006.jpg,missions_terrain,visite_evaluation_site_deplaces,eleve,"Planche-contact verifiee: deplacement terrain, abris, point d'eau et echanges communautaires."
DSC_1230.jpg,D:\Maquette_AFD\Banque des images AFD\Banque Images 2\VISITE D_ÉVALUATION AU SITE DE PERSONNES DÉPLACÉES CECA-20 MAKOKO 1\DSC_1230.jpg,afd_missions_terrain_visite_evaluation_site_deplaces_site_ceca_20_makoko_1_007.jpg,D:\Maquette_AFD\Banque des images AFD - Classees\17_missions_terrain\afd_missions_terrain_visite_evaluation_site_deplaces_site_ceca_20_makoko_1_007.jpg,missions_terrain,visite_evaluation_site_deplaces,eleve,"Planche-contact verifiee: deplacement terrain, abris, point d'eau et echanges communautaires."
DSC_1231.jpg,D:\Maquette_AFD\Banque des images AFD\Banque Images 2\VISITE D_ÉVALUATION AU SITE DE PERSONNES DÉPLACÉES CECA-20 MAKOKO 1\DSC_1231.jpg,afd_missions_terrain_visite_evaluation_site_deplaces_site_ceca_20_makoko_1_008.jpg,D:\Maquette_AFD\Banque des images AFD - Classees\17_missions_terrain\afd_missions_terrain_visite_evaluation_site_deplaces_site_ceca_20_makoko_1_008.jpg,missions_terrain,visite_evaluation_site_deplaces,eleve,"Planche-contact verifiee: deplacement terrain, abris, point d'eau et echanges communautaires."
DSC_1232.jpg,D:\Maquette_AFD\Banque des images AFD\Banque Images 2\VISITE D_ÉVALUATION AU SITE DE PERSONNES DÉPLACÉES CECA-20 MAKOKO 1\DSC_1232.jpg,afd_missions_terrain_visite_evaluation_site_deplaces_site_ceca_20_makoko_1_009.jpg,D:\Maquette_AFD\Banque des images AFD - Classees\17_missions_terrain\afd_missions_terrain_visite_evaluation_site_deplaces_site_ceca_20_makoko_1_009.jpg,missions_terrain,visite_evaluation_site_deplaces,eleve,"Planche-contact verifiee: deplacement terrain, abris, point d'eau et echanges communautaires."
DSC_1233.jpg,D:\Maquette_AFD\Banque des images AFD\Banque Images 2\VISITE D_ÉVALUATION AU SITE DE PERSONNES DÉPLACÉES CECA-20 MAKOKO 1\DSC_1233.jpg,afd_missions_terrain_visite_evaluation_site_deplaces_site_ceca_20_makoko_1_010.jpg,D:\Maquette_AFD\Banque des images AFD - Classees\17_missions_terrain\afd_missions_terrain_visite_evaluation_site_deplaces_site_ceca_20_makoko_1_010.jpg,missions_terrain,visite_evaluation_site_deplaces,eleve,"Planche-contact verifiee: deplacement terrain, abris, point d'eau et echanges communautaires."
DSC_1235.jpg,D:\Maquette_AFD\Banque des images AFD\Banque Images 2\VISITE D_ÉVALUATION AU SITE DE PERSONNES DÉPLACÉES CECA-20 MAKOKO 1\DSC_1235.jpg,afd_missions_terrain_visite_evaluation_site_deplaces_site_ceca_20_makoko_1_011.jpg,D:\Maquette_AFD\Banque des images AFD - Classees\17_missions_terrain\afd_missions_terrain_visite_evaluation_site_deplaces_site_ceca_20_makoko_1_011.jpg,missions_terrain,visite_evaluation_site_deplaces,eleve,"Planche-contact verifiee: deplacement terrain, abris, point d'eau et echanges communautaires."
DSC_1236.jpg,D:\Maquette_AFD\Banque des images AFD\Banque Images 2\VISITE D_ÉVALUATION AU SITE DE PERSONNES DÉPLACÉES CECA-20 MAKOKO 1\DSC_1236.jpg,afd_missions_terrain_visite_evaluation_site_deplaces_site_ceca_20_makoko_1_012.jpg,D:\Maquette_AFD\Banque des images AFD - Classees\17_missions_terrain\afd_missions_terrain_visite_evaluation_site_deplaces_site_ceca_20_makoko_1_012.jpg,missions_terrain,visite_evaluation_site_deplaces,eleve,"Planche-contact verifiee: deplacement terrain, abris, point d'eau et echanges communautaires."
DSC_1245.jpg,D:\Maquette_AFD\Banque des images AFD\Banque Images 2\VISITE D_ÉVALUATION AU SITE DE PERSONNES DÉPLACÉES CECA-20 MAKOKO 1\DSC_1245.jpg,afd_missions_terrain_visite_evaluation_site_deplaces_site_ceca_20_makoko_1_013.jpg,D:\Maquette_AFD\Banque des images AFD - Classees\17_missions_terrain\afd_missions_terrain_visite_evaluation_site_deplaces_site_ceca_20_makoko_1_013.jpg,missions_terrain,visite_evaluation_site_deplaces,eleve,"Planche-contact verifiee: deplacement terrain, abris, point d'eau et echanges communautaires."
DSC_1248.jpg,D:\Maquette_AFD\Banque des images AFD\Banque Images 2\VISITE D_ÉVALUATION AU SITE DE PERSONNES DÉPLACÉES CECA-20 MAKOKO 1\DSC_1248.jpg,afd_missions_terrain_visite_evaluation_site_deplaces_site_ceca_20_makoko_1_014.jpg,D:\Maquette_AFD\Banque des images AFD - Classees\17_missions_terrain\afd_missions_terrain_visite_evaluation_site_deplaces_site_ceca_20_makoko_1_014.jpg,missions_terrain,visite_evaluation_site_deplaces,eleve,"Planche-contact verifiee: deplacement terrain, abris, point d'eau et echanges communautaires."
DSC_1249.jpg,D:\Maquette_AFD\Banque des images AFD\Banque Images 2\VISITE D_ÉVALUATION AU SITE DE PERSONNES DÉPLACÉES CECA-20 MAKOKO 1\DSC_1249.jpg,afd_missions_terrain_visite_evaluation_site_deplaces_site_ceca_20_makoko_1_015.jpg,D:\Maquette_AFD\Banque des images AFD - Classees\17_missions_terrain\afd_missions_terrain_visite_evaluation_site_deplaces_site_ceca_20_makoko_1_015.jpg,missions_terrain,visite_evaluation_site_deplaces,eleve,"Planche-contact verifiee: deplacement terrain, abris, point d'eau et echanges communautaires."
DSC_1250.jpg,D:\Maquette_AFD\Banque des images AFD\Banque Images 2\VISITE D_ÉVALUATION AU SITE DE PERSONNES DÉPLACÉES CECA-20 MAKOKO 1\DSC_1250.jpg,afd_missions_terrain_visite_evaluation_site_deplaces_site_ceca_20_makoko_1_016.jpg,D:\Maquette_AFD\Banque des images AFD - Classees\17_missions_terrain\afd_missions_terrain_visite_evaluation_site_deplaces_site_ceca_20_makoko_1_016.jpg,missions_terrain,visite_evaluation_site_deplaces,eleve,"Planche-contact verifiee: deplacement terrain, abris, point d'eau et echanges communautaires."
DSC_1251.jpg,D:\Maquette_AFD\Banque des images AFD\Banque Images 2\VISITE D_ÉVALUATION AU SITE DE PERSONNES DÉPLACÉES CECA-20 MAKOKO 1\DSC_1251.jpg,afd_missions_terrain_visite_evaluation_site_deplaces_site_ceca_20_makoko_1_017.jpg,D:\Maquette_AFD\Banque des images AFD - Classees\17_missions_terrain\afd_missions_terrain_visite_evaluation_site_deplaces_site_ceca_20_makoko_1_017.jpg,missions_terrain,visite_evaluation_site_deplaces,eleve,"Planche-contact verifiee: deplacement terrain, abris, point d'eau et echanges communautaires."
DSC_1252.jpg,D:\Maquette_AFD\Banque des images AFD\Banque Images 2\VISITE D_ÉVALUATION AU SITE DE PERSONNES DÉPLACÉES CECA-20 MAKOKO 1\DSC_1252.jpg,afd_missions_terrain_visite_evaluation_site_deplaces_site_ceca_20_makoko_1_018.jpg,D:\Maquette_AFD\Banque des images AFD - Classees\17_missions_terrain\afd_missions_terrain_visite_evaluation_site_deplaces_site_ceca_20_makoko_1_018.jpg,missions_terrain,visite_evaluation_site_deplaces,eleve,"Planche-contact verifiee: deplacement terrain, abris, point d'eau et echanges communautaires."
DSC_1253.jpg,D:\Maquette_AFD\Banque des images AFD\Banque Images 2\VISITE D_ÉVALUATION AU SITE DE PERSONNES DÉPLACÉES CECA-20 MAKOKO 1\DSC_1253.jpg,afd_missions_terrain_visite_evaluation_site_deplaces_site_ceca_20_makoko_1_019.jpg,D:\Maquette_AFD\Banque des images AFD - Classees\17_missions_terrain\afd_missions_terrain_visite_evaluation_site_deplaces_site_ceca_20_makoko_1_019.jpg,missions_terrain,visite_evaluation_site_deplaces,eleve,"Planche-contact verifiee: deplacement terrain, abris, point d'eau et echanges communautaires."
DSC_1254.jpg,D:\Maquette_AFD\Banque des images AFD\Banque Images 2\VISITE D_ÉVALUATION AU SITE DE PERSONNES DÉPLACÉES CECA-20 MAKOKO 1\DSC_1254.jpg,afd_missions_terrain_visite_evaluation_site_deplaces_site_ceca_20_makoko_1_020.jpg,D:\Maquette_AFD\Banque des images AFD - Classees\17_missions_terrain\afd_missions_terrain_visite_evaluation_site_deplaces_site_ceca_20_makoko_1_020.jpg,missions_terrain,visite_evaluation_site_deplaces,eleve,"Planche-contact verifiee: deplacement terrain, abris, point d'eau et echanges communautaires."
DSC_1194.jpg,D:\Maquette_AFD\Banque des images AFD\Banque Images 2\VISITE EVALUATION SALAMA\DSC_1194.jpg,afd_missions_terrain_visite_evaluation_salama_001.jpg,D:\Maquette_AFD\Banque des images AFD - Classees\17_missions_terrain\afd_missions_terrain_visite_evaluation_salama_001.jpg,missions_terrain,visite_evaluation,eleve,"Planche-contact verifiee: visite de site, documents, personnel et contexte de sante."
DSC_1200.jpg,D:\Maquette_AFD\Banque des images AFD\Banque Images 2\VISITE EVALUATION SALAMA\DSC_1200.jpg,afd_missions_terrain_visite_evaluation_salama_002.jpg,D:\Maquette_AFD\Banque des images AFD - Classees\17_missions_terrain\afd_missions_terrain_visite_evaluation_salama_002.jpg,missions_terrain,visite_evaluation,eleve,"Planche-contact verifiee: visite de site, documents, personnel et contexte de sante."
DSC_1204.jpg,D:\Maquette_AFD\Banque des images AFD\Banque Images 2\VISITE EVALUATION SALAMA\DSC_1204.jpg,afd_missions_terrain_visite_evaluation_salama_003.jpg,D:\Maquette_AFD\Banque des images AFD - Classees\17_missions_terrain\afd_missions_terrain_visite_evaluation_salama_003.jpg,missions_terrain,visite_evaluation,eleve,"Planche-contact verifiee: visite de site, documents, personnel et contexte de sante."
DSC_1207.jpg,D:\Maquette_AFD\Banque des images AFD\Banque Images 2\VISITE EVALUATION SALAMA\DSC_1207.jpg,afd_missions_terrain_visite_evaluation_salama_004.jpg,D:\Maquette_AFD\Banque des images AFD - Classees\17_missions_terrain\afd_missions_terrain_visite_evaluation_salama_004.jpg,missions_terrain,visite_evaluation,eleve,"Planche-contact verifiee: visite de site, documents, personnel et contexte de sante."
DSC_1208.jpg,D:\Maquette_AFD\Banque des images AFD\Banque Images 2\VISITE EVALUATION SALAMA\DSC_1208.jpg,afd_missions_terrain_visite_evaluation_salama_005.jpg,D:\Maquette_AFD\Banque des images AFD - Classees\17_missions_terrain\afd_missions_terrain_visite_evaluation_salama_005.jpg,missions_terrain,visite_evaluation,eleve,"Planche-contact verifiee: visite de site, documents, personnel et contexte de sante."
DSC_1210.jpg,D:\Maquette_AFD\Banque des images AFD\Banque Images 2\VISITE EVALUATION SALAMA\DSC_1210.jpg,afd_missions_terrain_visite_evaluation_salama_006.jpg,D:\Maquette_AFD\Banque des images AFD - Classees\17_missions_terrain\afd_missions_terrain_visite_evaluation_salama_006.jpg,missions_terrain,visite_evaluation,eleve,"Planche-contact verifiee: visite de site, documents, personnel et contexte de sante."
DSC_1211.jpg,D:\Maquette_AFD\Banque des images AFD\Banque Images 2\VISITE EVALUATION SALAMA\DSC_1211.jpg,afd_missions_terrain_visite_evaluation_salama_007.jpg,D:\Maquette_AFD\Banque des images AFD - Classees\17_missions_terrain\afd_missions_terrain_visite_evaluation_salama_007.jpg,missions_terrain,visite_evaluation,eleve,"Planche-contact verifiee: visite de site, documents, personnel et contexte de sante."
DSC_1213.jpg,D:\Maquette_AFD\Banque des images AFD\Banque Images 2\VISITE EVALUATION SALAMA\DSC_1213.jpg,afd_missions_terrain_visite_evaluation_salama_008.jpg,D:\Maquette_AFD\Banque des images AFD - Classees\17_missions_terrain\afd_missions_terrain_visite_evaluation_salama_008.jpg,missions_terrain,visite_evaluation,eleve,"Planche-contact verifiee: visite de site, documents, personnel et contexte de sante."
